category,relative_path
route,node_modules\.vite\deps\react-router-dom.js
route,node_modules\color-convert\route.js
route,src\AppRoutes.tsx
route,src\components\ProtectedRoute.tsx
service,node_modules\@babel\core\lib\config\helpers\config-api.js
service,node_modules\@typescript-eslint\project-service\dist\createProjectService.d.ts
service,node_modules\@typescript-eslint\project-service\dist\createProjectService.js
service,node_modules\@typescript-eslint\typescript-estree\dist\createParserServices.d.ts
service,node_modules\@typescript-eslint\typescript-estree\dist\createParserServices.js
service,node_modules\@typescript-eslint\typescript-estree\dist\useProgramFromProjectService.d.ts
service,node_modules\@typescript-eslint\typescript-estree\dist\useProgramFromProjectService.js
service,node_modules\@typescript-eslint\utils\dist\eslint-utils\getParserServices.d.ts
service,node_modules\@typescript-eslint\utils\dist\eslint-utils\getParserServices.js
service,node_modules\caniuse-lite\data\features\audio-api.js
service,node_modules\caniuse-lite\data\features\cookie-store-api.js
service,node_modules\caniuse-lite\data\features\css-paint-api.js
service,node_modules\caniuse-lite\data\features\css-supports-api.js
service,node_modules\caniuse-lite\data\features\fileapi.js
service,node_modules\caniuse-lite\data\features\native-filesystem-api.js
service,node_modules\caniuse-lite\data\features\permissions-api.js
service,node_modules\caniuse-lite\data\features\push-api.js
service,node_modules\caniuse-lite\data\features\selection-api.js
service,node_modules\caniuse-lite\data\features\serviceworkers.js
service,node_modules\eslint\lib\api.js
service,node_modules\eslint\lib\config-api.js
service,node_modules\eslint\lib\unsupported-api.js
service,node_modules\eslint\lib\rules\capitalized-comments.js
service,node_modules\eslint\lib\services\parser-service.js
service,node_modules\eslint\lib\services\processor-service.js
service,node_modules\eslint\lib\services\suppressions-service.js
service,node_modules\eslint\lib\services\warning-service.js
service,node_modules\eslint\lib\types\config-api.d.ts
service,node_modules\jsdom\lib\api.js
service,node_modules\msw\lib\mockServiceWorker.js
service,node_modules\msw\lib\core\experimental\setup-api.d.ts
service,node_modules\msw\lib\core\experimental\setup-api.js
service,node_modules\msw\src\mockServiceWorker.js
service,node_modules\msw\src\browser\sources\service-worker-source.ts
service,node_modules\msw\src\core\experimental\setup-api.ts
service,node_modules\nwsapi\src\nwsapi.js
service,node_modules\nwsapi\src\modules\nwsapi-jquery.js
service,node_modules\nwsapi\src\modules\nwsapi-traversal.js
service,node_modules\undici-types\api.d.ts
service,node_modules\vitest\dist\chunks\cli-api.DVe0nWUx.js
service,node_modules\zod\src\v4\core\api.ts
service,node_modules\zod\v4\core\api.d.ts
service,node_modules\zod\v4\core\api.js
service,src\utils\apiClient.ts
page,dist\assets\AdministrationPage-BaSSC9H2.js
page,dist\assets\ApprovalDetailPage-wl5ELDux.js
page,dist\assets\ApprovalsPage-B1Odgryu.js
page,dist\assets\CalendarPage-CvMjcnN_.js
page,dist\assets\DashboardPage-B2e0r0ut.js
page,dist\assets\DiscoveryPage-tv4Q6kK-.js
page,dist\assets\ExecutionHistoryPage-BhGlGemr.js
page,dist\assets\GovernancePage-BanCDmQB.js
page,dist\assets\MappingPage-BZe25IVC.js
page,dist\assets\MigrationPage-CdNedt8c.js
page,dist\assets\NotFoundPage-Cz-pYr_x.js
page,dist\assets\NotificationsPage-CeEcZASh.js
page,dist\assets\OperationsPage-xtQVtHNq.js
page,dist\assets\ReportsPage-QiIecJTe.js
page,dist\assets\RoleDetailPage-Butqn7gi.js
page,dist\assets\RolesPage-1CtGzUAH.js
page,dist\assets\SettingsPage-Doa8b3gK.js
page,dist\assets\SystemDetailPage-Dhk2R5Ga.js
page,dist\assets\SystemsPage-D97hHoAL.js
page,dist\assets\TaskDetailPage-BF-pBnZf.js
page,dist\assets\TaskManagementPage-Dy8a2ede.js
page,dist\assets\UserDetailPage-ziV6w7F0.js
page,dist\assets\UsersPage-BhrvKxi9.js
page,dist\assets\ValidationPage-C6F2v-Wq.js
page,dist\assets\ValidationResultsPage-mAA5Rw2l.js
page,dist\assets\WorkflowsPage-Bz31AZ0-.js
page,node_modules\aria-query\lib\etc\roles\dpub\docPagebreakRole.js
page,node_modules\aria-query\lib\etc\roles\dpub\docPagelistRole.js
page,node_modules\caniuse-lite\data\features\css-page-break.js
page,node_modules\caniuse-lite\data\features\css-paged-media.js
page,node_modules\caniuse-lite\data\features\page-transition-events.js
page,node_modules\caniuse-lite\data\features\pagevisibility.js
page,node_modules\jsdom\lib\jsdom\living\events\PageTransitionEvent-impl.js
page,node_modules\jsdom\lib\jsdom\living\generated\PageTransitionEvent.js
page,node_modules\jsdom\lib\jsdom\living\generated\PageTransitionEventInit.js
page,node_modules\jsdom\lib\jsdom\living\helpers\page-transition-event.js
page,src\routes\AdministrationPage.tsx
page,src\routes\ApprovalDetailPage.tsx
page,src\routes\ApprovalsPage.integration.test.tsx
page,src\routes\ApprovalsPage.test.tsx
page,src\routes\ApprovalsPage.tsx
page,src\routes\CalendarPage.integration.test.tsx
page,src\routes\CalendarPage.test.tsx
page,src\routes\CalendarPage.tsx
page,src\routes\DashboardPage.integration.test.tsx
page,src\routes\DashboardPage.test.tsx
page,src\routes\DashboardPage.tsx
page,src\routes\DiscoveryPage.integration.test.tsx
page,src\routes\DiscoveryPage.test.tsx
page,src\routes\DiscoveryPage.tsx
page,src\routes\ExecutionHistoryPage.test.tsx
page,src\routes\ExecutionHistoryPage.tsx
page,src\routes\GovernancePage.integration.test.tsx
page,src\routes\GovernancePage.test.tsx
page,src\routes\GovernancePage.tsx
page,src\routes\HomePage.tsx
page,src\routes\LoginPage.tsx
page,src\routes\MappingPage.tsx
page,src\routes\MigrationPage.integration.test.tsx
page,src\routes\MigrationPage.test.tsx
page,src\routes\MigrationPage.tsx
page,src\routes\NotFoundPage.tsx
page,src\routes\NotificationsPage.integration.test.tsx
page,src\routes\NotificationsPage.test.tsx
page,src\routes\NotificationsPage.tsx
page,src\routes\OperationsPage.integration.test.tsx
page,src\routes\OperationsPage.test.tsx
page,src\routes\OperationsPage.tsx
page,src\routes\ReportsPage.test.tsx
page,src\routes\ReportsPage.tsx
page,src\routes\RoleDetailPage.tsx
page,src\routes\RolesPage.integration.test.tsx
page,src\routes\RolesPage.test.tsx
page,src\routes\RolesPage.tsx
page,src\routes\SettingsPage.integration.test.tsx
page,src\routes\SettingsPage.test.tsx
page,src\routes\SettingsPage.tsx
page,src\routes\SystemDetailPage.test.tsx
page,src\routes\SystemDetailPage.tsx
page,src\routes\SystemsPage.integration.test.tsx
page,src\routes\SystemsPage.test.tsx
page,src\routes\SystemsPage.tsx
page,src\routes\TaskDetailPage.test.tsx
page,src\routes\TaskDetailPage.tsx
page,src\routes\TaskManagementPage.integration.test.tsx
page,src\routes\TaskManagementPage.test.tsx
page,src\routes\TaskManagementPage.tsx
page,src\routes\UserDetailPage.tsx
page,src\routes\UsersPage.integration.test.tsx
page,src\routes\UsersPage.test.tsx
page,src\routes\UsersPage.tsx
page,src\routes\ValidationPage.integration.test.tsx
page,src\routes\ValidationPage.test.tsx
page,src\routes\ValidationPage.tsx
page,src\routes\ValidationResultsPage.test.tsx
page,src\routes\ValidationResultsPage.tsx
page,src\routes\WorkflowsPage.integration.test.tsx
page,src\routes\WorkflowsPage.test.tsx
page,src\routes\WorkflowsPage.tsx
component,node_modules\@babel\types\lib\validators\react\isReactComponent.js
component,node_modules\hermes-parser\dist\estree\StripComponentSyntax.js
component,node_modules\pretty-format\build\plugins\ReactTestComponent.d.ts
component,node_modules\pretty-format\build\plugins\ReactTestComponent.js
other_api,eslint.config.js
other_api,vite.config.ts
other_api,vitest.config.ts
other_api,dist\assets\EmptyState-CiJ6MZ_H.js
other_api,dist\assets\index-in84SfDQ.js
other_api,dist\assets\jsx-runtime-DGeXAQPT.js
other_api,dist\assets\LoadingSkeleton-C7Y_MtkE.js
other_api,dist\assets\Pagination-DHfbKMJM.js
other_api,dist\assets\ProgressBar-C1HAlCOS.js
other_api,dist\assets\react-3W8R1pOO.js
other_api,dist\assets\SearchBar-Byn-nKI1.js
other_api,dist\assets\shared-DFwfJfQT.js
other_api,dist\assets\TabBar-Be-v58m9.js
other_api,dist\assets\useApprovals-DhZFA6-N.js
other_api,dist\assets\useExecution-BwpEjbE4.js
other_api,dist\assets\useExecutionHistory-BpMXNi39.js
other_api,dist\assets\useFeatureFlags-DBYrbHPX.js
other_api,dist\assets\useHealth-AIm1cMvR.js
other_api,dist\assets\useRoles-PaDuZQer.js
other_api,dist\assets\useSystems-1Msl4Pye.js
other_api,dist\assets\useTasks-C9QLbtRI.js
other_api,dist\assets\useUsers-cX39rTHH.js
other_api,dist\assets\useWorkflows-Bd1GfNZV.js
other_api,node_modules\.bin\vite.js
other_api,node_modules\.vite\deps\react-dom.js
other_api,node_modules\.vite\deps\react-dom_client.js
other_api,node_modules\.vite\deps\react.js
other_api,node_modules\.vite\deps\react_jsx-dev-runtime.js
other_api,node_modules\.vite\deps\react_jsx-runtime.js
other_api,node_modules\.vite\deps\rolldown-runtime-FDOR9p9I.js
other_api,node_modules\@adobe\css-tools\dist\umd\adobe-css-tools.d.ts
other_api,node_modules\@adobe\css-tools\dist\umd\adobe-css-tools.js
other_api,node_modules\@adobe\css-tools\src\CssParseError.ts
other_api,node_modules\@adobe\css-tools\src\CssPosition.ts
other_api,node_modules\@adobe\css-tools\src\index.ts
other_api,node_modules\@adobe\css-tools\src\type.ts
other_api,node_modules\@adobe\css-tools\src\parse\index.ts
other_api,node_modules\@adobe\css-tools\src\stringify\compiler.ts
other_api,node_modules\@adobe\css-tools\src\stringify\index.ts
other_api,node_modules\@adobe\css-tools\src\utils\stringSearch.test.ts
other_api,node_modules\@adobe\css-tools\src\utils\stringSearch.ts
other_api,node_modules\@asamuzakjp\css-color\dist\browser\css-color.min.js
other_api,node_modules\@asamuzakjp\css-color\dist\esm\index.d.ts
other_api,node_modules\@asamuzakjp\css-color\dist\esm\index.js
other_api,node_modules\@asamuzakjp\css-color\dist\esm\js\cache.d.ts
other_api,node_modules\@asamuzakjp\css-color\dist\esm\js\cache.js
other_api,node_modules\@asamuzakjp\css-color\dist\esm\js\color.d.ts
other_api,node_modules\@asamuzakjp\css-color\dist\esm\js\color.js
other_api,node_modules\@asamuzakjp\css-color\dist\esm\js\common.d.ts
other_api,node_modules\@asamuzakjp\css-color\dist\esm\js\common.js
other_api,node_modules\@asamuzakjp\css-color\dist\esm\js\constant.d.ts
other_api,node_modules\@asamuzakjp\css-color\dist\esm\js\constant.js
other_api,node_modules\@asamuzakjp\css-color\dist\esm\js\convert.d.ts
other_api,node_modules\@asamuzakjp\css-color\dist\esm\js\convert.js
other_api,node_modules\@asamuzakjp\css-color\dist\esm\js\css-calc.d.ts
other_api,node_modules\@asamuzakjp\css-color\dist\esm\js\css-calc.js
other_api,node_modules\@asamuzakjp\css-color\dist\esm\js\css-gradient.d.ts
other_api,node_modules\@asamuzakjp\css-color\dist\esm\js\css-gradient.js
other_api,node_modules\@asamuzakjp\css-color\dist\esm\js\css-var.d.ts
other_api,node_modules\@asamuzakjp\css-color\dist\esm\js\css-var.js
other_api,node_modules\@asamuzakjp\css-color\dist\esm\js\relative-color.d.ts
other_api,node_modules\@asamuzakjp\css-color\dist\esm\js\relative-color.js
other_api,node_modules\@asamuzakjp\css-color\dist\esm\js\resolve.d.ts
other_api,node_modules\@asamuzakjp\css-color\dist\esm\js\resolve.js
other_api,node_modules\@asamuzakjp\css-color\dist\esm\js\typedef.d.ts
other_api,node_modules\@asamuzakjp\css-color\dist\esm\js\util.d.ts
other_api,node_modules\@asamuzakjp\css-color\dist\esm\js\util.js
other_api,node_modules\@asamuzakjp\css-color\node_modules\lru-cache\dist\commonjs\index.d.ts
other_api,node_modules\@asamuzakjp\css-color\node_modules\lru-cache\dist\commonjs\index.js
other_api,node_modules\@asamuzakjp\css-color\node_modules\lru-cache\dist\commonjs\index.min.js
other_api,node_modules\@asamuzakjp\css-color\node_modules\lru-cache\dist\esm\index.d.ts
other_api,node_modules\@asamuzakjp\css-color\node_modules\lru-cache\dist\esm\index.js
other_api,node_modules\@asamuzakjp\css-color\node_modules\lru-cache\dist\esm\index.min.js
other_api,node_modules\@asamuzakjp\css-color\src\index.ts
other_api,node_modules\@asamuzakjp\css-color\src\js\cache.ts
other_api,node_modules\@asamuzakjp\css-color\src\js\color.ts
other_api,node_modules\@asamuzakjp\css-color\src\js\common.ts
other_api,node_modules\@asamuzakjp\css-color\src\js\constant.ts
other_api,node_modules\@asamuzakjp\css-color\src\js\convert.ts
other_api,node_modules\@asamuzakjp\css-color\src\js\css-calc.ts
other_api,node_modules\@asamuzakjp\css-color\src\js\css-gradient.ts
other_api,node_modules\@asamuzakjp\css-color\src\js\css-var.ts
other_api,node_modules\@asamuzakjp\css-color\src\js\relative-color.ts
other_api,node_modules\@asamuzakjp\css-color\src\js\resolve.ts
other_api,node_modules\@asamuzakjp\css-color\src\js\typedef.ts
other_api,node_modules\@asamuzakjp\css-color\src\js\util.ts
other_api,node_modules\@axe-core\react\dist\index.d.ts
other_api,node_modules\@axe-core\react\dist\index.js
other_api,node_modules\@babel\code-frame\lib\index.js
other_api,node_modules\@babel\compat-data\corejs2-built-ins.js
other_api,node_modules\@babel\compat-data\corejs3-shipped-proposals.js
other_api,node_modules\@babel\compat-data\native-modules.js
other_api,node_modules\@babel\compat-data\overlapping-plugins.js
other_api,node_modules\@babel\compat-data\plugin-bugfixes.js
other_api,node_modules\@babel\compat-data\plugins.js
other_api,node_modules\@babel\core\lib\index.js
other_api,node_modules\@babel\core\lib\parse.js
other_api,node_modules\@babel\core\lib\transform-ast.js
other_api,node_modules\@babel\core\lib\transform-file-browser.js
other_api,node_modules\@babel\core\lib\transform-file.js
other_api,node_modules\@babel\core\lib\transform.js
other_api,node_modules\@babel\core\lib\config\cache-contexts.js
other_api,node_modules\@babel\core\lib\config\caching.js
other_api,node_modules\@babel\core\lib\config\config-chain.js
other_api,node_modules\@babel\core\lib\config\config-descriptors.js
other_api,node_modules\@babel\core\lib\config\full.js
other_api,node_modules\@babel\core\lib\config\index.js
other_api,node_modules\@babel\core\lib\config\item.js
other_api,node_modules\@babel\core\lib\config\partial.js
other_api,node_modules\@babel\core\lib\config\pattern-to-regex.js
other_api,node_modules\@babel\core\lib\config\plugin.js
other_api,node_modules\@babel\core\lib\config\printer.js
other_api,node_modules\@babel\core\lib\config\resolve-targets-browser.js
other_api,node_modules\@babel\core\lib\config\resolve-targets.js
other_api,node_modules\@babel\core\lib\config\util.js
other_api,node_modules\@babel\core\lib\config\files\configuration.js
other_api,node_modules\@babel\core\lib\config\files\index-browser.js
other_api,node_modules\@babel\core\lib\config\files\index.js
other_api,node_modules\@babel\core\lib\config\files\module-types.js
other_api,node_modules\@babel\core\lib\config\files\package.js
other_api,node_modules\@babel\core\lib\config\files\plugins.js
other_api,node_modules\@babel\core\lib\config\files\types.js
other_api,node_modules\@babel\core\lib\config\files\utils.js
other_api,node_modules\@babel\core\lib\config\helpers\deep-array.js
other_api,node_modules\@babel\core\lib\config\helpers\environment.js
other_api,node_modules\@babel\core\lib\config\validation\option-assertions.js
other_api,node_modules\@babel\core\lib\config\validation\options.js
other_api,node_modules\@babel\core\lib\config\validation\plugins.js
other_api,node_modules\@babel\core\lib\config\validation\removed.js
other_api,node_modules\@babel\core\lib\errors\config-error.js
other_api,node_modules\@babel\core\lib\errors\rewrite-stack-trace.js
other_api,node_modules\@babel\core\lib\gensync-utils\async.js
other_api,node_modules\@babel\core\lib\gensync-utils\fs.js
other_api,node_modules\@babel\core\lib\gensync-utils\functional.js
other_api,node_modules\@babel\core\lib\parser\index.js
other_api,node_modules\@babel\core\lib\parser\util\missing-plugin-helper.js
other_api,node_modules\@babel\core\lib\tools\build-external-helpers.js
other_api,node_modules\@babel\core\lib\transformation\block-hoist-plugin.js
other_api,node_modules\@babel\core\lib\transformation\index.js
other_api,node_modules\@babel\core\lib\transformation\normalize-file.js
other_api,node_modules\@babel\core\lib\transformation\normalize-opts.js
other_api,node_modules\@babel\core\lib\transformation\plugin-pass.js
other_api,node_modules\@babel\core\lib\transformation\read-input-source-map-file-browser.js
other_api,node_modules\@babel\core\lib\transformation\read-input-source-map-file.js
other_api,node_modules\@babel\core\lib\transformation\file\file.js
other_api,node_modules\@babel\core\lib\transformation\file\generate.js
other_api,node_modules\@babel\core\lib\transformation\file\merge-map.js
other_api,node_modules\@babel\core\lib\transformation\util\clone-deep.js
other_api,node_modules\@babel\core\lib\vendor\import-meta-resolve.js
other_api,node_modules\@babel\core\src\transform-file-browser.ts
other_api,node_modules\@babel\core\src\transform-file.ts
other_api,node_modules\@babel\core\src\config\resolve-targets-browser.ts
other_api,node_modules\@babel\core\src\config\resolve-targets.ts
other_api,node_modules\@babel\core\src\config\files\index-browser.ts
other_api,node_modules\@babel\core\src\config\files\index.ts
other_api,node_modules\@babel\core\src\transformation\read-input-source-map-file-browser.ts
other_api,node_modules\@babel\core\src\transformation\read-input-source-map-file.ts
other_api,node_modules\@babel\generator\lib\buffer.js
other_api,node_modules\@babel\generator\lib\index.js
other_api,node_modules\@babel\generator\lib\nodes.js
other_api,node_modules\@babel\generator\lib\printer.js
other_api,node_modules\@babel\generator\lib\source-map.js
other_api,node_modules\@babel\generator\lib\token-map.js
other_api,node_modules\@babel\generator\lib\generators\base.js
other_api,node_modules\@babel\generator\lib\generators\classes.js
other_api,node_modules\@babel\generator\lib\generators\deprecated.js
other_api,node_modules\@babel\generator\lib\generators\expressions.js
other_api,node_modules\@babel\generator\lib\generators\flow.js
other_api,node_modules\@babel\generator\lib\generators\index.js
other_api,node_modules\@babel\generator\lib\generators\jsx.js
other_api,node_modules\@babel\generator\lib\generators\methods.js
other_api,node_modules\@babel\generator\lib\generators\modules.js
other_api,node_modules\@babel\generator\lib\generators\statements.js
other_api,node_modules\@babel\generator\lib\generators\template-literals.js
other_api,node_modules\@babel\generator\lib\generators\types.js
other_api,node_modules\@babel\generator\lib\generators\typescript.js
other_api,node_modules\@babel\generator\lib\node\index.js
other_api,node_modules\@babel\generator\lib\node\parentheses.js
other_api,node_modules\@babel\helper-compilation-targets\lib\debug.js
other_api,node_modules\@babel\helper-compilation-targets\lib\filter-items.js
other_api,node_modules\@babel\helper-compilation-targets\lib\index.js
other_api,node_modules\@babel\helper-compilation-targets\lib\options.js
other_api,node_modules\@babel\helper-compilation-targets\lib\pretty.js
other_api,node_modules\@babel\helper-compilation-targets\lib\targets.js
other_api,node_modules\@babel\helper-compilation-targets\lib\utils.js
other_api,node_modules\@babel\helper-module-imports\lib\import-builder.js
other_api,node_modules\@babel\helper-module-imports\lib\import-injector.js
other_api,node_modules\@babel\helper-module-imports\lib\index.js
other_api,node_modules\@babel\helper-module-imports\lib\is-module.js
other_api,node_modules\@babel\helper-module-transforms\lib\dynamic-import.js
other_api,node_modules\@babel\helper-module-transforms\lib\get-module-name.js
other_api,node_modules\@babel\helper-module-transforms\lib\index.js
other_api,node_modules\@babel\helper-module-transforms\lib\lazy-modules.js
other_api,node_modules\@babel\helper-module-transforms\lib\normalize-and-load-metadata.js
other_api,node_modules\@babel\helper-module-transforms\lib\rewrite-live-references.js
other_api,node_modules\@babel\helper-module-transforms\lib\rewrite-this.js
other_api,node_modules\@babel\helper-string-parser\lib\index.js
other_api,node_modules\@babel\helper-validator-identifier\lib\identifier.js
other_api,node_modules\@babel\helper-validator-identifier\lib\index.js
other_api,node_modules\@babel\helper-validator-identifier\lib\keyword.js
other_api,node_modules\@babel\helper-validator-option\lib\find-suggestion.js
other_api,node_modules\@babel\helper-validator-option\lib\index.js
other_api,node_modules\@babel\helper-validator-option\lib\validator.js
other_api,node_modules\@babel\helpers\lib\helpers-generated.js
other_api,node_modules\@babel\helpers\lib\index.js
other_api,node_modules\@babel\helpers\lib\helpers\applyDecoratedDescriptor.js
other_api,node_modules\@babel\helpers\lib\helpers\applyDecs.js
other_api,node_modules\@babel\helpers\lib\helpers\applyDecs2203.js
other_api,node_modules\@babel\helpers\lib\helpers\applyDecs2203R.js
other_api,node_modules\@babel\helpers\lib\helpers\applyDecs2301.js
other_api,node_modules\@babel\helpers\lib\helpers\applyDecs2305.js
other_api,node_modules\@babel\helpers\lib\helpers\applyDecs2311.js
other_api,node_modules\@babel\helpers\lib\helpers\arrayLikeToArray.js
other_api,node_modules\@babel\helpers\lib\helpers\arrayWithHoles.js
other_api,node_modules\@babel\helpers\lib\helpers\arrayWithoutHoles.js
other_api,node_modules\@babel\helpers\lib\helpers\assertClassBrand.js
other_api,node_modules\@babel\helpers\lib\helpers\assertThisInitialized.js
other_api,node_modules\@babel\helpers\lib\helpers\asyncGeneratorDelegate.js
other_api,node_modules\@babel\helpers\lib\helpers\asyncIterator.js
other_api,node_modules\@babel\helpers\lib\helpers\asyncToGenerator.js
other_api,node_modules\@babel\helpers\lib\helpers\awaitAsyncGenerator.js
other_api,node_modules\@babel\helpers\lib\helpers\AwaitValue.js
other_api,node_modules\@babel\helpers\lib\helpers\callSuper.js
other_api,node_modules\@babel\helpers\lib\helpers\checkInRHS.js
other_api,node_modules\@babel\helpers\lib\helpers\checkPrivateRedeclaration.js
other_api,node_modules\@babel\helpers\lib\helpers\classApplyDescriptorDestructureSet.js
other_api,node_modules\@babel\helpers\lib\helpers\classApplyDescriptorGet.js
other_api,node_modules\@babel\helpers\lib\helpers\classApplyDescriptorSet.js
other_api,node_modules\@babel\helpers\lib\helpers\classCallCheck.js
other_api,node_modules\@babel\helpers\lib\helpers\classCheckPrivateStaticAccess.js
other_api,node_modules\@babel\helpers\lib\helpers\classCheckPrivateStaticFieldDescriptor.js
other_api,node_modules\@babel\helpers\lib\helpers\classExtractFieldDescriptor.js
other_api,node_modules\@babel\helpers\lib\helpers\classNameTDZError.js
other_api,node_modules\@babel\helpers\lib\helpers\classPrivateFieldDestructureSet.js
other_api,node_modules\@babel\helpers\lib\helpers\classPrivateFieldGet.js
other_api,node_modules\@babel\helpers\lib\helpers\classPrivateFieldGet2.js
other_api,node_modules\@babel\helpers\lib\helpers\classPrivateFieldInitSpec.js
other_api,node_modules\@babel\helpers\lib\helpers\classPrivateFieldLooseBase.js
other_api,node_modules\@babel\helpers\lib\helpers\classPrivateFieldLooseKey.js
other_api,node_modules\@babel\helpers\lib\helpers\classPrivateFieldSet.js
other_api,node_modules\@babel\helpers\lib\helpers\classPrivateFieldSet2.js
other_api,node_modules\@babel\helpers\lib\helpers\classPrivateGetter.js
other_api,node_modules\@babel\helpers\lib\helpers\classPrivateMethodGet.js
other_api,node_modules\@babel\helpers\lib\helpers\classPrivateMethodInitSpec.js
other_api,node_modules\@babel\helpers\lib\helpers\classPrivateMethodSet.js
other_api,node_modules\@babel\helpers\lib\helpers\classPrivateSetter.js
other_api,node_modules\@babel\helpers\lib\helpers\classStaticPrivateFieldDestructureSet.js
other_api,node_modules\@babel\helpers\lib\helpers\classStaticPrivateFieldSpecGet.js
other_api,node_modules\@babel\helpers\lib\helpers\classStaticPrivateFieldSpecSet.js
other_api,node_modules\@babel\helpers\lib\helpers\classStaticPrivateMethodGet.js
other_api,node_modules\@babel\helpers\lib\helpers\classStaticPrivateMethodSet.js
other_api,node_modules\@babel\helpers\lib\helpers\construct.js
other_api,node_modules\@babel\helpers\lib\helpers\createClass.js
other_api,node_modules\@babel\helpers\lib\helpers\createForOfIteratorHelper.js
other_api,node_modules\@babel\helpers\lib\helpers\createForOfIteratorHelperLoose.js
other_api,node_modules\@babel\helpers\lib\helpers\createSuper.js
other_api,node_modules\@babel\helpers\lib\helpers\decorate.js
other_api,node_modules\@babel\helpers\lib\helpers\defaults.js
other_api,node_modules\@babel\helpers\lib\helpers\defineAccessor.js
other_api,node_modules\@babel\helpers\lib\helpers\defineEnumerableProperties.js
other_api,node_modules\@babel\helpers\lib\helpers\defineProperty.js
other_api,node_modules\@babel\helpers\lib\helpers\dispose.js
other_api,node_modules\@babel\helpers\lib\helpers\extends.js
other_api,node_modules\@babel\helpers\lib\helpers\get.js
other_api,node_modules\@babel\helpers\lib\helpers\getPrototypeOf.js
other_api,node_modules\@babel\helpers\lib\helpers\identity.js
other_api,node_modules\@babel\helpers\lib\helpers\importDeferProxy.js
other_api,node_modules\@babel\helpers\lib\helpers\inherits.js
other_api,node_modules\@babel\helpers\lib\helpers\inheritsLoose.js
other_api,node_modules\@babel\helpers\lib\helpers\initializerDefineProperty.js
other_api,node_modules\@babel\helpers\lib\helpers\initializerWarningHelper.js
other_api,node_modules\@babel\helpers\lib\helpers\instanceof.js
other_api,node_modules\@babel\helpers\lib\helpers\interopRequireDefault.js
other_api,node_modules\@babel\helpers\lib\helpers\interopRequireWildcard.js
other_api,node_modules\@babel\helpers\lib\helpers\isNativeFunction.js
other_api,node_modules\@babel\helpers\lib\helpers\isNativeReflectConstruct.js
other_api,node_modules\@babel\helpers\lib\helpers\iterableToArray.js
other_api,node_modules\@babel\helpers\lib\helpers\iterableToArrayLimit.js
other_api,node_modules\@babel\helpers\lib\helpers\jsx.js
other_api,node_modules\@babel\helpers\lib\helpers\maybeArrayLike.js
other_api,node_modules\@babel\helpers\lib\helpers\newArrowCheck.js
other_api,node_modules\@babel\helpers\lib\helpers\nonIterableRest.js
other_api,node_modules\@babel\helpers\lib\helpers\nonIterableSpread.js
other_api,node_modules\@babel\helpers\lib\helpers\nullishReceiverError.js
other_api,node_modules\@babel\helpers\lib\helpers\objectDestructuringEmpty.js
other_api,node_modules\@babel\helpers\lib\helpers\objectSpread.js
other_api,node_modules\@babel\helpers\lib\helpers\objectSpread2.js
other_api,node_modules\@babel\helpers\lib\helpers\objectWithoutProperties.js
other_api,node_modules\@babel\helpers\lib\helpers\objectWithoutPropertiesLoose.js
other_api,node_modules\@babel\helpers\lib\helpers\OverloadYield.js
other_api,node_modules\@babel\helpers\lib\helpers\possibleConstructorReturn.js
other_api,node_modules\@babel\helpers\lib\helpers\readOnlyError.js
other_api,node_modules\@babel\helpers\lib\helpers\regenerator.js
other_api,node_modules\@babel\helpers\lib\helpers\regeneratorAsync.js
other_api,node_modules\@babel\helpers\lib\helpers\regeneratorAsyncGen.js
other_api,node_modules\@babel\helpers\lib\helpers\regeneratorAsyncIterator.js
other_api,node_modules\@babel\helpers\lib\helpers\regeneratorDefine.js
other_api,node_modules\@babel\helpers\lib\helpers\regeneratorKeys.js
other_api,node_modules\@babel\helpers\lib\helpers\regeneratorRuntime.js
other_api,node_modules\@babel\helpers\lib\helpers\regeneratorValues.js
other_api,node_modules\@babel\helpers\lib\helpers\set.js
other_api,node_modules\@babel\helpers\lib\helpers\setFunctionName.js
other_api,node_modules\@babel\helpers\lib\helpers\setPrototypeOf.js
other_api,node_modules\@babel\helpers\lib\helpers\skipFirstGeneratorNext.js
other_api,node_modules\@babel\helpers\lib\helpers\slicedToArray.js
other_api,node_modules\@babel\helpers\lib\helpers\superPropBase.js
other_api,node_modules\@babel\helpers\lib\helpers\superPropGet.js
other_api,node_modules\@babel\helpers\lib\helpers\superPropSet.js
other_api,node_modules\@babel\helpers\lib\helpers\taggedTemplateLiteral.js
other_api,node_modules\@babel\helpers\lib\helpers\taggedTemplateLiteralLoose.js
other_api,node_modules\@babel\helpers\lib\helpers\tdz.js
other_api,node_modules\@babel\helpers\lib\helpers\temporalRef.js
other_api,node_modules\@babel\helpers\lib\helpers\temporalUndefined.js
other_api,node_modules\@babel\helpers\lib\helpers\toArray.js
other_api,node_modules\@babel\helpers\lib\helpers\toConsumableArray.js
other_api,node_modules\@babel\helpers\lib\helpers\toPrimitive.js
other_api,node_modules\@babel\helpers\lib\helpers\toPropertyKey.js
other_api,node_modules\@babel\helpers\lib\helpers\toSetter.js
other_api,node_modules\@babel\helpers\lib\helpers\tsRewriteRelativeImportExtensions.js
other_api,node_modules\@babel\helpers\lib\helpers\typeof.js
other_api,node_modules\@babel\helpers\lib\helpers\unsupportedIterableToArray.js
other_api,node_modules\@babel\helpers\lib\helpers\using.js
other_api,node_modules\@babel\helpers\lib\helpers\usingCtx.js
other_api,node_modules\@babel\helpers\lib\helpers\wrapAsyncGenerator.js
other_api,node_modules\@babel\helpers\lib\helpers\wrapNativeSuper.js
other_api,node_modules\@babel\helpers\lib\helpers\wrapRegExp.js
other_api,node_modules\@babel\helpers\lib\helpers\writeOnlyError.js
other_api,node_modules\@babel\parser\bin\babel-parser.js
other_api,node_modules\@babel\parser\lib\index.js
other_api,node_modules\@babel\parser\typings\babel-parser.d.ts
other_api,node_modules\@babel\runtime\helpers\applyDecoratedDescriptor.js
other_api,node_modules\@babel\runtime\helpers\applyDecs.js
other_api,node_modules\@babel\runtime\helpers\applyDecs2203.js
other_api,node_modules\@babel\runtime\helpers\applyDecs2203R.js
other_api,node_modules\@babel\runtime\helpers\applyDecs2301.js
other_api,node_modules\@babel\runtime\helpers\applyDecs2305.js
other_api,node_modules\@babel\runtime\helpers\applyDecs2311.js
other_api,node_modules\@babel\runtime\helpers\arrayLikeToArray.js
other_api,node_modules\@babel\runtime\helpers\arrayWithHoles.js
other_api,node_modules\@babel\runtime\helpers\arrayWithoutHoles.js
other_api,node_modules\@babel\runtime\helpers\assertClassBrand.js
other_api,node_modules\@babel\runtime\helpers\assertThisInitialized.js
other_api,node_modules\@babel\runtime\helpers\asyncGeneratorDelegate.js
other_api,node_modules\@babel\runtime\helpers\asyncIterator.js
other_api,node_modules\@babel\runtime\helpers\asyncToGenerator.js
other_api,node_modules\@babel\runtime\helpers\awaitAsyncGenerator.js
other_api,node_modules\@babel\runtime\helpers\AwaitValue.js
other_api,node_modules\@babel\runtime\helpers\callSuper.js
other_api,node_modules\@babel\runtime\helpers\checkInRHS.js
other_api,node_modules\@babel\runtime\helpers\checkPrivateRedeclaration.js
other_api,node_modules\@babel\runtime\helpers\classApplyDescriptorDestructureSet.js
other_api,node_modules\@babel\runtime\helpers\classApplyDescriptorGet.js
other_api,node_modules\@babel\runtime\helpers\classApplyDescriptorSet.js
other_api,node_modules\@babel\runtime\helpers\classCallCheck.js
other_api,node_modules\@babel\runtime\helpers\classCheckPrivateStaticAccess.js
other_api,node_modules\@babel\runtime\helpers\classCheckPrivateStaticFieldDescriptor.js
other_api,node_modules\@babel\runtime\helpers\classExtractFieldDescriptor.js
other_api,node_modules\@babel\runtime\helpers\classNameTDZError.js
other_api,node_modules\@babel\runtime\helpers\classPrivateFieldDestructureSet.js
other_api,node_modules\@babel\runtime\helpers\classPrivateFieldGet.js
other_api,node_modules\@babel\runtime\helpers\classPrivateFieldGet2.js
other_api,node_modules\@babel\runtime\helpers\classPrivateFieldInitSpec.js
other_api,node_modules\@babel\runtime\helpers\classPrivateFieldLooseBase.js
other_api,node_modules\@babel\runtime\helpers\classPrivateFieldLooseKey.js
other_api,node_modules\@babel\runtime\helpers\classPrivateFieldSet.js
other_api,node_modules\@babel\runtime\helpers\classPrivateFieldSet2.js
other_api,node_modules\@babel\runtime\helpers\classPrivateGetter.js
other_api,node_modules\@babel\runtime\helpers\classPrivateMethodGet.js
other_api,node_modules\@babel\runtime\helpers\classPrivateMethodInitSpec.js
other_api,node_modules\@babel\runtime\helpers\classPrivateMethodSet.js
other_api,node_modules\@babel\runtime\helpers\classPrivateSetter.js
other_api,node_modules\@babel\runtime\helpers\classStaticPrivateFieldDestructureSet.js
other_api,node_modules\@babel\runtime\helpers\classStaticPrivateFieldSpecGet.js
other_api,node_modules\@babel\runtime\helpers\classStaticPrivateFieldSpecSet.js
other_api,node_modules\@babel\runtime\helpers\classStaticPrivateMethodGet.js
other_api,node_modules\@babel\runtime\helpers\classStaticPrivateMethodSet.js
other_api,node_modules\@babel\runtime\helpers\construct.js
other_api,node_modules\@babel\runtime\helpers\createClass.js
other_api,node_modules\@babel\runtime\helpers\createForOfIteratorHelper.js
other_api,node_modules\@babel\runtime\helpers\createForOfIteratorHelperLoose.js
other_api,node_modules\@babel\runtime\helpers\createSuper.js
other_api,node_modules\@babel\runtime\helpers\decorate.js
other_api,node_modules\@babel\runtime\helpers\defaults.js
other_api,node_modules\@babel\runtime\helpers\defineAccessor.js
other_api,node_modules\@babel\runtime\helpers\defineEnumerableProperties.js
other_api,node_modules\@babel\runtime\helpers\defineProperty.js
other_api,node_modules\@babel\runtime\helpers\dispose.js
other_api,node_modules\@babel\runtime\helpers\extends.js
other_api,node_modules\@babel\runtime\helpers\get.js
other_api,node_modules\@babel\runtime\helpers\getPrototypeOf.js
other_api,node_modules\@babel\runtime\helpers\identity.js
other_api,node_modules\@babel\runtime\helpers\importDeferProxy.js
other_api,node_modules\@babel\runtime\helpers\inherits.js
other_api,node_modules\@babel\runtime\helpers\inheritsLoose.js
other_api,node_modules\@babel\runtime\helpers\initializerDefineProperty.js
other_api,node_modules\@babel\runtime\helpers\initializerWarningHelper.js
other_api,node_modules\@babel\runtime\helpers\instanceof.js
other_api,node_modules\@babel\runtime\helpers\interopRequireDefault.js
other_api,node_modules\@babel\runtime\helpers\interopRequireWildcard.js
other_api,node_modules\@babel\runtime\helpers\isNativeFunction.js
other_api,node_modules\@babel\runtime\helpers\isNativeReflectConstruct.js
other_api,node_modules\@babel\runtime\helpers\iterableToArray.js
other_api,node_modules\@babel\runtime\helpers\iterableToArrayLimit.js
other_api,node_modules\@babel\runtime\helpers\jsx.js
other_api,node_modules\@babel\runtime\helpers\maybeArrayLike.js
other_api,node_modules\@babel\runtime\helpers\newArrowCheck.js
other_api,node_modules\@babel\runtime\helpers\nonIterableRest.js
other_api,node_modules\@babel\runtime\helpers\nonIterableSpread.js
other_api,node_modules\@babel\runtime\helpers\nullishReceiverError.js
other_api,node_modules\@babel\runtime\helpers\objectDestructuringEmpty.js
other_api,node_modules\@babel\runtime\helpers\objectSpread.js
other_api,node_modules\@babel\runtime\helpers\objectSpread2.js
other_api,node_modules\@babel\runtime\helpers\objectWithoutProperties.js
other_api,node_modules\@babel\runtime\helpers\objectWithoutPropertiesLoose.js
other_api,node_modules\@babel\runtime\helpers\OverloadYield.js
other_api,node_modules\@babel\runtime\helpers\possibleConstructorReturn.js
other_api,node_modules\@babel\runtime\helpers\readOnlyError.js
other_api,node_modules\@babel\runtime\helpers\regenerator.js
other_api,node_modules\@babel\runtime\helpers\regeneratorAsync.js
other_api,node_modules\@babel\runtime\helpers\regeneratorAsyncGen.js
other_api,node_modules\@babel\runtime\helpers\regeneratorAsyncIterator.js
other_api,node_modules\@babel\runtime\helpers\regeneratorDefine.js
other_api,node_modules\@babel\runtime\helpers\regeneratorKeys.js
other_api,node_modules\@babel\runtime\helpers\regeneratorRuntime.js
other_api,node_modules\@babel\runtime\helpers\regeneratorValues.js
other_api,node_modules\@babel\runtime\helpers\set.js
other_api,node_modules\@babel\runtime\helpers\setFunctionName.js
other_api,node_modules\@babel\runtime\helpers\setPrototypeOf.js
other_api,node_modules\@babel\runtime\helpers\skipFirstGeneratorNext.js
other_api,node_modules\@babel\runtime\helpers\slicedToArray.js
other_api,node_modules\@babel\runtime\helpers\superPropBase.js
other_api,node_modules\@babel\runtime\helpers\superPropGet.js
other_api,node_modules\@babel\runtime\helpers\superPropSet.js
other_api,node_modules\@babel\runtime\helpers\taggedTemplateLiteral.js
other_api,node_modules\@babel\runtime\helpers\taggedTemplateLiteralLoose.js
other_api,node_modules\@babel\runtime\helpers\tdz.js
other_api,node_modules\@babel\runtime\helpers\temporalRef.js
other_api,node_modules\@babel\runtime\helpers\temporalUndefined.js
other_api,node_modules\@babel\runtime\helpers\toArray.js
other_api,node_modules\@babel\runtime\helpers\toConsumableArray.js
other_api,node_modules\@babel\runtime\helpers\toPrimitive.js
other_api,node_modules\@babel\runtime\helpers\toPropertyKey.js
other_api,node_modules\@babel\runtime\helpers\toSetter.js
other_api,node_modules\@babel\runtime\helpers\tsRewriteRelativeImportExtensions.js
other_api,node_modules\@babel\runtime\helpers\typeof.js
other_api,node_modules\@babel\runtime\helpers\unsupportedIterableToArray.js
other_api,node_modules\@babel\runtime\helpers\using.js
other_api,node_modules\@babel\runtime\helpers\usingCtx.js
other_api,node_modules\@babel\runtime\helpers\wrapAsyncGenerator.js
other_api,node_modules\@babel\runtime\helpers\wrapNativeSuper.js
other_api,node_modules\@babel\runtime\helpers\wrapRegExp.js
other_api,node_modules\@babel\runtime\helpers\writeOnlyError.js
other_api,node_modules\@babel\runtime\helpers\esm\applyDecoratedDescriptor.js
other_api,node_modules\@babel\runtime\helpers\esm\applyDecs.js
other_api,node_modules\@babel\runtime\helpers\esm\applyDecs2203.js
other_api,node_modules\@babel\runtime\helpers\esm\applyDecs2203R.js
other_api,node_modules\@babel\runtime\helpers\esm\applyDecs2301.js
other_api,node_modules\@babel\runtime\helpers\esm\applyDecs2305.js
other_api,node_modules\@babel\runtime\helpers\esm\applyDecs2311.js
other_api,node_modules\@babel\runtime\helpers\esm\arrayLikeToArray.js
other_api,node_modules\@babel\runtime\helpers\esm\arrayWithHoles.js
other_api,node_modules\@babel\runtime\helpers\esm\arrayWithoutHoles.js
other_api,node_modules\@babel\runtime\helpers\esm\assertClassBrand.js
other_api,node_modules\@babel\runtime\helpers\esm\assertThisInitialized.js
other_api,node_modules\@babel\runtime\helpers\esm\asyncGeneratorDelegate.js
other_api,node_modules\@babel\runtime\helpers\esm\asyncIterator.js
other_api,node_modules\@babel\runtime\helpers\esm\asyncToGenerator.js
other_api,node_modules\@babel\runtime\helpers\esm\awaitAsyncGenerator.js
other_api,node_modules\@babel\runtime\helpers\esm\AwaitValue.js
other_api,node_modules\@babel\runtime\helpers\esm\callSuper.js
other_api,node_modules\@babel\runtime\helpers\esm\checkInRHS.js
other_api,node_modules\@babel\runtime\helpers\esm\checkPrivateRedeclaration.js
other_api,node_modules\@babel\runtime\helpers\esm\classApplyDescriptorDestructureSet.js
other_api,node_modules\@babel\runtime\helpers\esm\classApplyDescriptorGet.js
other_api,node_modules\@babel\runtime\helpers\esm\classApplyDescriptorSet.js
other_api,node_modules\@babel\runtime\helpers\esm\classCallCheck.js
other_api,node_modules\@babel\runtime\helpers\esm\classCheckPrivateStaticAccess.js
other_api,node_modules\@babel\runtime\helpers\esm\classCheckPrivateStaticFieldDescriptor.js
other_api,node_modules\@babel\runtime\helpers\esm\classExtractFieldDescriptor.js
other_api,node_modules\@babel\runtime\helpers\esm\classNameTDZError.js
other_api,node_modules\@babel\runtime\helpers\esm\classPrivateFieldDestructureSet.js
other_api,node_modules\@babel\runtime\helpers\esm\classPrivateFieldGet.js
other_api,node_modules\@babel\runtime\helpers\esm\classPrivateFieldGet2.js
other_api,node_modules\@babel\runtime\helpers\esm\classPrivateFieldInitSpec.js
other_api,node_modules\@babel\runtime\helpers\esm\classPrivateFieldLooseBase.js
other_api,node_modules\@babel\runtime\helpers\esm\classPrivateFieldLooseKey.js
other_api,node_modules\@babel\runtime\helpers\esm\classPrivateFieldSet.js
other_api,node_modules\@babel\runtime\helpers\esm\classPrivateFieldSet2.js
other_api,node_modules\@babel\runtime\helpers\esm\classPrivateGetter.js
other_api,node_modules\@babel\runtime\helpers\esm\classPrivateMethodGet.js
other_api,node_modules\@babel\runtime\helpers\esm\classPrivateMethodInitSpec.js
other_api,node_modules\@babel\runtime\helpers\esm\classPrivateMethodSet.js
other_api,node_modules\@babel\runtime\helpers\esm\classPrivateSetter.js
other_api,node_modules\@babel\runtime\helpers\esm\classStaticPrivateFieldDestructureSet.js
other_api,node_modules\@babel\runtime\helpers\esm\classStaticPrivateFieldSpecGet.js
other_api,node_modules\@babel\runtime\helpers\esm\classStaticPrivateFieldSpecSet.js
other_api,node_modules\@babel\runtime\helpers\esm\classStaticPrivateMethodGet.js
other_api,node_modules\@babel\runtime\helpers\esm\classStaticPrivateMethodSet.js
other_api,node_modules\@babel\runtime\helpers\esm\construct.js
other_api,node_modules\@babel\runtime\helpers\esm\createClass.js
other_api,node_modules\@babel\runtime\helpers\esm\createForOfIteratorHelper.js
other_api,node_modules\@babel\runtime\helpers\esm\createForOfIteratorHelperLoose.js
other_api,node_modules\@babel\runtime\helpers\esm\createSuper.js
other_api,node_modules\@babel\runtime\helpers\esm\decorate.js
other_api,node_modules\@babel\runtime\helpers\esm\defaults.js
other_api,node_modules\@babel\runtime\helpers\esm\defineAccessor.js
other_api,node_modules\@babel\runtime\helpers\esm\defineEnumerableProperties.js
other_api,node_modules\@babel\runtime\helpers\esm\defineProperty.js
other_api,node_modules\@babel\runtime\helpers\esm\dispose.js
other_api,node_modules\@babel\runtime\helpers\esm\extends.js
other_api,node_modules\@babel\runtime\helpers\esm\get.js
other_api,node_modules\@babel\runtime\helpers\esm\getPrototypeOf.js
other_api,node_modules\@babel\runtime\helpers\esm\identity.js
other_api,node_modules\@babel\runtime\helpers\esm\importDeferProxy.js
other_api,node_modules\@babel\runtime\helpers\esm\inherits.js
other_api,node_modules\@babel\runtime\helpers\esm\inheritsLoose.js
other_api,node_modules\@babel\runtime\helpers\esm\initializerDefineProperty.js
other_api,node_modules\@babel\runtime\helpers\esm\initializerWarningHelper.js
other_api,node_modules\@babel\runtime\helpers\esm\instanceof.js
other_api,node_modules\@babel\runtime\helpers\esm\interopRequireDefault.js
other_api,node_modules\@babel\runtime\helpers\esm\interopRequireWildcard.js
other_api,node_modules\@babel\runtime\helpers\esm\isNativeFunction.js
other_api,node_modules\@babel\runtime\helpers\esm\isNativeReflectConstruct.js
other_api,node_modules\@babel\runtime\helpers\esm\iterableToArray.js
other_api,node_modules\@babel\runtime\helpers\esm\iterableToArrayLimit.js
other_api,node_modules\@babel\runtime\helpers\esm\jsx.js
other_api,node_modules\@babel\runtime\helpers\esm\maybeArrayLike.js
other_api,node_modules\@babel\runtime\helpers\esm\newArrowCheck.js
other_api,node_modules\@babel\runtime\helpers\esm\nonIterableRest.js
other_api,node_modules\@babel\runtime\helpers\esm\nonIterableSpread.js
other_api,node_modules\@babel\runtime\helpers\esm\nullishReceiverError.js
other_api,node_modules\@babel\runtime\helpers\esm\objectDestructuringEmpty.js
other_api,node_modules\@babel\runtime\helpers\esm\objectSpread.js
other_api,node_modules\@babel\runtime\helpers\esm\objectSpread2.js
other_api,node_modules\@babel\runtime\helpers\esm\objectWithoutProperties.js
other_api,node_modules\@babel\runtime\helpers\esm\objectWithoutPropertiesLoose.js
other_api,node_modules\@babel\runtime\helpers\esm\OverloadYield.js
other_api,node_modules\@babel\runtime\helpers\esm\possibleConstructorReturn.js
other_api,node_modules\@babel\runtime\helpers\esm\readOnlyError.js
other_api,node_modules\@babel\runtime\helpers\esm\regenerator.js
other_api,node_modules\@babel\runtime\helpers\esm\regeneratorAsync.js
other_api,node_modules\@babel\runtime\helpers\esm\regeneratorAsyncGen.js
other_api,node_modules\@babel\runtime\helpers\esm\regeneratorAsyncIterator.js
other_api,node_modules\@babel\runtime\helpers\esm\regeneratorDefine.js
other_api,node_modules\@babel\runtime\helpers\esm\regeneratorKeys.js
other_api,node_modules\@babel\runtime\helpers\esm\regeneratorRuntime.js
other_api,node_modules\@babel\runtime\helpers\esm\regeneratorValues.js
other_api,node_modules\@babel\runtime\helpers\esm\set.js
other_api,node_modules\@babel\runtime\helpers\esm\setFunctionName.js
other_api,node_modules\@babel\runtime\helpers\esm\setPrototypeOf.js
other_api,node_modules\@babel\runtime\helpers\esm\skipFirstGeneratorNext.js
other_api,node_modules\@babel\runtime\helpers\esm\slicedToArray.js
other_api,node_modules\@babel\runtime\helpers\esm\superPropBase.js
other_api,node_modules\@babel\runtime\helpers\esm\superPropGet.js
other_api,node_modules\@babel\runtime\helpers\esm\superPropSet.js
other_api,node_modules\@babel\runtime\helpers\esm\taggedTemplateLiteral.js
other_api,node_modules\@babel\runtime\helpers\esm\taggedTemplateLiteralLoose.js
other_api,node_modules\@babel\runtime\helpers\esm\tdz.js
other_api,node_modules\@babel\runtime\helpers\esm\temporalRef.js
other_api,node_modules\@babel\runtime\helpers\esm\temporalUndefined.js
other_api,node_modules\@babel\runtime\helpers\esm\toArray.js
other_api,node_modules\@babel\runtime\helpers\esm\toConsumableArray.js
other_api,node_modules\@babel\runtime\helpers\esm\toPrimitive.js
other_api,node_modules\@babel\runtime\helpers\esm\toPropertyKey.js
other_api,node_modules\@babel\runtime\helpers\esm\toSetter.js
other_api,node_modules\@babel\runtime\helpers\esm\tsRewriteRelativeImportExtensions.js
other_api,node_modules\@babel\runtime\helpers\esm\typeof.js
other_api,node_modules\@babel\runtime\helpers\esm\unsupportedIterableToArray.js
other_api,node_modules\@babel\runtime\helpers\esm\using.js
other_api,node_modules\@babel\runtime\helpers\esm\usingCtx.js
other_api,node_modules\@babel\runtime\helpers\esm\wrapAsyncGenerator.js
other_api,node_modules\@babel\runtime\helpers\esm\wrapNativeSuper.js
other_api,node_modules\@babel\runtime\helpers\esm\wrapRegExp.js
other_api,node_modules\@babel\runtime\helpers\esm\writeOnlyError.js
other_api,node_modules\@babel\runtime\regenerator\index.js
other_api,node_modules\@babel\template\lib\builder.js
other_api,node_modules\@babel\template\lib\formatters.js
other_api,node_modules\@babel\template\lib\index.js
other_api,node_modules\@babel\template\lib\literal.js
other_api,node_modules\@babel\template\lib\options.js
other_api,node_modules\@babel\template\lib\parse.js
other_api,node_modules\@babel\template\lib\populate.js
other_api,node_modules\@babel\template\lib\string.js
other_api,node_modules\@babel\traverse\lib\cache.js
other_api,node_modules\@babel\traverse\lib\context.js
other_api,node_modules\@babel\traverse\lib\hub.js
other_api,node_modules\@babel\traverse\lib\index.js
other_api,node_modules\@babel\traverse\lib\traverse-node.js
other_api,node_modules\@babel\traverse\lib\types.js
other_api,node_modules\@babel\traverse\lib\visitors.js
other_api,node_modules\@babel\traverse\lib\path\ancestry.js
other_api,node_modules\@babel\traverse\lib\path\comments.js
other_api,node_modules\@babel\traverse\lib\path\context.js
other_api,node_modules\@babel\traverse\lib\path\conversion.js
other_api,node_modules\@babel\traverse\lib\path\evaluation.js
other_api,node_modules\@babel\traverse\lib\path\family.js
other_api,node_modules\@babel\traverse\lib\path\index.js
other_api,node_modules\@babel\traverse\lib\path\introspection.js
other_api,node_modules\@babel\traverse\lib\path\modification.js
other_api,node_modules\@babel\traverse\lib\path\removal.js
other_api,node_modules\@babel\traverse\lib\path\replacement.js
other_api,node_modules\@babel\traverse\lib\path\inference\index.js
other_api,node_modules\@babel\traverse\lib\path\inference\inferer-reference.js
other_api,node_modules\@babel\traverse\lib\path\inference\inferers.js
other_api,node_modules\@babel\traverse\lib\path\inference\util.js
other_api,node_modules\@babel\traverse\lib\path\lib\hoister.js
other_api,node_modules\@babel\traverse\lib\path\lib\removal-hooks.js
other_api,node_modules\@babel\traverse\lib\path\lib\virtual-types-validator.js
other_api,node_modules\@babel\traverse\lib\path\lib\virtual-types.js
other_api,node_modules\@babel\traverse\lib\scope\binding.js
other_api,node_modules\@babel\traverse\lib\scope\index.js
other_api,node_modules\@babel\traverse\lib\scope\traverseForScope.js
other_api,node_modules\@babel\traverse\lib\scope\lib\renamer.js
other_api,node_modules\@babel\types\lib\index-legacy.d.ts
other_api,node_modules\@babel\types\lib\index.d.ts
other_api,node_modules\@babel\types\lib\index.js
other_api,node_modules\@babel\types\lib\asserts\assertNode.js
other_api,node_modules\@babel\types\lib\asserts\generated\index.js
other_api,node_modules\@babel\types\lib\ast-types\generated\index.js
other_api,node_modules\@babel\types\lib\builders\productions.js
other_api,node_modules\@babel\types\lib\builders\validateNode.js
other_api,node_modules\@babel\types\lib\builders\flow\createFlowUnionType.js
other_api,node_modules\@babel\types\lib\builders\flow\createTypeAnnotationBasedOnTypeof.js
other_api,node_modules\@babel\types\lib\builders\generated\index.js
other_api,node_modules\@babel\types\lib\builders\generated\lowercase.js
other_api,node_modules\@babel\types\lib\builders\generated\uppercase.js
other_api,node_modules\@babel\types\lib\builders\react\buildChildren.js
other_api,node_modules\@babel\types\lib\builders\typescript\createTSUnionType.js
other_api,node_modules\@babel\types\lib\clone\clone.js
other_api,node_modules\@babel\types\lib\clone\cloneDeep.js
other_api,node_modules\@babel\types\lib\clone\cloneDeepWithoutLoc.js
other_api,node_modules\@babel\types\lib\clone\cloneNode.js
other_api,node_modules\@babel\types\lib\clone\cloneWithoutLoc.js
other_api,node_modules\@babel\types\lib\comments\addComment.js
other_api,node_modules\@babel\types\lib\comments\addComments.js
other_api,node_modules\@babel\types\lib\comments\inheritInnerComments.js
other_api,node_modules\@babel\types\lib\comments\inheritLeadingComments.js
other_api,node_modules\@babel\types\lib\comments\inheritsComments.js
other_api,node_modules\@babel\types\lib\comments\inheritTrailingComments.js
other_api,node_modules\@babel\types\lib\comments\removeComments.js
other_api,node_modules\@babel\types\lib\constants\index.js
other_api,node_modules\@babel\types\lib\constants\generated\index.js
other_api,node_modules\@babel\types\lib\converters\ensureBlock.js
other_api,node_modules\@babel\types\lib\converters\gatherSequenceExpressions.js
other_api,node_modules\@babel\types\lib\converters\toBindingIdentifierName.js
other_api,node_modules\@babel\types\lib\converters\toBlock.js
other_api,node_modules\@babel\types\lib\converters\toComputedKey.js
other_api,node_modules\@babel\types\lib\converters\toExpression.js
other_api,node_modules\@babel\types\lib\converters\toIdentifier.js
other_api,node_modules\@babel\types\lib\converters\toKeyAlias.js
other_api,node_modules\@babel\types\lib\converters\toSequenceExpression.js
other_api,node_modules\@babel\types\lib\converters\toStatement.js
other_api,node_modules\@babel\types\lib\converters\valueToNode.js
other_api,node_modules\@babel\types\lib\definitions\core.js
other_api,node_modules\@babel\types\lib\definitions\deprecated-aliases.js
other_api,node_modules\@babel\types\lib\definitions\experimental.js
other_api,node_modules\@babel\types\lib\definitions\flow.js
other_api,node_modules\@babel\types\lib\definitions\index.js
other_api,node_modules\@babel\types\lib\definitions\jsx.js
other_api,node_modules\@babel\types\lib\definitions\misc.js
other_api,node_modules\@babel\types\lib\definitions\placeholders.js
other_api,node_modules\@babel\types\lib\definitions\typescript.js
other_api,node_modules\@babel\types\lib\definitions\utils.js
other_api,node_modules\@babel\types\lib\modifications\appendToMemberExpression.js
other_api,node_modules\@babel\types\lib\modifications\inherits.js
other_api,node_modules\@babel\types\lib\modifications\prependToMemberExpression.js
other_api,node_modules\@babel\types\lib\modifications\removeProperties.js
other_api,node_modules\@babel\types\lib\modifications\removePropertiesDeep.js
other_api,node_modules\@babel\types\lib\modifications\flow\removeTypeDuplicates.js
other_api,node_modules\@babel\types\lib\modifications\typescript\removeTypeDuplicates.js
other_api,node_modules\@babel\types\lib\retrievers\getAssignmentIdentifiers.js
other_api,node_modules\@babel\types\lib\retrievers\getBindingIdentifiers.js
other_api,node_modules\@babel\types\lib\retrievers\getFunctionName.js
other_api,node_modules\@babel\types\lib\retrievers\getOuterBindingIdentifiers.js
other_api,node_modules\@babel\types\lib\traverse\traverse.js
other_api,node_modules\@babel\types\lib\traverse\traverseFast.js
other_api,node_modules\@babel\types\lib\utils\deprecationWarning.js
other_api,node_modules\@babel\types\lib\utils\inherit.js
other_api,node_modules\@babel\types\lib\utils\shallowEqual.js
other_api,node_modules\@babel\types\lib\utils\react\cleanJSXElementLiteralChild.js
other_api,node_modules\@babel\types\lib\validators\buildMatchMemberExpression.js
other_api,node_modules\@babel\types\lib\validators\is.js
other_api,node_modules\@babel\types\lib\validators\isBinding.js
other_api,node_modules\@babel\types\lib\validators\isBlockScoped.js
other_api,node_modules\@babel\types\lib\validators\isImmutable.js
other_api,node_modules\@babel\types\lib\validators\isLet.js
other_api,node_modules\@babel\types\lib\validators\isNode.js
other_api,node_modules\@babel\types\lib\validators\isNodesEquivalent.js
other_api,node_modules\@babel\types\lib\validators\isPlaceholderType.js
other_api,node_modules\@babel\types\lib\validators\isReferenced.js
other_api,node_modules\@babel\types\lib\validators\isScope.js
other_api,node_modules\@babel\types\lib\validators\isSpecifierDefault.js
other_api,node_modules\@babel\types\lib\validators\isType.js
other_api,node_modules\@babel\types\lib\validators\isValidES3Identifier.js
other_api,node_modules\@babel\types\lib\validators\isValidIdentifier.js
other_api,node_modules\@babel\types\lib\validators\isVar.js
other_api,node_modules\@babel\types\lib\validators\matchesPattern.js
other_api,node_modules\@babel\types\lib\validators\validate.js
other_api,node_modules\@babel\types\lib\validators\generated\index.js
other_api,node_modules\@babel\types\lib\validators\react\isCompatTag.js
other_api,node_modules\@csstools\color-helpers\dist\index.d.ts
other_api,node_modules\@csstools\css-calc\dist\index.d.ts
other_api,node_modules\@csstools\css-color-parser\dist\index.d.ts
other_api,node_modules\@csstools\css-parser-algorithms\dist\index.d.ts
other_api,node_modules\@csstools\css-tokenizer\dist\index.d.ts
other_api,node_modules\@eslint\config-array\dist\esm\index.d.ts
other_api,node_modules\@eslint\config-array\dist\esm\index.js
other_api,node_modules\@eslint\config-array\dist\esm\types.d.ts
other_api,node_modules\@eslint\config-array\dist\esm\types.ts
other_api,node_modules\@eslint\config-array\dist\esm\std__path\posix.js
other_api,node_modules\@eslint\config-array\dist\esm\std__path\windows.js
other_api,node_modules\@eslint\config-helpers\dist\esm\index.d.ts
other_api,node_modules\@eslint\config-helpers\dist\esm\index.js
other_api,node_modules\@eslint\config-helpers\dist\esm\types.d.ts
other_api,node_modules\@eslint\config-helpers\dist\esm\types.ts
other_api,node_modules\@eslint\core\dist\esm\types.d.ts
other_api,node_modules\@eslint\js\src\index.js
other_api,node_modules\@eslint\js\src\configs\eslint-all.js
other_api,node_modules\@eslint\js\src\configs\eslint-recommended.js
other_api,node_modules\@eslint\js\types\index.d.ts
other_api,node_modules\@eslint\object-schema\dist\esm\index.d.ts
other_api,node_modules\@eslint\object-schema\dist\esm\index.js
other_api,node_modules\@eslint\object-schema\dist\esm\types.d.ts
other_api,node_modules\@eslint\object-schema\dist\esm\types.ts
other_api,node_modules\@eslint\plugin-kit\dist\esm\index.d.ts
other_api,node_modules\@eslint\plugin-kit\dist\esm\index.js
other_api,node_modules\@eslint\plugin-kit\dist\esm\types.d.ts
other_api,node_modules\@eslint\plugin-kit\dist\esm\types.ts
other_api,node_modules\@eslint-community\eslint-utils\index.d.ts
other_api,node_modules\@eslint-community\eslint-utils\index.js
other_api,node_modules\@eslint-community\eslint-utils\node_modules\eslint-visitor-keys\dist\index.d.ts
other_api,node_modules\@eslint-community\eslint-utils\node_modules\eslint-visitor-keys\dist\visitor-keys.d.ts
other_api,node_modules\@eslint-community\eslint-utils\node_modules\eslint-visitor-keys\lib\index.js
other_api,node_modules\@eslint-community\eslint-utils\node_modules\eslint-visitor-keys\lib\visitor-keys.js
other_api,node_modules\@eslint-community\regexpp\index.d.ts
other_api,node_modules\@eslint-community\regexpp\index.js
other_api,node_modules\@humanfs\core\dist\errors.d.ts
other_api,node_modules\@humanfs\core\dist\fsx.d.ts
other_api,node_modules\@humanfs\core\dist\hfs.d.ts
other_api,node_modules\@humanfs\core\dist\index.d.ts
other_api,node_modules\@humanfs\core\dist\path.d.ts
other_api,node_modules\@humanfs\core\src\errors.js
other_api,node_modules\@humanfs\core\src\hfs.js
other_api,node_modules\@humanfs\core\src\index.js
other_api,node_modules\@humanfs\core\src\path.js
other_api,node_modules\@humanfs\node\dist\index.d.ts
other_api,node_modules\@humanfs\node\dist\node-fsx.d.ts
other_api,node_modules\@humanfs\node\dist\node-hfs.d.ts
other_api,node_modules\@humanfs\node\src\index.js
other_api,node_modules\@humanfs\node\src\node-hfs.js
other_api,node_modules\@humanfs\types\src\hfs-types.ts
other_api,node_modules\@humanwhocodes\module-importer\dist\module-importer.d.ts
other_api,node_modules\@humanwhocodes\module-importer\dist\module-importer.js
other_api,node_modules\@humanwhocodes\module-importer\src\module-importer.js
other_api,node_modules\@humanwhocodes\retry\dist\retrier.d.ts
other_api,node_modules\@humanwhocodes\retry\dist\retrier.js
other_api,node_modules\@humanwhocodes\retry\dist\retrier.min.js
other_api,node_modules\@inquirer\ansi\dist\index.d.ts
other_api,node_modules\@inquirer\ansi\dist\index.js
other_api,node_modules\@inquirer\confirm\dist\index.d.ts
other_api,node_modules\@inquirer\confirm\dist\index.js
other_api,node_modules\@inquirer\core\dist\index.d.ts
other_api,node_modules\@inquirer\core\dist\index.js
other_api,node_modules\@inquirer\core\dist\lib\create-prompt.d.ts
other_api,node_modules\@inquirer\core\dist\lib\create-prompt.js
other_api,node_modules\@inquirer\core\dist\lib\errors.d.ts
other_api,node_modules\@inquirer\core\dist\lib\errors.js
other_api,node_modules\@inquirer\core\dist\lib\hook-engine.d.ts
other_api,node_modules\@inquirer\core\dist\lib\hook-engine.js
other_api,node_modules\@inquirer\core\dist\lib\key.d.ts
other_api,node_modules\@inquirer\core\dist\lib\key.js
other_api,node_modules\@inquirer\core\dist\lib\make-theme.d.ts
other_api,node_modules\@inquirer\core\dist\lib\make-theme.js
other_api,node_modules\@inquirer\core\dist\lib\promise-polyfill.d.ts
other_api,node_modules\@inquirer\core\dist\lib\promise-polyfill.js
other_api,node_modules\@inquirer\core\dist\lib\screen-manager.d.ts
other_api,node_modules\@inquirer\core\dist\lib\screen-manager.js
other_api,node_modules\@inquirer\core\dist\lib\Separator.d.ts
other_api,node_modules\@inquirer\core\dist\lib\Separator.js
other_api,node_modules\@inquirer\core\dist\lib\theme.d.ts
other_api,node_modules\@inquirer\core\dist\lib\theme.js
other_api,node_modules\@inquirer\core\dist\lib\use-effect.d.ts
other_api,node_modules\@inquirer\core\dist\lib\use-effect.js
other_api,node_modules\@inquirer\core\dist\lib\use-keypress.d.ts
other_api,node_modules\@inquirer\core\dist\lib\use-keypress.js
other_api,node_modules\@inquirer\core\dist\lib\use-memo.d.ts
other_api,node_modules\@inquirer\core\dist\lib\use-memo.js
other_api,node_modules\@inquirer\core\dist\lib\use-prefix.d.ts
other_api,node_modules\@inquirer\core\dist\lib\use-prefix.js
other_api,node_modules\@inquirer\core\dist\lib\use-ref.d.ts
other_api,node_modules\@inquirer\core\dist\lib\use-ref.js
other_api,node_modules\@inquirer\core\dist\lib\use-state.d.ts
other_api,node_modules\@inquirer\core\dist\lib\use-state.js
other_api,node_modules\@inquirer\core\dist\lib\utils.d.ts
other_api,node_modules\@inquirer\core\dist\lib\utils.js
other_api,node_modules\@inquirer\core\dist\lib\pagination\use-pagination.d.ts
other_api,node_modules\@inquirer\core\dist\lib\pagination\use-pagination.js
other_api,node_modules\@inquirer\figures\dist\index.d.ts
other_api,node_modules\@inquirer\figures\dist\index.js
other_api,node_modules\@inquirer\type\dist\index.d.ts
other_api,node_modules\@inquirer\type\dist\index.js
other_api,node_modules\@inquirer\type\dist\inquirer.d.ts
other_api,node_modules\@inquirer\type\dist\inquirer.js
other_api,node_modules\@inquirer\type\dist\utils.d.ts
other_api,node_modules\@inquirer\type\dist\utils.js
other_api,node_modules\@jridgewell\gen-mapping\dist\gen-mapping.umd.js
other_api,node_modules\@jridgewell\gen-mapping\dist\types\gen-mapping.d.ts
other_api,node_modules\@jridgewell\gen-mapping\dist\types\set-array.d.ts
other_api,node_modules\@jridgewell\gen-mapping\dist\types\sourcemap-segment.d.ts
other_api,node_modules\@jridgewell\gen-mapping\dist\types\types.d.ts
other_api,node_modules\@jridgewell\gen-mapping\src\gen-mapping.ts
other_api,node_modules\@jridgewell\gen-mapping\src\set-array.ts
other_api,node_modules\@jridgewell\gen-mapping\src\sourcemap-segment.ts
other_api,node_modules\@jridgewell\gen-mapping\src\types.ts
other_api,node_modules\@jridgewell\remapping\dist\remapping.umd.js
other_api,node_modules\@jridgewell\remapping\src\build-source-map-tree.ts
other_api,node_modules\@jridgewell\remapping\src\remapping.ts
other_api,node_modules\@jridgewell\remapping\src\source-map-tree.ts
other_api,node_modules\@jridgewell\remapping\src\source-map.ts
other_api,node_modules\@jridgewell\remapping\src\types.ts
other_api,node_modules\@jridgewell\resolve-uri\dist\resolve-uri.umd.js
other_api,node_modules\@jridgewell\resolve-uri\dist\types\resolve-uri.d.ts
other_api,node_modules\@jridgewell\sourcemap-codec\dist\sourcemap-codec.umd.js
other_api,node_modules\@jridgewell\sourcemap-codec\src\scopes.ts
other_api,node_modules\@jridgewell\sourcemap-codec\src\sourcemap-codec.ts
other_api,node_modules\@jridgewell\sourcemap-codec\src\strings.ts
other_api,node_modules\@jridgewell\sourcemap-codec\src\vlq.ts
other_api,node_modules\@jridgewell\trace-mapping\dist\trace-mapping.umd.js
other_api,node_modules\@jridgewell\trace-mapping\src\binary-search.ts
other_api,node_modules\@jridgewell\trace-mapping\src\by-source.ts
other_api,node_modules\@jridgewell\trace-mapping\src\flatten-map.ts
other_api,node_modules\@jridgewell\trace-mapping\src\resolve.ts
other_api,node_modules\@jridgewell\trace-mapping\src\sort.ts
other_api,node_modules\@jridgewell\trace-mapping\src\sourcemap-segment.ts
other_api,node_modules\@jridgewell\trace-mapping\src\strip-filename.ts
other_api,node_modules\@jridgewell\trace-mapping\src\trace-mapping.ts
other_api,node_modules\@jridgewell\trace-mapping\src\types.ts
other_api,node_modules\@mswjs\interceptors\node_modules\@open-draft\deferred-promise\build\index.d.ts
other_api,node_modules\@mswjs\interceptors\node_modules\@open-draft\deferred-promise\build\index.js
other_api,node_modules\@mswjs\interceptors\src\BatchInterceptor.test.ts
other_api,node_modules\@mswjs\interceptors\src\BatchInterceptor.ts
other_api,node_modules\@mswjs\interceptors\src\createRequestId.test.ts
other_api,node_modules\@mswjs\interceptors\src\createRequestId.ts
other_api,node_modules\@mswjs\interceptors\src\getRawRequest.ts
other_api,node_modules\@mswjs\interceptors\src\glossary.ts
other_api,node_modules\@mswjs\interceptors\src\index.ts
other_api,node_modules\@mswjs\interceptors\src\Interceptor.test.ts
other_api,node_modules\@mswjs\interceptors\src\Interceptor.ts
other_api,node_modules\@mswjs\interceptors\src\InterceptorError.ts
other_api,node_modules\@mswjs\interceptors\src\RemoteHttpInterceptor.ts
other_api,node_modules\@mswjs\interceptors\src\RequestController.test.ts
other_api,node_modules\@mswjs\interceptors\src\RequestController.ts
other_api,node_modules\@mswjs\interceptors\src\interceptors\ClientRequest\agents.ts
other_api,node_modules\@mswjs\interceptors\src\interceptors\ClientRequest\index.test.ts
other_api,node_modules\@mswjs\interceptors\src\interceptors\ClientRequest\index.ts
other_api,node_modules\@mswjs\interceptors\src\interceptors\ClientRequest\MockHttpSocket.ts
other_api,node_modules\@mswjs\interceptors\src\interceptors\ClientRequest\utils\getIncomingMessageBody.test.ts
other_api,node_modules\@mswjs\interceptors\src\interceptors\ClientRequest\utils\getIncomingMessageBody.ts
other_api,node_modules\@mswjs\interceptors\src\interceptors\ClientRequest\utils\normalizeClientRequestArgs.test.ts
other_api,node_modules\@mswjs\interceptors\src\interceptors\ClientRequest\utils\normalizeClientRequestArgs.ts
other_api,node_modules\@mswjs\interceptors\src\interceptors\ClientRequest\utils\parserUtils.ts
other_api,node_modules\@mswjs\interceptors\src\interceptors\ClientRequest\utils\recordRawHeaders.test.ts
other_api,node_modules\@mswjs\interceptors\src\interceptors\ClientRequest\utils\recordRawHeaders.ts
other_api,node_modules\@mswjs\interceptors\src\interceptors\fetch\index.ts
other_api,node_modules\@mswjs\interceptors\src\interceptors\fetch\utils\brotli-decompress.browser.ts
other_api,node_modules\@mswjs\interceptors\src\interceptors\fetch\utils\brotli-decompress.ts
other_api,node_modules\@mswjs\interceptors\src\interceptors\fetch\utils\createNetworkError.ts
other_api,node_modules\@mswjs\interceptors\src\interceptors\fetch\utils\decompression.ts
other_api,node_modules\@mswjs\interceptors\src\interceptors\fetch\utils\followRedirect.ts
other_api,node_modules\@mswjs\interceptors\src\interceptors\Socket\MockSocket.test.ts
other_api,node_modules\@mswjs\interceptors\src\interceptors\Socket\MockSocket.ts
other_api,node_modules\@mswjs\interceptors\src\interceptors\Socket\utils\baseUrlFromConnectionOptions.ts
other_api,node_modules\@mswjs\interceptors\src\interceptors\Socket\utils\normalizeSocketWriteArgs.test.ts
other_api,node_modules\@mswjs\interceptors\src\interceptors\Socket\utils\normalizeSocketWriteArgs.ts
other_api,node_modules\@mswjs\interceptors\src\interceptors\WebSocket\index.ts
other_api,node_modules\@mswjs\interceptors\src\interceptors\WebSocket\WebSocketClassTransport.ts
other_api,node_modules\@mswjs\interceptors\src\interceptors\WebSocket\WebSocketClientConnection.ts
other_api,node_modules\@mswjs\interceptors\src\interceptors\WebSocket\WebSocketOverride.ts
other_api,node_modules\@mswjs\interceptors\src\interceptors\WebSocket\WebSocketServerConnection.ts
other_api,node_modules\@mswjs\interceptors\src\interceptors\WebSocket\WebSocketTransport.ts
other_api,node_modules\@mswjs\interceptors\src\interceptors\WebSocket\utils\bindEvent.test.ts
other_api,node_modules\@mswjs\interceptors\src\interceptors\WebSocket\utils\bindEvent.ts
other_api,node_modules\@mswjs\interceptors\src\interceptors\WebSocket\utils\events.test.ts
other_api,node_modules\@mswjs\interceptors\src\interceptors\WebSocket\utils\events.ts
other_api,node_modules\@mswjs\interceptors\src\interceptors\XMLHttpRequest\index.ts
other_api,node_modules\@mswjs\interceptors\src\interceptors\XMLHttpRequest\XMLHttpRequestController.ts
other_api,node_modules\@mswjs\interceptors\src\interceptors\XMLHttpRequest\XMLHttpRequestProxy.ts
other_api,node_modules\@mswjs\interceptors\src\interceptors\XMLHttpRequest\polyfills\EventPolyfill.ts
other_api,node_modules\@mswjs\interceptors\src\interceptors\XMLHttpRequest\polyfills\ProgressEventPolyfill.ts
other_api,node_modules\@mswjs\interceptors\src\interceptors\XMLHttpRequest\utils\concatArrayBuffer.ts
other_api,node_modules\@mswjs\interceptors\src\interceptors\XMLHttpRequest\utils\concateArrayBuffer.test.ts
other_api,node_modules\@mswjs\interceptors\src\interceptors\XMLHttpRequest\utils\createEvent.test.ts
other_api,node_modules\@mswjs\interceptors\src\interceptors\XMLHttpRequest\utils\createEvent.ts
other_api,node_modules\@mswjs\interceptors\src\interceptors\XMLHttpRequest\utils\createResponse.ts
other_api,node_modules\@mswjs\interceptors\src\interceptors\XMLHttpRequest\utils\getBodyByteLength.test.ts
other_api,node_modules\@mswjs\interceptors\src\interceptors\XMLHttpRequest\utils\getBodyByteLength.ts
other_api,node_modules\@mswjs\interceptors\src\interceptors\XMLHttpRequest\utils\isDomParserSupportedType.ts
other_api,node_modules\@mswjs\interceptors\src\presets\browser.ts
other_api,node_modules\@mswjs\interceptors\src\presets\node.ts
other_api,node_modules\@mswjs\interceptors\src\utils\bufferUtils.test.ts
other_api,node_modules\@mswjs\interceptors\src\utils\bufferUtils.ts
other_api,node_modules\@mswjs\interceptors\src\utils\canParseUrl.ts
other_api,node_modules\@mswjs\interceptors\src\utils\cloneObject.test.ts
other_api,node_modules\@mswjs\interceptors\src\utils\cloneObject.ts
other_api,node_modules\@mswjs\interceptors\src\utils\createProxy.test.ts
other_api,node_modules\@mswjs\interceptors\src\utils\createProxy.ts
other_api,node_modules\@mswjs\interceptors\src\utils\emitAsync.ts
other_api,node_modules\@mswjs\interceptors\src\utils\fetchUtils.test.ts
other_api,node_modules\@mswjs\interceptors\src\utils\fetchUtils.ts
other_api,node_modules\@mswjs\interceptors\src\utils\findPropertySource.test.ts
other_api,node_modules\@mswjs\interceptors\src\utils\findPropertySource.ts
other_api,node_modules\@mswjs\interceptors\src\utils\getCleanUrl.test.ts
other_api,node_modules\@mswjs\interceptors\src\utils\getCleanUrl.ts
other_api,node_modules\@mswjs\interceptors\src\utils\getUrlByRequestOptions.test.ts
other_api,node_modules\@mswjs\interceptors\src\utils\getUrlByRequestOptions.ts
other_api,node_modules\@mswjs\interceptors\src\utils\getValueBySymbol.test.ts
other_api,node_modules\@mswjs\interceptors\src\utils\getValueBySymbol.ts
other_api,node_modules\@mswjs\interceptors\src\utils\handleRequest.ts
other_api,node_modules\@mswjs\interceptors\src\utils\hasConfigurableGlobal.test.ts
other_api,node_modules\@mswjs\interceptors\src\utils\hasConfigurableGlobal.ts
other_api,node_modules\@mswjs\interceptors\src\utils\isNodeLikeError.ts
other_api,node_modules\@mswjs\interceptors\src\utils\isObject.test.ts
other_api,node_modules\@mswjs\interceptors\src\utils\isObject.ts
other_api,node_modules\@mswjs\interceptors\src\utils\isPropertyAccessible.ts
other_api,node_modules\@mswjs\interceptors\src\utils\nextTick.ts
other_api,node_modules\@mswjs\interceptors\src\utils\parseJson.test.ts
other_api,node_modules\@mswjs\interceptors\src\utils\parseJson.ts
other_api,node_modules\@mswjs\interceptors\src\utils\patchesRegistry.test.ts
other_api,node_modules\@mswjs\interceptors\src\utils\patchesRegistry.ts
other_api,node_modules\@mswjs\interceptors\src\utils\resolveWebSocketUrl.ts
other_api,node_modules\@mswjs\interceptors\src\utils\responseUtils.ts
other_api,node_modules\@mswjs\interceptors\src\utils\node\index.ts
other_api,node_modules\@open-draft\logger\lib\index.d.ts
other_api,node_modules\@open-draft\logger\lib\index.js
other_api,node_modules\@open-draft\until\lib\index.d.ts
other_api,node_modules\@open-draft\until\lib\index.js
other_api,node_modules\@oxc-project\types\types.d.ts
other_api,node_modules\@tanstack\query-core\build\legacy\chunk-PXG64RU4.js
other_api,node_modules\@tanstack\query-core\build\legacy\environmentManager.d.ts
other_api,node_modules\@tanstack\query-core\build\legacy\environmentManager.js
other_api,node_modules\@tanstack\query-core\build\legacy\focusManager.d.ts
other_api,node_modules\@tanstack\query-core\build\legacy\focusManager.js
other_api,node_modules\@tanstack\query-core\build\legacy\hydration.d.ts
other_api,node_modules\@tanstack\query-core\build\legacy\hydration.js
other_api,node_modules\@tanstack\query-core\build\legacy\index.d.ts
other_api,node_modules\@tanstack\query-core\build\legacy\index.js
other_api,node_modules\@tanstack\query-core\build\legacy\infiniteQueryBehavior.d.ts
other_api,node_modules\@tanstack\query-core\build\legacy\infiniteQueryBehavior.js
other_api,node_modules\@tanstack\query-core\build\legacy\infiniteQueryObserver.d.ts
other_api,node_modules\@tanstack\query-core\build\legacy\infiniteQueryObserver.js
other_api,node_modules\@tanstack\query-core\build\legacy\mutation.d.ts
other_api,node_modules\@tanstack\query-core\build\legacy\mutation.js
other_api,node_modules\@tanstack\query-core\build\legacy\mutationCache.d.ts
other_api,node_modules\@tanstack\query-core\build\legacy\mutationCache.js
other_api,node_modules\@tanstack\query-core\build\legacy\mutationObserver.d.ts
other_api,node_modules\@tanstack\query-core\build\legacy\mutationObserver.js
other_api,node_modules\@tanstack\query-core\build\legacy\notifyManager.d.ts
other_api,node_modules\@tanstack\query-core\build\legacy\notifyManager.js
other_api,node_modules\@tanstack\query-core\build\legacy\onlineManager.d.ts
other_api,node_modules\@tanstack\query-core\build\legacy\onlineManager.js
other_api,node_modules\@tanstack\query-core\build\legacy\queriesObserver.d.ts
other_api,node_modules\@tanstack\query-core\build\legacy\queriesObserver.js
other_api,node_modules\@tanstack\query-core\build\legacy\query.d.ts
other_api,node_modules\@tanstack\query-core\build\legacy\query.js
other_api,node_modules\@tanstack\query-core\build\legacy\queryCache.d.ts
other_api,node_modules\@tanstack\query-core\build\legacy\queryCache.js
other_api,node_modules\@tanstack\query-core\build\legacy\queryClient.d.ts
other_api,node_modules\@tanstack\query-core\build\legacy\queryClient.js
other_api,node_modules\@tanstack\query-core\build\legacy\queryObserver.d.ts
other_api,node_modules\@tanstack\query-core\build\legacy\queryObserver.js
other_api,node_modules\@tanstack\query-core\build\legacy\removable.d.ts
other_api,node_modules\@tanstack\query-core\build\legacy\removable.js
other_api,node_modules\@tanstack\query-core\build\legacy\retryer.d.ts
other_api,node_modules\@tanstack\query-core\build\legacy\retryer.js
other_api,node_modules\@tanstack\query-core\build\legacy\streamedQuery.d.ts
other_api,node_modules\@tanstack\query-core\build\legacy\streamedQuery.js
other_api,node_modules\@tanstack\query-core\build\legacy\subscribable.d.ts
other_api,node_modules\@tanstack\query-core\build\legacy\subscribable.js
other_api,node_modules\@tanstack\query-core\build\legacy\thenable.d.ts
other_api,node_modules\@tanstack\query-core\build\legacy\thenable.js
other_api,node_modules\@tanstack\query-core\build\legacy\timeoutManager.d.ts
other_api,node_modules\@tanstack\query-core\build\legacy\timeoutManager.js
other_api,node_modules\@tanstack\query-core\build\legacy\types.d.ts
other_api,node_modules\@tanstack\query-core\build\legacy\types.js
other_api,node_modules\@tanstack\query-core\build\legacy\utils.d.ts
other_api,node_modules\@tanstack\query-core\build\legacy\utils.js
other_api,node_modules\@tanstack\query-core\build\legacy\_tsup-dts-rollup.d.ts
other_api,node_modules\@tanstack\query-core\build\modern\environmentManager.d.ts
other_api,node_modules\@tanstack\query-core\build\modern\environmentManager.js
other_api,node_modules\@tanstack\query-core\build\modern\focusManager.d.ts
other_api,node_modules\@tanstack\query-core\build\modern\focusManager.js
other_api,node_modules\@tanstack\query-core\build\modern\hydration.d.ts
other_api,node_modules\@tanstack\query-core\build\modern\hydration.js
other_api,node_modules\@tanstack\query-core\build\modern\index.d.ts
other_api,node_modules\@tanstack\query-core\build\modern\index.js
other_api,node_modules\@tanstack\query-core\build\modern\infiniteQueryBehavior.d.ts
other_api,node_modules\@tanstack\query-core\build\modern\infiniteQueryBehavior.js
other_api,node_modules\@tanstack\query-core\build\modern\infiniteQueryObserver.d.ts
other_api,node_modules\@tanstack\query-core\build\modern\infiniteQueryObserver.js
other_api,node_modules\@tanstack\query-core\build\modern\mutation.d.ts
other_api,node_modules\@tanstack\query-core\build\modern\mutation.js
other_api,node_modules\@tanstack\query-core\build\modern\mutationCache.d.ts
other_api,node_modules\@tanstack\query-core\build\modern\mutationCache.js
other_api,node_modules\@tanstack\query-core\build\modern\mutationObserver.d.ts
other_api,node_modules\@tanstack\query-core\build\modern\mutationObserver.js
other_api,node_modules\@tanstack\query-core\build\modern\notifyManager.d.ts
other_api,node_modules\@tanstack\query-core\build\modern\notifyManager.js
other_api,node_modules\@tanstack\query-core\build\modern\onlineManager.d.ts
other_api,node_modules\@tanstack\query-core\build\modern\onlineManager.js
other_api,node_modules\@tanstack\query-core\build\modern\queriesObserver.d.ts
other_api,node_modules\@tanstack\query-core\build\modern\queriesObserver.js
other_api,node_modules\@tanstack\query-core\build\modern\query.d.ts
other_api,node_modules\@tanstack\query-core\build\modern\query.js
other_api,node_modules\@tanstack\query-core\build\modern\queryCache.d.ts
other_api,node_modules\@tanstack\query-core\build\modern\queryCache.js
other_api,node_modules\@tanstack\query-core\build\modern\queryClient.d.ts
other_api,node_modules\@tanstack\query-core\build\modern\queryClient.js
other_api,node_modules\@tanstack\query-core\build\modern\queryObserver.d.ts
other_api,node_modules\@tanstack\query-core\build\modern\queryObserver.js
other_api,node_modules\@tanstack\query-core\build\modern\removable.d.ts
other_api,node_modules\@tanstack\query-core\build\modern\removable.js
other_api,node_modules\@tanstack\query-core\build\modern\retryer.d.ts
other_api,node_modules\@tanstack\query-core\build\modern\retryer.js
other_api,node_modules\@tanstack\query-core\build\modern\streamedQuery.d.ts
other_api,node_modules\@tanstack\query-core\build\modern\streamedQuery.js
other_api,node_modules\@tanstack\query-core\build\modern\subscribable.d.ts
other_api,node_modules\@tanstack\query-core\build\modern\subscribable.js
other_api,node_modules\@tanstack\query-core\build\modern\thenable.d.ts
other_api,node_modules\@tanstack\query-core\build\modern\thenable.js
other_api,node_modules\@tanstack\query-core\build\modern\timeoutManager.d.ts
other_api,node_modules\@tanstack\query-core\build\modern\timeoutManager.js
other_api,node_modules\@tanstack\query-core\build\modern\types.d.ts
other_api,node_modules\@tanstack\query-core\build\modern\types.js
other_api,node_modules\@tanstack\query-core\build\modern\utils.d.ts
other_api,node_modules\@tanstack\query-core\build\modern\utils.js
other_api,node_modules\@tanstack\query-core\build\modern\_tsup-dts-rollup.d.ts
other_api,node_modules\@tanstack\query-core\src\environmentManager.ts
other_api,node_modules\@tanstack\query-core\src\focusManager.ts
other_api,node_modules\@tanstack\query-core\src\hydration.ts
other_api,node_modules\@tanstack\query-core\src\index.ts
other_api,node_modules\@tanstack\query-core\src\infiniteQueryBehavior.ts
other_api,node_modules\@tanstack\query-core\src\infiniteQueryObserver.ts
other_api,node_modules\@tanstack\query-core\src\mutation.ts
other_api,node_modules\@tanstack\query-core\src\mutationCache.ts
other_api,node_modules\@tanstack\query-core\src\mutationObserver.ts
other_api,node_modules\@tanstack\query-core\src\notifyManager.ts
other_api,node_modules\@tanstack\query-core\src\onlineManager.ts
other_api,node_modules\@tanstack\query-core\src\queriesObserver.ts
other_api,node_modules\@tanstack\query-core\src\query.ts
other_api,node_modules\@tanstack\query-core\src\queryCache.ts
other_api,node_modules\@tanstack\query-core\src\queryClient.ts
other_api,node_modules\@tanstack\query-core\src\queryObserver.ts
other_api,node_modules\@tanstack\query-core\src\removable.ts
other_api,node_modules\@tanstack\query-core\src\retryer.ts
other_api,node_modules\@tanstack\query-core\src\streamedQuery.ts
other_api,node_modules\@tanstack\query-core\src\subscribable.ts
other_api,node_modules\@tanstack\query-core\src\thenable.ts
other_api,node_modules\@tanstack\query-core\src\timeoutManager.ts
other_api,node_modules\@tanstack\query-core\src\types.ts
other_api,node_modules\@tanstack\query-core\src\utils.ts
other_api,node_modules\@tanstack\react-query\build\legacy\errorBoundaryUtils.d.ts
other_api,node_modules\@tanstack\react-query\build\legacy\errorBoundaryUtils.js
other_api,node_modules\@tanstack\react-query\build\legacy\HydrationBoundary.d.ts
other_api,node_modules\@tanstack\react-query\build\legacy\HydrationBoundary.js
other_api,node_modules\@tanstack\react-query\build\legacy\index.d.ts
other_api,node_modules\@tanstack\react-query\build\legacy\index.js
other_api,node_modules\@tanstack\react-query\build\legacy\infiniteQueryOptions.d.ts
other_api,node_modules\@tanstack\react-query\build\legacy\infiniteQueryOptions.js
other_api,node_modules\@tanstack\react-query\build\legacy\IsRestoringProvider.d.ts
other_api,node_modules\@tanstack\react-query\build\legacy\IsRestoringProvider.js
other_api,node_modules\@tanstack\react-query\build\legacy\mutationOptions.d.ts
other_api,node_modules\@tanstack\react-query\build\legacy\mutationOptions.js
other_api,node_modules\@tanstack\react-query\build\legacy\QueryClientProvider.d.ts
other_api,node_modules\@tanstack\react-query\build\legacy\QueryClientProvider.js
other_api,node_modules\@tanstack\react-query\build\legacy\QueryErrorResetBoundary.d.ts
other_api,node_modules\@tanstack\react-query\build\legacy\QueryErrorResetBoundary.js
other_api,node_modules\@tanstack\react-query\build\legacy\queryOptions.d.ts
other_api,node_modules\@tanstack\react-query\build\legacy\queryOptions.js
other_api,node_modules\@tanstack\react-query\build\legacy\suspense.d.ts
other_api,node_modules\@tanstack\react-query\build\legacy\suspense.js
other_api,node_modules\@tanstack\react-query\build\legacy\types.d.ts
other_api,node_modules\@tanstack\react-query\build\legacy\types.js
other_api,node_modules\@tanstack\react-query\build\legacy\useBaseQuery.d.ts
other_api,node_modules\@tanstack\react-query\build\legacy\useBaseQuery.js
other_api,node_modules\@tanstack\react-query\build\legacy\useInfiniteQuery.d.ts
other_api,node_modules\@tanstack\react-query\build\legacy\useInfiniteQuery.js
other_api,node_modules\@tanstack\react-query\build\legacy\useIsFetching.d.ts
other_api,node_modules\@tanstack\react-query\build\legacy\useIsFetching.js
other_api,node_modules\@tanstack\react-query\build\legacy\useMutation.d.ts
other_api,node_modules\@tanstack\react-query\build\legacy\useMutation.js
other_api,node_modules\@tanstack\react-query\build\legacy\useMutationState.d.ts
other_api,node_modules\@tanstack\react-query\build\legacy\useMutationState.js
other_api,node_modules\@tanstack\react-query\build\legacy\usePrefetchInfiniteQuery.d.ts
other_api,node_modules\@tanstack\react-query\build\legacy\usePrefetchInfiniteQuery.js
other_api,node_modules\@tanstack\react-query\build\legacy\usePrefetchQuery.d.ts
other_api,node_modules\@tanstack\react-query\build\legacy\usePrefetchQuery.js
other_api,node_modules\@tanstack\react-query\build\legacy\useQueries.d.ts
other_api,node_modules\@tanstack\react-query\build\legacy\useQueries.js
other_api,node_modules\@tanstack\react-query\build\legacy\useQuery.d.ts
other_api,node_modules\@tanstack\react-query\build\legacy\useQuery.js
other_api,node_modules\@tanstack\react-query\build\legacy\useSuspenseInfiniteQuery.d.ts
other_api,node_modules\@tanstack\react-query\build\legacy\useSuspenseInfiniteQuery.js
other_api,node_modules\@tanstack\react-query\build\legacy\useSuspenseQueries.d.ts
other_api,node_modules\@tanstack\react-query\build\legacy\useSuspenseQueries.js
other_api,node_modules\@tanstack\react-query\build\legacy\useSuspenseQuery.d.ts
other_api,node_modules\@tanstack\react-query\build\legacy\useSuspenseQuery.js
other_api,node_modules\@tanstack\react-query\build\legacy\_tsup-dts-rollup.d.ts
other_api,node_modules\@tanstack\react-query\build\modern\errorBoundaryUtils.d.ts
other_api,node_modules\@tanstack\react-query\build\modern\errorBoundaryUtils.js
other_api,node_modules\@tanstack\react-query\build\modern\HydrationBoundary.d.ts
other_api,node_modules\@tanstack\react-query\build\modern\HydrationBoundary.js
other_api,node_modules\@tanstack\react-query\build\modern\index.d.ts
other_api,node_modules\@tanstack\react-query\build\modern\index.js
other_api,node_modules\@tanstack\react-query\build\modern\infiniteQueryOptions.d.ts
other_api,node_modules\@tanstack\react-query\build\modern\infiniteQueryOptions.js
other_api,node_modules\@tanstack\react-query\build\modern\IsRestoringProvider.d.ts
other_api,node_modules\@tanstack\react-query\build\modern\IsRestoringProvider.js
other_api,node_modules\@tanstack\react-query\build\modern\mutationOptions.d.ts
other_api,node_modules\@tanstack\react-query\build\modern\mutationOptions.js
other_api,node_modules\@tanstack\react-query\build\modern\QueryClientProvider.d.ts
other_api,node_modules\@tanstack\react-query\build\modern\QueryClientProvider.js
other_api,node_modules\@tanstack\react-query\build\modern\QueryErrorResetBoundary.d.ts
other_api,node_modules\@tanstack\react-query\build\modern\QueryErrorResetBoundary.js
other_api,node_modules\@tanstack\react-query\build\modern\queryOptions.d.ts
other_api,node_modules\@tanstack\react-query\build\modern\queryOptions.js
other_api,node_modules\@tanstack\react-query\build\modern\suspense.d.ts
other_api,node_modules\@tanstack\react-query\build\modern\suspense.js
other_api,node_modules\@tanstack\react-query\build\modern\types.d.ts
other_api,node_modules\@tanstack\react-query\build\modern\types.js
other_api,node_modules\@tanstack\react-query\build\modern\useBaseQuery.d.ts
other_api,node_modules\@tanstack\react-query\build\modern\useBaseQuery.js
other_api,node_modules\@tanstack\react-query\build\modern\useInfiniteQuery.d.ts
other_api,node_modules\@tanstack\react-query\build\modern\useInfiniteQuery.js
other_api,node_modules\@tanstack\react-query\build\modern\useIsFetching.d.ts
other_api,node_modules\@tanstack\react-query\build\modern\useIsFetching.js
other_api,node_modules\@tanstack\react-query\build\modern\useMutation.d.ts
other_api,node_modules\@tanstack\react-query\build\modern\useMutation.js
other_api,node_modules\@tanstack\react-query\build\modern\useMutationState.d.ts
other_api,node_modules\@tanstack\react-query\build\modern\useMutationState.js
other_api,node_modules\@tanstack\react-query\build\modern\usePrefetchInfiniteQuery.d.ts
other_api,node_modules\@tanstack\react-query\build\modern\usePrefetchInfiniteQuery.js
other_api,node_modules\@tanstack\react-query\build\modern\usePrefetchQuery.d.ts
other_api,node_modules\@tanstack\react-query\build\modern\usePrefetchQuery.js
other_api,node_modules\@tanstack\react-query\build\modern\useQueries.d.ts
other_api,node_modules\@tanstack\react-query\build\modern\useQueries.js
other_api,node_modules\@tanstack\react-query\build\modern\useQuery.d.ts
other_api,node_modules\@tanstack\react-query\build\modern\useQuery.js
other_api,node_modules\@tanstack\react-query\build\modern\useSuspenseInfiniteQuery.d.ts
other_api,node_modules\@tanstack\react-query\build\modern\useSuspenseInfiniteQuery.js
other_api,node_modules\@tanstack\react-query\build\modern\useSuspenseQueries.d.ts
other_api,node_modules\@tanstack\react-query\build\modern\useSuspenseQueries.js
other_api,node_modules\@tanstack\react-query\build\modern\useSuspenseQuery.d.ts
other_api,node_modules\@tanstack\react-query\build\modern\useSuspenseQuery.js
other_api,node_modules\@tanstack\react-query\build\modern\_tsup-dts-rollup.d.ts
other_api,node_modules\@tanstack\react-query\build\query-codemods\eslint.config.js
other_api,node_modules\@tanstack\react-query\build\query-codemods\root.eslint.config.js
other_api,node_modules\@tanstack\react-query\build\query-codemods\vite.config.ts
other_api,node_modules\@tanstack\react-query\src\errorBoundaryUtils.ts
other_api,node_modules\@tanstack\react-query\src\HydrationBoundary.tsx
other_api,node_modules\@tanstack\react-query\src\index.ts
other_api,node_modules\@tanstack\react-query\src\infiniteQueryOptions.ts
other_api,node_modules\@tanstack\react-query\src\IsRestoringProvider.ts
other_api,node_modules\@tanstack\react-query\src\mutationOptions.ts
other_api,node_modules\@tanstack\react-query\src\QueryClientProvider.tsx
other_api,node_modules\@tanstack\react-query\src\QueryErrorResetBoundary.tsx
other_api,node_modules\@tanstack\react-query\src\queryOptions.ts
other_api,node_modules\@tanstack\react-query\src\suspense.ts
other_api,node_modules\@tanstack\react-query\src\types.ts
other_api,node_modules\@tanstack\react-query\src\useBaseQuery.ts
other_api,node_modules\@tanstack\react-query\src\useInfiniteQuery.ts
other_api,node_modules\@tanstack\react-query\src\useIsFetching.ts
other_api,node_modules\@tanstack\react-query\src\useMutation.ts
other_api,node_modules\@tanstack\react-query\src\useMutationState.ts
other_api,node_modules\@tanstack\react-query\src\usePrefetchInfiniteQuery.tsx
other_api,node_modules\@tanstack\react-query\src\usePrefetchQuery.tsx
other_api,node_modules\@tanstack\react-query\src\useQueries.ts
other_api,node_modules\@tanstack\react-query\src\useQuery.ts
other_api,node_modules\@tanstack\react-query\src\useSuspenseInfiniteQuery.ts
other_api,node_modules\@tanstack\react-query\src\useSuspenseQueries.ts
other_api,node_modules\@tanstack\react-query\src\useSuspenseQuery.ts
other_api,node_modules\@testing-library\dom\dist\config.js
other_api,node_modules\@testing-library\dom\dist\DOMElementFilter.js
other_api,node_modules\@testing-library\dom\dist\event-map.js
other_api,node_modules\@testing-library\dom\dist\events.js
other_api,node_modules\@testing-library\dom\dist\get-node-text.js
other_api,node_modules\@testing-library\dom\dist\get-queries-for-element.js
other_api,node_modules\@testing-library\dom\dist\get-user-code-frame.js
other_api,node_modules\@testing-library\dom\dist\helpers.js
other_api,node_modules\@testing-library\dom\dist\index.js
other_api,node_modules\@testing-library\dom\dist\label-helpers.js
other_api,node_modules\@testing-library\dom\dist\matches.js
other_api,node_modules\@testing-library\dom\dist\pretty-dom.js
other_api,node_modules\@testing-library\dom\dist\query-helpers.js
other_api,node_modules\@testing-library\dom\dist\role-helpers.js
other_api,node_modules\@testing-library\dom\dist\screen.js
other_api,node_modules\@testing-library\dom\dist\suggestions.js
other_api,node_modules\@testing-library\dom\dist\wait-for-element-to-be-removed.js
other_api,node_modules\@testing-library\dom\dist\wait-for.js
other_api,node_modules\@testing-library\dom\dist\@testing-library\dom.cjs.js
other_api,node_modules\@testing-library\dom\dist\@testing-library\dom.esm.js
other_api,node_modules\@testing-library\dom\dist\@testing-library\dom.umd.js
other_api,node_modules\@testing-library\dom\dist\@testing-library\dom.umd.min.js
other_api,node_modules\@testing-library\dom\dist\queries\all-utils.js
other_api,node_modules\@testing-library\dom\dist\queries\alt-text.js
other_api,node_modules\@testing-library\dom\dist\queries\display-value.js
other_api,node_modules\@testing-library\dom\dist\queries\index.js
other_api,node_modules\@testing-library\dom\dist\queries\label-text.js
other_api,node_modules\@testing-library\dom\dist\queries\placeholder-text.js
other_api,node_modules\@testing-library\dom\dist\queries\role.js
other_api,node_modules\@testing-library\dom\dist\queries\test-id.js
other_api,node_modules\@testing-library\dom\dist\queries\text.js
other_api,node_modules\@testing-library\dom\dist\queries\title.js
other_api,node_modules\@testing-library\dom\types\config.d.ts
other_api,node_modules\@testing-library\dom\types\events.d.ts
other_api,node_modules\@testing-library\dom\types\get-node-text.d.ts
other_api,node_modules\@testing-library\dom\types\get-queries-for-element.d.ts
other_api,node_modules\@testing-library\dom\types\index.d.ts
other_api,node_modules\@testing-library\dom\types\matches.d.ts
other_api,node_modules\@testing-library\dom\types\pretty-dom.d.ts
other_api,node_modules\@testing-library\dom\types\queries.d.ts
other_api,node_modules\@testing-library\dom\types\query-helpers.d.ts
other_api,node_modules\@testing-library\dom\types\role-helpers.d.ts
other_api,node_modules\@testing-library\dom\types\screen.d.ts
other_api,node_modules\@testing-library\dom\types\suggestions.d.ts
other_api,node_modules\@testing-library\dom\types\wait-for-element-to-be-removed.d.ts
other_api,node_modules\@testing-library\dom\types\wait-for.d.ts
other_api,node_modules\@testing-library\jest-dom\jest-globals.d.ts
other_api,node_modules\@testing-library\jest-dom\jest-globals.js
other_api,node_modules\@testing-library\jest-dom\matchers.d.ts
other_api,node_modules\@testing-library\jest-dom\matchers.js
other_api,node_modules\@testing-library\jest-dom\vitest.d.ts
other_api,node_modules\@testing-library\jest-dom\vitest.js
other_api,node_modules\@testing-library\jest-dom\dist\index.js
other_api,node_modules\@testing-library\jest-dom\dist\jest-globals.js
other_api,node_modules\@testing-library\jest-dom\dist\matchers-98b869c1.js
other_api,node_modules\@testing-library\jest-dom\dist\matchers.js
other_api,node_modules\@testing-library\jest-dom\dist\vitest.js
other_api,node_modules\@testing-library\jest-dom\node_modules\dom-accessibility-api\dist\accessible-description.d.ts
other_api,node_modules\@testing-library\jest-dom\node_modules\dom-accessibility-api\dist\accessible-description.js
other_api,node_modules\@testing-library\jest-dom\node_modules\dom-accessibility-api\dist\accessible-name-and-description.d.ts
other_api,node_modules\@testing-library\jest-dom\node_modules\dom-accessibility-api\dist\accessible-name-and-description.js
other_api,node_modules\@testing-library\jest-dom\node_modules\dom-accessibility-api\dist\accessible-name.d.ts
other_api,node_modules\@testing-library\jest-dom\node_modules\dom-accessibility-api\dist\accessible-name.js
other_api,node_modules\@testing-library\jest-dom\node_modules\dom-accessibility-api\dist\getRole.d.ts
other_api,node_modules\@testing-library\jest-dom\node_modules\dom-accessibility-api\dist\getRole.js
other_api,node_modules\@testing-library\jest-dom\node_modules\dom-accessibility-api\dist\index.d.ts
other_api,node_modules\@testing-library\jest-dom\node_modules\dom-accessibility-api\dist\index.js
other_api,node_modules\@testing-library\jest-dom\node_modules\dom-accessibility-api\dist\is-disabled.d.ts
other_api,node_modules\@testing-library\jest-dom\node_modules\dom-accessibility-api\dist\is-disabled.js
other_api,node_modules\@testing-library\jest-dom\node_modules\dom-accessibility-api\dist\is-inaccessible.d.ts
other_api,node_modules\@testing-library\jest-dom\node_modules\dom-accessibility-api\dist\is-inaccessible.js
other_api,node_modules\@testing-library\jest-dom\node_modules\dom-accessibility-api\dist\util.d.ts
other_api,node_modules\@testing-library\jest-dom\node_modules\dom-accessibility-api\dist\util.js
other_api,node_modules\@testing-library\jest-dom\node_modules\dom-accessibility-api\dist\polyfills\array.from.d.ts
other_api,node_modules\@testing-library\jest-dom\node_modules\dom-accessibility-api\dist\polyfills\array.from.js
other_api,node_modules\@testing-library\jest-dom\node_modules\dom-accessibility-api\dist\polyfills\iterator.d.js
other_api,node_modules\@testing-library\jest-dom\node_modules\dom-accessibility-api\dist\polyfills\SetLike.d.ts
other_api,node_modules\@testing-library\jest-dom\node_modules\dom-accessibility-api\dist\polyfills\SetLike.js
other_api,node_modules\@testing-library\jest-dom\types\bun.d.ts
other_api,node_modules\@testing-library\jest-dom\types\index.d.ts
other_api,node_modules\@testing-library\jest-dom\types\jest-globals.d.ts
other_api,node_modules\@testing-library\jest-dom\types\jest.d.ts
other_api,node_modules\@testing-library\jest-dom\types\matchers-standalone.d.ts
other_api,node_modules\@testing-library\jest-dom\types\matchers.d.ts
other_api,node_modules\@testing-library\jest-dom\types\vitest.d.ts
other_api,node_modules\@testing-library\jest-dom\types\__tests__\bun\bun-custom-expect-types.test.ts
other_api,node_modules\@testing-library\jest-dom\types\__tests__\bun\bun-types.test.ts
other_api,node_modules\@testing-library\jest-dom\types\__tests__\jest\jest-custom-expect-types.test.ts
other_api,node_modules\@testing-library\jest-dom\types\__tests__\jest\jest-types.test.ts
other_api,node_modules\@testing-library\jest-dom\types\__tests__\jest-globals\jest-globals-custom-expect-types.test.ts
other_api,node_modules\@testing-library\jest-dom\types\__tests__\jest-globals\jest-globals-types.test.ts
other_api,node_modules\@testing-library\jest-dom\types\__tests__\vitest\vitest-custom-expect-types.test.ts
other_api,node_modules\@testing-library\jest-dom\types\__tests__\vitest\vitest-types.test.ts
other_api,node_modules\@testing-library\react\dont-cleanup-after-each.js
other_api,node_modules\@testing-library\react\pure.d.ts
other_api,node_modules\@testing-library\react\pure.js
other_api,node_modules\@testing-library\react\dist\act-compat.js
other_api,node_modules\@testing-library\react\dist\config.js
other_api,node_modules\@testing-library\react\dist\fire-event.js
other_api,node_modules\@testing-library\react\dist\index.js
other_api,node_modules\@testing-library\react\dist\pure.js
other_api,node_modules\@testing-library\react\dist\@testing-library\react.cjs.js
other_api,node_modules\@testing-library\react\dist\@testing-library\react.esm.js
other_api,node_modules\@testing-library\react\dist\@testing-library\react.pure.cjs.js
other_api,node_modules\@testing-library\react\dist\@testing-library\react.pure.esm.js
other_api,node_modules\@testing-library\react\dist\@testing-library\react.pure.umd.js
other_api,node_modules\@testing-library\react\dist\@testing-library\react.pure.umd.min.js
other_api,node_modules\@testing-library\react\dist\@testing-library\react.umd.js
other_api,node_modules\@testing-library\react\dist\@testing-library\react.umd.min.js
other_api,node_modules\@testing-library\react\types\index.d.ts
other_api,node_modules\@testing-library\react\types\pure.d.ts
other_api,node_modules\@types\aria-query\index.d.ts
other_api,node_modules\@types\chai\index.d.ts
other_api,node_modules\@types\chai\register-should.d.ts
other_api,node_modules\@types\deep-eql\index.d.ts
other_api,node_modules\@types\esrecurse\index.d.ts
other_api,node_modules\@types\estree\flow.d.ts
other_api,node_modules\@types\estree\index.d.ts
other_api,node_modules\@types\json-schema\index.d.ts
other_api,node_modules\@types\node\assert.d.ts
other_api,node_modules\@types\node\async_hooks.d.ts
other_api,node_modules\@types\node\buffer.buffer.d.ts
other_api,node_modules\@types\node\buffer.d.ts
other_api,node_modules\@types\node\child_process.d.ts
other_api,node_modules\@types\node\cluster.d.ts
other_api,node_modules\@types\node\console.d.ts
other_api,node_modules\@types\node\constants.d.ts
other_api,node_modules\@types\node\crypto.d.ts
other_api,node_modules\@types\node\dgram.d.ts
other_api,node_modules\@types\node\diagnostics_channel.d.ts
other_api,node_modules\@types\node\dns.d.ts
other_api,node_modules\@types\node\domain.d.ts
other_api,node_modules\@types\node\events.d.ts
other_api,node_modules\@types\node\fs.d.ts
other_api,node_modules\@types\node\globals.d.ts
other_api,node_modules\@types\node\globals.typedarray.d.ts
other_api,node_modules\@types\node\http.d.ts
other_api,node_modules\@types\node\http2.d.ts
other_api,node_modules\@types\node\https.d.ts
other_api,node_modules\@types\node\index.d.ts
other_api,node_modules\@types\node\inspector.d.ts
other_api,node_modules\@types\node\inspector.generated.d.ts
other_api,node_modules\@types\node\module.d.ts
other_api,node_modules\@types\node\net.d.ts
other_api,node_modules\@types\node\os.d.ts
other_api,node_modules\@types\node\path.d.ts
other_api,node_modules\@types\node\perf_hooks.d.ts
other_api,node_modules\@types\node\process.d.ts
other_api,node_modules\@types\node\punycode.d.ts
other_api,node_modules\@types\node\querystring.d.ts
other_api,node_modules\@types\node\readline.d.ts
other_api,node_modules\@types\node\repl.d.ts
other_api,node_modules\@types\node\sea.d.ts
other_api,node_modules\@types\node\sqlite.d.ts
other_api,node_modules\@types\node\stream.d.ts
other_api,node_modules\@types\node\string_decoder.d.ts
other_api,node_modules\@types\node\test.d.ts
other_api,node_modules\@types\node\timers.d.ts
other_api,node_modules\@types\node\tls.d.ts
other_api,node_modules\@types\node\trace_events.d.ts
other_api,node_modules\@types\node\tty.d.ts
other_api,node_modules\@types\node\url.d.ts
other_api,node_modules\@types\node\util.d.ts
other_api,node_modules\@types\node\v8.d.ts
other_api,node_modules\@types\node\vm.d.ts
other_api,node_modules\@types\node\wasi.d.ts
other_api,node_modules\@types\node\worker_threads.d.ts
other_api,node_modules\@types\node\zlib.d.ts
other_api,node_modules\@types\node\assert\strict.d.ts
other_api,node_modules\@types\node\compatibility\iterators.d.ts
other_api,node_modules\@types\node\dns\promises.d.ts
other_api,node_modules\@types\node\fs\promises.d.ts
other_api,node_modules\@types\node\readline\promises.d.ts
other_api,node_modules\@types\node\stream\consumers.d.ts
other_api,node_modules\@types\node\stream\promises.d.ts
other_api,node_modules\@types\node\stream\web.d.ts
other_api,node_modules\@types\node\timers\promises.d.ts
other_api,node_modules\@types\node\ts5.6\buffer.buffer.d.ts
other_api,node_modules\@types\node\ts5.6\globals.typedarray.d.ts
other_api,node_modules\@types\node\ts5.6\index.d.ts
other_api,node_modules\@types\node\ts5.6\compatibility\float16array.d.ts
other_api,node_modules\@types\node\ts5.7\index.d.ts
other_api,node_modules\@types\node\ts5.7\compatibility\float16array.d.ts
other_api,node_modules\@types\node\web-globals\abortcontroller.d.ts
other_api,node_modules\@types\node\web-globals\crypto.d.ts
other_api,node_modules\@types\node\web-globals\domexception.d.ts
other_api,node_modules\@types\node\web-globals\events.d.ts
other_api,node_modules\@types\node\web-globals\fetch.d.ts
other_api,node_modules\@types\node\web-globals\navigator.d.ts
other_api,node_modules\@types\node\web-globals\storage.d.ts
other_api,node_modules\@types\node\web-globals\streams.d.ts
other_api,node_modules\@types\react\canary.d.ts
other_api,node_modules\@types\react\compiler-runtime.d.ts
other_api,node_modules\@types\react\experimental.d.ts
other_api,node_modules\@types\react\global.d.ts
other_api,node_modules\@types\react\index.d.ts
other_api,node_modules\@types\react\jsx-dev-runtime.d.ts
other_api,node_modules\@types\react\jsx-runtime.d.ts
other_api,node_modules\@types\react\ts5.0\canary.d.ts
other_api,node_modules\@types\react\ts5.0\experimental.d.ts
other_api,node_modules\@types\react\ts5.0\global.d.ts
other_api,node_modules\@types\react\ts5.0\index.d.ts
other_api,node_modules\@types\react\ts5.0\jsx-dev-runtime.d.ts
other_api,node_modules\@types\react\ts5.0\jsx-runtime.d.ts
other_api,node_modules\@types\react-dom\canary.d.ts
other_api,node_modules\@types\react-dom\client.d.ts
other_api,node_modules\@types\react-dom\experimental.d.ts
other_api,node_modules\@types\react-dom\index.d.ts
other_api,node_modules\@types\react-dom\server.browser.d.ts
other_api,node_modules\@types\react-dom\server.bun.d.ts
other_api,node_modules\@types\react-dom\server.d.ts
other_api,node_modules\@types\react-dom\server.edge.d.ts
other_api,node_modules\@types\react-dom\server.node.d.ts
other_api,node_modules\@types\react-dom\static.browser.d.ts
other_api,node_modules\@types\react-dom\static.d.ts
other_api,node_modules\@types\react-dom\static.edge.d.ts
other_api,node_modules\@types\react-dom\static.node.d.ts
other_api,node_modules\@types\react-dom\test-utils\index.d.ts
other_api,node_modules\@types\set-cookie-parser\index.d.ts
other_api,node_modules\@types\statuses\index.d.ts
other_api,node_modules\@typescript-eslint\eslint-plugin\index.d.ts
other_api,node_modules\@typescript-eslint\eslint-plugin\raw-plugin.d.ts
other_api,node_modules\@typescript-eslint\eslint-plugin\rules.d.ts
other_api,node_modules\@typescript-eslint\eslint-plugin\dist\index.d.ts
other_api,node_modules\@typescript-eslint\eslint-plugin\dist\index.js
other_api,node_modules\@typescript-eslint\eslint-plugin\dist\raw-plugin.d.ts
other_api,node_modules\@typescript-eslint\eslint-plugin\dist\raw-plugin.js
other_api,node_modules\@typescript-eslint\eslint-plugin\dist\configs\eslint-recommended-raw.d.ts
other_api,node_modules\@typescript-eslint\eslint-plugin\dist\configs\eslint-recommended-raw.js
other_api,node_modules\@typescript-eslint\eslint-plugin\dist\configs\eslintrc\all.d.ts
other_api,node_modules\@typescript-eslint\eslint-plugin\dist\configs\eslintrc\all.js
other_api,node_modules\@typescript-eslint\eslint-plugin\dist\configs\eslintrc\base.d.ts
other_api,node_modules\@typescript-eslint\eslint-plugin\dist\configs\eslintrc\base.js
other_api,node_modules\@typescript-eslint\eslint-plugin\dist\configs\eslintrc\disable-type-checked.d.ts
other_api,node_modules\@typescript-eslint\eslint-plugin\dist\configs\eslintrc\disable-type-checked.js
other_api,node_modules\@typescript-eslint\eslint-plugin\dist\configs\eslintrc\eslint-recommended.d.ts
other_api,node_modules\@typescript-eslint\eslint-plugin\dist\configs\eslintrc\eslint-recommended.js
other_api,node_modules\@typescript-eslint\eslint-plugin\dist\configs\eslintrc\recommended-type-checked-only.d.ts
other_api,node_modules\@typescript-eslint\eslint-plugin\dist\configs\eslintrc\recommended-type-checked-only.js
other_api,node_modules\@typescript-eslint\eslint-plugin\dist\configs\eslintrc\recommended-type-checked.d.ts
other_api,node_modules\@typescript-eslint\eslint-plugin\dist\configs\eslintrc\recommended-type-checked.js
other_api,node_modules\@typescript-eslint\eslint-plugin\dist\configs\eslintrc\recommended.d.ts
other_api,node_modules\@typescript-eslint\eslint-plugin\dist\configs\eslintrc\recommended.js
other_api,node_modules\@typescript-eslint\eslint-plugin\dist\configs\eslintrc\strict-type-checked-only.d.ts
other_api,node_modules\@typescript-eslint\eslint-plugin\dist\configs\eslintrc\strict-type-checked-only.js
other_api,node_modules\@typescript-eslint\eslint-plugin\dist\configs\eslintrc\strict-type-checked.d.ts
other_api,node_modules\@typescript-eslint\eslint-plugin\dist\configs\eslintrc\strict-type-checked.js
other_api,node_modules\@typescript-eslint\eslint-plugin\dist\configs\eslintrc\strict.d.ts
other_api,node_modules\@typescript-eslint\eslint-plugin\dist\configs\eslintrc\strict.js
other_api,node_modules\@typescript-eslint\eslint-plugin\dist\configs\eslintrc\stylistic-type-checked-only.d.ts
other_api,node_modules\@typescript-eslint\eslint-plugin\dist\configs\eslintrc\stylistic-type-checked-only.js
other_api,node_modules\@typescript-eslint\eslint-plugin\dist\configs\eslintrc\stylistic-type-checked.d.ts
other_api,node_modules\@typescript-eslint\eslint-plugin\dist\configs\eslintrc\stylistic-type-checked.js
other_api,node_modules\@typescript-eslint\eslint-plugin\dist\configs\eslintrc\stylistic.d.ts
other_api,node_modules\@typescript-eslint\eslint-plugin\dist\configs\eslintrc\stylistic.js
other_api,node_modules\@typescript-eslint\eslint-plugin\dist\configs\flat\all.d.ts
other_api,node_modules\@typescript-eslint\eslint-plugin\dist\configs\flat\all.js
other_api,node_modules\@typescript-eslint\eslint-plugin\dist\configs\flat\base.d.ts
other_api,node_modules\@typescript-eslint\eslint-plugin\dist\configs\flat\base.js
other_api,node_modules\@typescript-eslint\eslint-plugin\dist\configs\flat\disable-type-checked.d.ts
other_api,node_modules\@typescript-eslint\eslint-plugin\dist\configs\flat\disable-type-checked.js
other_api,node_modules\@typescript-eslint\eslint-plugin\dist\configs\flat\eslint-recommended.d.ts
other_api,node_modules\@typescript-eslint\eslint-plugin\dist\configs\flat\eslint-recommended.js
other_api,node_modules\@typescript-eslint\eslint-plugin\dist\configs\flat\recommended-type-checked-only.d.ts
other_api,node_modules\@typescript-eslint\eslint-plugin\dist\configs\flat\recommended-type-checked-only.js
other_api,node_modules\@typescript-eslint\eslint-plugin\dist\configs\flat\recommended-type-checked.d.ts
other_api,node_modules\@typescript-eslint\eslint-plugin\dist\configs\flat\recommended-type-checked.js
other_api,node_modules\@typescript-eslint\eslint-plugin\dist\configs\flat\recommended.d.ts
other_api,node_modules\@typescript-eslint\eslint-plugin\dist\configs\flat\recommended.js
other_api,node_modules\@typescript-eslint\eslint-plugin\dist\configs\flat\strict-type-checked-only.d.ts
other_api,node_modules\@typescript-eslint\eslint-plugin\dist\configs\flat\strict-type-checked-only.js
other_api,node_modules\@typescript-eslint\eslint-plugin\dist\configs\flat\strict-type-checked.d.ts
other_api,node_modules\@typescript-eslint\eslint-plugin\dist\configs\flat\strict-type-checked.js
other_api,node_modules\@typescript-eslint\eslint-plugin\dist\configs\flat\strict.d.ts
other_api,node_modules\@typescript-eslint\eslint-plugin\dist\configs\flat\strict.js
other_api,node_modules\@typescript-eslint\eslint-plugin\dist\configs\flat\stylistic-type-checked-only.d.ts
other_api,node_modules\@typescript-eslint\eslint-plugin\dist\configs\flat\stylistic-type-checked-only.js
other_api,node_modules\@typescript-eslint\eslint-plugin\dist\configs\flat\stylistic-type-checked.d.ts
other_api,node_modules\@typescript-eslint\eslint-plugin\dist\configs\flat\stylistic-type-checked.js
other_api,node_modules\@typescript-eslint\eslint-plugin\dist\configs\flat\stylistic.d.ts
other_api,node_modules\@typescript-eslint\eslint-plugin\dist\configs\flat\stylistic.js
other_api,node_modules\@typescript-eslint\eslint-plugin\dist\rules\adjacent-overload-signatures.d.ts
other_api,node_modules\@typescript-eslint\eslint-plugin\dist\rules\adjacent-overload-signatures.js
other_api,node_modules\@typescript-eslint\eslint-plugin\dist\rules\array-type.d.ts
other_api,node_modules\@typescript-eslint\eslint-plugin\dist\rules\array-type.js
other_api,node_modules\@typescript-eslint\eslint-plugin\dist\rules\await-thenable.d.ts
other_api,node_modules\@typescript-eslint\eslint-plugin\dist\rules\await-thenable.js
other_api,node_modules\@typescript-eslint\eslint-plugin\dist\rules\ban-ts-comment.d.ts
other_api,node_modules\@typescript-eslint\eslint-plugin\dist\rules\ban-ts-comment.js
other_api,node_modules\@typescript-eslint\eslint-plugin\dist\rules\ban-tslint-comment.d.ts
other_api,node_modules\@typescript-eslint\eslint-plugin\dist\rules\ban-tslint-comment.js
other_api,node_modules\@typescript-eslint\eslint-plugin\dist\rules\class-literal-property-style.d.ts
other_api,node_modules\@typescript-eslint\eslint-plugin\dist\rules\class-literal-property-style.js
other_api,node_modules\@typescript-eslint\eslint-plugin\dist\rules\class-methods-use-this.d.ts
other_api,node_modules\@typescript-eslint\eslint-plugin\dist\rules\class-methods-use-this.js
other_api,node_modules\@typescript-eslint\eslint-plugin\dist\rules\consistent-generic-constructors.d.ts
other_api,node_modules\@typescript-eslint\eslint-plugin\dist\rules\consistent-generic-constructors.js
other_api,node_modules\@typescript-eslint\eslint-plugin\dist\rules\consistent-indexed-object-style.d.ts
other_api,node_modules\@typescript-eslint\eslint-plugin\dist\rules\consistent-indexed-object-style.js
other_api,node_modules\@typescript-eslint\eslint-plugin\dist\rules\consistent-return.d.ts
other_api,node_modules\@typescript-eslint\eslint-plugin\dist\rules\consistent-return.js
other_api,node_modules\@typescript-eslint\eslint-plugin\dist\rules\consistent-type-assertions.d.ts
other_api,node_modules\@typescript-eslint\eslint-plugin\dist\rules\consistent-type-assertions.js
other_api,node_modules\@typescript-eslint\eslint-plugin\dist\rules\consistent-type-definitions.d.ts
other_api,node_modules\@typescript-eslint\eslint-plugin\dist\rules\consistent-type-definitions.js
other_api,node_modules\@typescript-eslint\eslint-plugin\dist\rules\consistent-type-exports.d.ts
other_api,node_modules\@typescript-eslint\eslint-plugin\dist\rules\consistent-type-exports.js
other_api,node_modules\@typescript-eslint\eslint-plugin\dist\rules\consistent-type-imports.d.ts
other_api,node_modules\@typescript-eslint\eslint-plugin\dist\rules\consistent-type-imports.js
other_api,node_modules\@typescript-eslint\eslint-plugin\dist\rules\default-param-last.d.ts
other_api,node_modules\@typescript-eslint\eslint-plugin\dist\rules\default-param-last.js
other_api,node_modules\@typescript-eslint\eslint-plugin\dist\rules\dot-notation.d.ts
other_api,node_modules\@typescript-eslint\eslint-plugin\dist\rules\dot-notation.js
other_api,node_modules\@typescript-eslint\eslint-plugin\dist\rules\explicit-function-return-type.d.ts
other_api,node_modules\@typescript-eslint\eslint-plugin\dist\rules\explicit-function-return-type.js
other_api,node_modules\@typescript-eslint\eslint-plugin\dist\rules\explicit-member-accessibility.d.ts
other_api,node_modules\@typescript-eslint\eslint-plugin\dist\rules\explicit-member-accessibility.js
other_api,node_modules\@typescript-eslint\eslint-plugin\dist\rules\explicit-module-boundary-types.d.ts
other_api,node_modules\@typescript-eslint\eslint-plugin\dist\rules\explicit-module-boundary-types.js
other_api,node_modules\@typescript-eslint\eslint-plugin\dist\rules\index.d.ts
other_api,node_modules\@typescript-eslint\eslint-plugin\dist\rules\index.js
other_api,node_modules\@typescript-eslint\eslint-plugin\dist\rules\init-declarations.d.ts
other_api,node_modules\@typescript-eslint\eslint-plugin\dist\rules\init-declarations.js
other_api,node_modules\@typescript-eslint\eslint-plugin\dist\rules\max-params.d.ts
other_api,node_modules\@typescript-eslint\eslint-plugin\dist\rules\max-params.js
other_api,node_modules\@typescript-eslint\eslint-plugin\dist\rules\member-ordering.d.ts
other_api,node_modules\@typescript-eslint\eslint-plugin\dist\rules\member-ordering.js
other_api,node_modules\@typescript-eslint\eslint-plugin\dist\rules\method-signature-style.d.ts
other_api,node_modules\@typescript-eslint\eslint-plugin\dist\rules\method-signature-style.js
other_api,node_modules\@typescript-eslint\eslint-plugin\dist\rules\naming-convention.d.ts
other_api,node_modules\@typescript-eslint\eslint-plugin\dist\rules\naming-convention.js
other_api,node_modules\@typescript-eslint\eslint-plugin\dist\rules\no-array-constructor.d.ts
other_api,node_modules\@typescript-eslint\eslint-plugin\dist\rules\no-array-constructor.js
other_api,node_modules\@typescript-eslint\eslint-plugin\dist\rules\no-array-delete.d.ts
other_api,node_modules\@typescript-eslint\eslint-plugin\dist\rules\no-array-delete.js
other_api,node_modules\@typescript-eslint\eslint-plugin\dist\rules\no-base-to-string.d.ts
other_api,node_modules\@typescript-eslint\eslint-plugin\dist\rules\no-base-to-string.js
other_api,node_modules\@typescript-eslint\eslint-plugin\dist\rules\no-confusing-non-null-assertion.d.ts
other_api,node_modules\@typescript-eslint\eslint-plugin\dist\rules\no-confusing-non-null-assertion.js
other_api,node_modules\@typescript-eslint\eslint-plugin\dist\rules\no-confusing-void-expression.d.ts
other_api,node_modules\@typescript-eslint\eslint-plugin\dist\rules\no-confusing-void-expression.js
other_api,node_modules\@typescript-eslint\eslint-plugin\dist\rules\no-deprecated.d.ts
other_api,node_modules\@typescript-eslint\eslint-plugin\dist\rules\no-deprecated.js
other_api,node_modules\@typescript-eslint\eslint-plugin\dist\rules\no-dupe-class-members.d.ts
other_api,node_modules\@typescript-eslint\eslint-plugin\dist\rules\no-dupe-class-members.js
other_api,node_modules\@typescript-eslint\eslint-plugin\dist\rules\no-duplicate-enum-values.d.ts
other_api,node_modules\@typescript-eslint\eslint-plugin\dist\rules\no-duplicate-enum-values.js
other_api,node_modules\@typescript-eslint\eslint-plugin\dist\rules\no-duplicate-type-constituents.d.ts
other_api,node_modules\@typescript-eslint\eslint-plugin\dist\rules\no-duplicate-type-constituents.js
other_api,node_modules\@typescript-eslint\eslint-plugin\dist\rules\no-dynamic-delete.d.ts
other_api,node_modules\@typescript-eslint\eslint-plugin\dist\rules\no-dynamic-delete.js
other_api,node_modules\@typescript-eslint\eslint-plugin\dist\rules\no-empty-function.d.ts
other_api,node_modules\@typescript-eslint\eslint-plugin\dist\rules\no-empty-function.js
other_api,node_modules\@typescript-eslint\eslint-plugin\dist\rules\no-empty-interface.d.ts
other_api,node_modules\@typescript-eslint\eslint-plugin\dist\rules\no-empty-interface.js
other_api,node_modules\@typescript-eslint\eslint-plugin\dist\rules\no-empty-object-type.d.ts
other_api,node_modules\@typescript-eslint\eslint-plugin\dist\rules\no-empty-object-type.js
other_api,node_modules\@typescript-eslint\eslint-plugin\dist\rules\no-explicit-any.d.ts
other_api,node_modules\@typescript-eslint\eslint-plugin\dist\rules\no-explicit-any.js
other_api,node_modules\@typescript-eslint\eslint-plugin\dist\rules\no-extra-non-null-assertion.d.ts
other_api,node_modules\@typescript-eslint\eslint-plugin\dist\rules\no-extra-non-null-assertion.js
other_api,node_modules\@typescript-eslint\eslint-plugin\dist\rules\no-extraneous-class.d.ts
other_api,node_modules\@typescript-eslint\eslint-plugin\dist\rules\no-extraneous-class.js
other_api,node_modules\@typescript-eslint\eslint-plugin\dist\rules\no-floating-promises.d.ts
other_api,node_modules\@typescript-eslint\eslint-plugin\dist\rules\no-floating-promises.js
other_api,node_modules\@typescript-eslint\eslint-plugin\dist\rules\no-for-in-array.d.ts
other_api,node_modules\@typescript-eslint\eslint-plugin\dist\rules\no-for-in-array.js
other_api,node_modules\@typescript-eslint\eslint-plugin\dist\rules\no-implied-eval.d.ts
other_api,node_modules\@typescript-eslint\eslint-plugin\dist\rules\no-implied-eval.js
other_api,node_modules\@typescript-eslint\eslint-plugin\dist\rules\no-import-type-side-effects.d.ts
other_api,node_modules\@typescript-eslint\eslint-plugin\dist\rules\no-import-type-side-effects.js
other_api,node_modules\@typescript-eslint\eslint-plugin\dist\rules\no-inferrable-types.d.ts
other_api,node_modules\@typescript-eslint\eslint-plugin\dist\rules\no-inferrable-types.js
other_api,node_modules\@typescript-eslint\eslint-plugin\dist\rules\no-invalid-this.d.ts
other_api,node_modules\@typescript-eslint\eslint-plugin\dist\rules\no-invalid-this.js
other_api,node_modules\@typescript-eslint\eslint-plugin\dist\rules\no-invalid-void-type.d.ts
other_api,node_modules\@typescript-eslint\eslint-plugin\dist\rules\no-invalid-void-type.js
other_api,node_modules\@typescript-eslint\eslint-plugin\dist\rules\no-loop-func.d.ts
other_api,node_modules\@typescript-eslint\eslint-plugin\dist\rules\no-loop-func.js
other_api,node_modules\@typescript-eslint\eslint-plugin\dist\rules\no-loss-of-precision.d.ts
other_api,node_modules\@typescript-eslint\eslint-plugin\dist\rules\no-loss-of-precision.js
other_api,node_modules\@typescript-eslint\eslint-plugin\dist\rules\no-magic-numbers.d.ts
other_api,node_modules\@typescript-eslint\eslint-plugin\dist\rules\no-magic-numbers.js
other_api,node_modules\@typescript-eslint\eslint-plugin\dist\rules\no-meaningless-void-operator.d.ts
other_api,node_modules\@typescript-eslint\eslint-plugin\dist\rules\no-meaningless-void-operator.js
other_api,node_modules\@typescript-eslint\eslint-plugin\dist\rules\no-misused-new.d.ts
other_api,node_modules\@typescript-eslint\eslint-plugin\dist\rules\no-misused-new.js
other_api,node_modules\@typescript-eslint\eslint-plugin\dist\rules\no-misused-promises.d.ts
other_api,node_modules\@typescript-eslint\eslint-plugin\dist\rules\no-misused-promises.js
other_api,node_modules\@typescript-eslint\eslint-plugin\dist\rules\no-misused-spread.d.ts
other_api,node_modules\@typescript-eslint\eslint-plugin\dist\rules\no-misused-spread.js
other_api,node_modules\@typescript-eslint\eslint-plugin\dist\rules\no-mixed-enums.d.ts
other_api,node_modules\@typescript-eslint\eslint-plugin\dist\rules\no-mixed-enums.js
other_api,node_modules\@typescript-eslint\eslint-plugin\dist\rules\no-namespace.d.ts
other_api,node_modules\@typescript-eslint\eslint-plugin\dist\rules\no-namespace.js
other_api,node_modules\@typescript-eslint\eslint-plugin\dist\rules\no-non-null-asserted-nullish-coalescing.d.ts
other_api,node_modules\@typescript-eslint\eslint-plugin\dist\rules\no-non-null-asserted-nullish-coalescing.js
other_api,node_modules\@typescript-eslint\eslint-plugin\dist\rules\no-non-null-asserted-optional-chain.d.ts
other_api,node_modules\@typescript-eslint\eslint-plugin\dist\rules\no-non-null-asserted-optional-chain.js
other_api,node_modules\@typescript-eslint\eslint-plugin\dist\rules\no-non-null-assertion.d.ts
other_api,node_modules\@typescript-eslint\eslint-plugin\dist\rules\no-non-null-assertion.js
other_api,node_modules\@typescript-eslint\eslint-plugin\dist\rules\no-redeclare.d.ts
other_api,node_modules\@typescript-eslint\eslint-plugin\dist\rules\no-redeclare.js
other_api,node_modules\@typescript-eslint\eslint-plugin\dist\rules\no-redundant-type-constituents.d.ts
other_api,node_modules\@typescript-eslint\eslint-plugin\dist\rules\no-redundant-type-constituents.js
other_api,node_modules\@typescript-eslint\eslint-plugin\dist\rules\no-require-imports.d.ts
other_api,node_modules\@typescript-eslint\eslint-plugin\dist\rules\no-require-imports.js
other_api,node_modules\@typescript-eslint\eslint-plugin\dist\rules\no-restricted-imports.d.ts
other_api,node_modules\@typescript-eslint\eslint-plugin\dist\rules\no-restricted-imports.js
other_api,node_modules\@typescript-eslint\eslint-plugin\dist\rules\no-restricted-types.d.ts
other_api,node_modules\@typescript-eslint\eslint-plugin\dist\rules\no-restricted-types.js
other_api,node_modules\@typescript-eslint\eslint-plugin\dist\rules\no-shadow.d.ts
other_api,node_modules\@typescript-eslint\eslint-plugin\dist\rules\no-shadow.js
other_api,node_modules\@typescript-eslint\eslint-plugin\dist\rules\no-this-alias.d.ts
other_api,node_modules\@typescript-eslint\eslint-plugin\dist\rules\no-this-alias.js
other_api,node_modules\@typescript-eslint\eslint-plugin\dist\rules\no-type-alias.d.ts
other_api,node_modules\@typescript-eslint\eslint-plugin\dist\rules\no-type-alias.js
other_api,node_modules\@typescript-eslint\eslint-plugin\dist\rules\no-unnecessary-boolean-literal-compare.d.ts
other_api,node_modules\@typescript-eslint\eslint-plugin\dist\rules\no-unnecessary-boolean-literal-compare.js
other_api,node_modules\@typescript-eslint\eslint-plugin\dist\rules\no-unnecessary-condition.d.ts
other_api,node_modules\@typescript-eslint\eslint-plugin\dist\rules\no-unnecessary-condition.js
other_api,node_modules\@typescript-eslint\eslint-plugin\dist\rules\no-unnecessary-parameter-property-assignment.d.ts
other_api,node_modules\@typescript-eslint\eslint-plugin\dist\rules\no-unnecessary-parameter-property-assignment.js
other_api,node_modules\@typescript-eslint\eslint-plugin\dist\rules\no-unnecessary-qualifier.d.ts
other_api,node_modules\@typescript-eslint\eslint-plugin\dist\rules\no-unnecessary-qualifier.js
other_api,node_modules\@typescript-eslint\eslint-plugin\dist\rules\no-unnecessary-template-expression.d.ts
other_api,node_modules\@typescript-eslint\eslint-plugin\dist\rules\no-unnecessary-template-expression.js
other_api,node_modules\@typescript-eslint\eslint-plugin\dist\rules\no-unnecessary-type-arguments.d.ts
other_api,node_modules\@typescript-eslint\eslint-plugin\dist\rules\no-unnecessary-type-arguments.js
other_api,node_modules\@typescript-eslint\eslint-plugin\dist\rules\no-unnecessary-type-assertion.d.ts
other_api,node_modules\@typescript-eslint\eslint-plugin\dist\rules\no-unnecessary-type-assertion.js
other_api,node_modules\@typescript-eslint\eslint-plugin\dist\rules\no-unnecessary-type-constraint.d.ts
other_api,node_modules\@typescript-eslint\eslint-plugin\dist\rules\no-unnecessary-type-constraint.js
other_api,node_modules\@typescript-eslint\eslint-plugin\dist\rules\no-unnecessary-type-conversion.d.ts
other_api,node_modules\@typescript-eslint\eslint-plugin\dist\rules\no-unnecessary-type-conversion.js
other_api,node_modules\@typescript-eslint\eslint-plugin\dist\rules\no-unnecessary-type-parameters.d.ts
other_api,node_modules\@typescript-eslint\eslint-plugin\dist\rules\no-unnecessary-type-parameters.js
other_api,node_modules\@typescript-eslint\eslint-plugin\dist\rules\no-unsafe-argument.d.ts
other_api,node_modules\@typescript-eslint\eslint-plugin\dist\rules\no-unsafe-argument.js
other_api,node_modules\@typescript-eslint\eslint-plugin\dist\rules\no-unsafe-assignment.d.ts
other_api,node_modules\@typescript-eslint\eslint-plugin\dist\rules\no-unsafe-assignment.js
other_api,node_modules\@typescript-eslint\eslint-plugin\dist\rules\no-unsafe-call.d.ts
other_api,node_modules\@typescript-eslint\eslint-plugin\dist\rules\no-unsafe-call.js
other_api,node_modules\@typescript-eslint\eslint-plugin\dist\rules\no-unsafe-declaration-merging.d.ts
other_api,node_modules\@typescript-eslint\eslint-plugin\dist\rules\no-unsafe-declaration-merging.js
other_api,node_modules\@typescript-eslint\eslint-plugin\dist\rules\no-unsafe-enum-comparison.d.ts
other_api,node_modules\@typescript-eslint\eslint-plugin\dist\rules\no-unsafe-enum-comparison.js
other_api,node_modules\@typescript-eslint\eslint-plugin\dist\rules\no-unsafe-function-type.d.ts
other_api,node_modules\@typescript-eslint\eslint-plugin\dist\rules\no-unsafe-function-type.js
other_api,node_modules\@typescript-eslint\eslint-plugin\dist\rules\no-unsafe-member-access.d.ts
other_api,node_modules\@typescript-eslint\eslint-plugin\dist\rules\no-unsafe-member-access.js
other_api,node_modules\@typescript-eslint\eslint-plugin\dist\rules\no-unsafe-return.d.ts
other_api,node_modules\@typescript-eslint\eslint-plugin\dist\rules\no-unsafe-return.js
other_api,node_modules\@typescript-eslint\eslint-plugin\dist\rules\no-unsafe-type-assertion.d.ts
other_api,node_modules\@typescript-eslint\eslint-plugin\dist\rules\no-unsafe-type-assertion.js
other_api,node_modules\@typescript-eslint\eslint-plugin\dist\rules\no-unsafe-unary-minus.d.ts
other_api,node_modules\@typescript-eslint\eslint-plugin\dist\rules\no-unsafe-unary-minus.js
other_api,node_modules\@typescript-eslint\eslint-plugin\dist\rules\no-unused-expressions.d.ts
other_api,node_modules\@typescript-eslint\eslint-plugin\dist\rules\no-unused-expressions.js
other_api,node_modules\@typescript-eslint\eslint-plugin\dist\rules\no-unused-private-class-members.d.ts
other_api,node_modules\@typescript-eslint\eslint-plugin\dist\rules\no-unused-private-class-members.js
other_api,node_modules\@typescript-eslint\eslint-plugin\dist\rules\no-unused-vars.d.ts
other_api,node_modules\@typescript-eslint\eslint-plugin\dist\rules\no-unused-vars.js
other_api,node_modules\@typescript-eslint\eslint-plugin\dist\rules\no-use-before-define.d.ts
other_api,node_modules\@typescript-eslint\eslint-plugin\dist\rules\no-use-before-define.js
other_api,node_modules\@typescript-eslint\eslint-plugin\dist\rules\no-useless-constructor.d.ts
other_api,node_modules\@typescript-eslint\eslint-plugin\dist\rules\no-useless-constructor.js
other_api,node_modules\@typescript-eslint\eslint-plugin\dist\rules\no-useless-default-assignment.d.ts
other_api,node_modules\@typescript-eslint\eslint-plugin\dist\rules\no-useless-default-assignment.js
other_api,node_modules\@typescript-eslint\eslint-plugin\dist\rules\no-useless-empty-export.d.ts
other_api,node_modules\@typescript-eslint\eslint-plugin\dist\rules\no-useless-empty-export.js
other_api,node_modules\@typescript-eslint\eslint-plugin\dist\rules\no-var-requires.d.ts
other_api,node_modules\@typescript-eslint\eslint-plugin\dist\rules\no-var-requires.js
other_api,node_modules\@typescript-eslint\eslint-plugin\dist\rules\no-wrapper-object-types.d.ts
other_api,node_modules\@typescript-eslint\eslint-plugin\dist\rules\no-wrapper-object-types.js
other_api,node_modules\@typescript-eslint\eslint-plugin\dist\rules\non-nullable-type-assertion-style.d.ts
other_api,node_modules\@typescript-eslint\eslint-plugin\dist\rules\non-nullable-type-assertion-style.js
other_api,node_modules\@typescript-eslint\eslint-plugin\dist\rules\only-throw-error.d.ts
other_api,node_modules\@typescript-eslint\eslint-plugin\dist\rules\only-throw-error.js
other_api,node_modules\@typescript-eslint\eslint-plugin\dist\rules\parameter-properties.d.ts
other_api,node_modules\@typescript-eslint\eslint-plugin\dist\rules\parameter-properties.js
other_api,node_modules\@typescript-eslint\eslint-plugin\dist\rules\prefer-as-const.d.ts
other_api,node_modules\@typescript-eslint\eslint-plugin\dist\rules\prefer-as-const.js
other_api,node_modules\@typescript-eslint\eslint-plugin\dist\rules\prefer-destructuring.d.ts
other_api,node_modules\@typescript-eslint\eslint-plugin\dist\rules\prefer-destructuring.js
other_api,node_modules\@typescript-eslint\eslint-plugin\dist\rules\prefer-enum-initializers.d.ts
other_api,node_modules\@typescript-eslint\eslint-plugin\dist\rules\prefer-enum-initializers.js
other_api,node_modules\@typescript-eslint\eslint-plugin\dist\rules\prefer-find.d.ts
other_api,node_modules\@typescript-eslint\eslint-plugin\dist\rules\prefer-find.js
other_api,node_modules\@typescript-eslint\eslint-plugin\dist\rules\prefer-for-of.d.ts
other_api,node_modules\@typescript-eslint\eslint-plugin\dist\rules\prefer-for-of.js
other_api,node_modules\@typescript-eslint\eslint-plugin\dist\rules\prefer-function-type.d.ts
other_api,node_modules\@typescript-eslint\eslint-plugin\dist\rules\prefer-function-type.js
other_api,node_modules\@typescript-eslint\eslint-plugin\dist\rules\prefer-includes.d.ts
other_api,node_modules\@typescript-eslint\eslint-plugin\dist\rules\prefer-includes.js
other_api,node_modules\@typescript-eslint\eslint-plugin\dist\rules\prefer-literal-enum-member.d.ts
other_api,node_modules\@typescript-eslint\eslint-plugin\dist\rules\prefer-literal-enum-member.js
other_api,node_modules\@typescript-eslint\eslint-plugin\dist\rules\prefer-namespace-keyword.d.ts
other_api,node_modules\@typescript-eslint\eslint-plugin\dist\rules\prefer-namespace-keyword.js
other_api,node_modules\@typescript-eslint\eslint-plugin\dist\rules\prefer-nullish-coalescing.d.ts
other_api,node_modules\@typescript-eslint\eslint-plugin\dist\rules\prefer-nullish-coalescing.js
other_api,node_modules\@typescript-eslint\eslint-plugin\dist\rules\prefer-optional-chain.d.ts
other_api,node_modules\@typescript-eslint\eslint-plugin\dist\rules\prefer-optional-chain.js
other_api,node_modules\@typescript-eslint\eslint-plugin\dist\rules\prefer-promise-reject-errors.d.ts
other_api,node_modules\@typescript-eslint\eslint-plugin\dist\rules\prefer-promise-reject-errors.js
other_api,node_modules\@typescript-eslint\eslint-plugin\dist\rules\prefer-readonly-parameter-types.d.ts
other_api,node_modules\@typescript-eslint\eslint-plugin\dist\rules\prefer-readonly-parameter-types.js
other_api,node_modules\@typescript-eslint\eslint-plugin\dist\rules\prefer-readonly.d.ts
other_api,node_modules\@typescript-eslint\eslint-plugin\dist\rules\prefer-readonly.js
other_api,node_modules\@typescript-eslint\eslint-plugin\dist\rules\prefer-reduce-type-parameter.d.ts
other_api,node_modules\@typescript-eslint\eslint-plugin\dist\rules\prefer-reduce-type-parameter.js
other_api,node_modules\@typescript-eslint\eslint-plugin\dist\rules\prefer-regexp-exec.d.ts
other_api,node_modules\@typescript-eslint\eslint-plugin\dist\rules\prefer-regexp-exec.js
other_api,node_modules\@typescript-eslint\eslint-plugin\dist\rules\prefer-return-this-type.d.ts
other_api,node_modules\@typescript-eslint\eslint-plugin\dist\rules\prefer-return-this-type.js
other_api,node_modules\@typescript-eslint\eslint-plugin\dist\rules\prefer-string-starts-ends-with.d.ts
other_api,node_modules\@typescript-eslint\eslint-plugin\dist\rules\prefer-string-starts-ends-with.js
other_api,node_modules\@typescript-eslint\eslint-plugin\dist\rules\prefer-ts-expect-error.d.ts
other_api,node_modules\@typescript-eslint\eslint-plugin\dist\rules\prefer-ts-expect-error.js
other_api,node_modules\@typescript-eslint\eslint-plugin\dist\rules\promise-function-async.d.ts
other_api,node_modules\@typescript-eslint\eslint-plugin\dist\rules\promise-function-async.js
other_api,node_modules\@typescript-eslint\eslint-plugin\dist\rules\related-getter-setter-pairs.d.ts
other_api,node_modules\@typescript-eslint\eslint-plugin\dist\rules\related-getter-setter-pairs.js
other_api,node_modules\@typescript-eslint\eslint-plugin\dist\rules\require-array-sort-compare.d.ts
other_api,node_modules\@typescript-eslint\eslint-plugin\dist\rules\require-array-sort-compare.js
other_api,node_modules\@typescript-eslint\eslint-plugin\dist\rules\require-await.d.ts
other_api,node_modules\@typescript-eslint\eslint-plugin\dist\rules\require-await.js
other_api,node_modules\@typescript-eslint\eslint-plugin\dist\rules\restrict-plus-operands.d.ts
other_api,node_modules\@typescript-eslint\eslint-plugin\dist\rules\restrict-plus-operands.js
other_api,node_modules\@typescript-eslint\eslint-plugin\dist\rules\restrict-template-expressions.d.ts
other_api,node_modules\@typescript-eslint\eslint-plugin\dist\rules\restrict-template-expressions.js
other_api,node_modules\@typescript-eslint\eslint-plugin\dist\rules\return-await.d.ts
other_api,node_modules\@typescript-eslint\eslint-plugin\dist\rules\return-await.js
other_api,node_modules\@typescript-eslint\eslint-plugin\dist\rules\sort-type-constituents.d.ts
other_api,node_modules\@typescript-eslint\eslint-plugin\dist\rules\sort-type-constituents.js
other_api,node_modules\@typescript-eslint\eslint-plugin\dist\rules\strict-boolean-expressions.d.ts
other_api,node_modules\@typescript-eslint\eslint-plugin\dist\rules\strict-boolean-expressions.js
other_api,node_modules\@typescript-eslint\eslint-plugin\dist\rules\strict-void-return.d.ts
other_api,node_modules\@typescript-eslint\eslint-plugin\dist\rules\strict-void-return.js
other_api,node_modules\@typescript-eslint\eslint-plugin\dist\rules\switch-exhaustiveness-check.d.ts
other_api,node_modules\@typescript-eslint\eslint-plugin\dist\rules\switch-exhaustiveness-check.js
other_api,node_modules\@typescript-eslint\eslint-plugin\dist\rules\triple-slash-reference.d.ts
other_api,node_modules\@typescript-eslint\eslint-plugin\dist\rules\triple-slash-reference.js
other_api,node_modules\@typescript-eslint\eslint-plugin\dist\rules\typedef.d.ts
other_api,node_modules\@typescript-eslint\eslint-plugin\dist\rules\typedef.js
other_api,node_modules\@typescript-eslint\eslint-plugin\dist\rules\unbound-method.d.ts
other_api,node_modules\@typescript-eslint\eslint-plugin\dist\rules\unbound-method.js
other_api,node_modules\@typescript-eslint\eslint-plugin\dist\rules\unified-signatures.d.ts
other_api,node_modules\@typescript-eslint\eslint-plugin\dist\rules\unified-signatures.js
other_api,node_modules\@typescript-eslint\eslint-plugin\dist\rules\use-unknown-in-catch-callback-variable.d.ts
other_api,node_modules\@typescript-eslint\eslint-plugin\dist\rules\use-unknown-in-catch-callback-variable.js
other_api,node_modules\@typescript-eslint\eslint-plugin\dist\rules\enum-utils\shared.d.ts
other_api,node_modules\@typescript-eslint\eslint-plugin\dist\rules\enum-utils\shared.js
other_api,node_modules\@typescript-eslint\eslint-plugin\dist\rules\naming-convention-utils\enums.d.ts
other_api,node_modules\@typescript-eslint\eslint-plugin\dist\rules\naming-convention-utils\enums.js
other_api,node_modules\@typescript-eslint\eslint-plugin\dist\rules\naming-convention-utils\format.d.ts
other_api,node_modules\@typescript-eslint\eslint-plugin\dist\rules\naming-convention-utils\format.js
other_api,node_modules\@typescript-eslint\eslint-plugin\dist\rules\naming-convention-utils\index.d.ts
other_api,node_modules\@typescript-eslint\eslint-plugin\dist\rules\naming-convention-utils\index.js
other_api,node_modules\@typescript-eslint\eslint-plugin\dist\rules\naming-convention-utils\parse-options.d.ts
other_api,node_modules\@typescript-eslint\eslint-plugin\dist\rules\naming-convention-utils\parse-options.js
other_api,node_modules\@typescript-eslint\eslint-plugin\dist\rules\naming-convention-utils\schema.d.ts
other_api,node_modules\@typescript-eslint\eslint-plugin\dist\rules\naming-convention-utils\schema.js
other_api,node_modules\@typescript-eslint\eslint-plugin\dist\rules\naming-convention-utils\shared.d.ts
other_api,node_modules\@typescript-eslint\eslint-plugin\dist\rules\naming-convention-utils\shared.js
other_api,node_modules\@typescript-eslint\eslint-plugin\dist\rules\naming-convention-utils\types.d.ts
other_api,node_modules\@typescript-eslint\eslint-plugin\dist\rules\naming-convention-utils\types.js
other_api,node_modules\@typescript-eslint\eslint-plugin\dist\rules\naming-convention-utils\validator.d.ts
other_api,node_modules\@typescript-eslint\eslint-plugin\dist\rules\naming-convention-utils\validator.js
other_api,node_modules\@typescript-eslint\eslint-plugin\dist\rules\prefer-optional-chain-utils\analyzeChain.d.ts
other_api,node_modules\@typescript-eslint\eslint-plugin\dist\rules\prefer-optional-chain-utils\analyzeChain.js
other_api,node_modules\@typescript-eslint\eslint-plugin\dist\rules\prefer-optional-chain-utils\checkNullishAndReport.d.ts
other_api,node_modules\@typescript-eslint\eslint-plugin\dist\rules\prefer-optional-chain-utils\checkNullishAndReport.js
other_api,node_modules\@typescript-eslint\eslint-plugin\dist\rules\prefer-optional-chain-utils\compareNodes.d.ts
other_api,node_modules\@typescript-eslint\eslint-plugin\dist\rules\prefer-optional-chain-utils\compareNodes.js
other_api,node_modules\@typescript-eslint\eslint-plugin\dist\rules\prefer-optional-chain-utils\gatherLogicalOperands.d.ts
other_api,node_modules\@typescript-eslint\eslint-plugin\dist\rules\prefer-optional-chain-utils\gatherLogicalOperands.js
other_api,node_modules\@typescript-eslint\eslint-plugin\dist\rules\prefer-optional-chain-utils\PreferOptionalChainOptions.d.ts
other_api,node_modules\@typescript-eslint\eslint-plugin\dist\rules\prefer-optional-chain-utils\PreferOptionalChainOptions.js
other_api,node_modules\@typescript-eslint\eslint-plugin\dist\util\assertionFunctionUtils.d.ts
other_api,node_modules\@typescript-eslint\eslint-plugin\dist\util\assertionFunctionUtils.js
other_api,node_modules\@typescript-eslint\eslint-plugin\dist\util\astUtils.d.ts
other_api,node_modules\@typescript-eslint\eslint-plugin\dist\util\astUtils.js
other_api,node_modules\@typescript-eslint\eslint-plugin\dist\util\baseTypeUtils.d.ts
other_api,node_modules\@typescript-eslint\eslint-plugin\dist\util\baseTypeUtils.js
other_api,node_modules\@typescript-eslint\eslint-plugin\dist\util\collectUnusedVariables.d.ts
other_api,node_modules\@typescript-eslint\eslint-plugin\dist\util\collectUnusedVariables.js
other_api,node_modules\@typescript-eslint\eslint-plugin\dist\util\createRule.d.ts
other_api,node_modules\@typescript-eslint\eslint-plugin\dist\util\createRule.js
other_api,node_modules\@typescript-eslint\eslint-plugin\dist\util\escapeRegExp.d.ts
other_api,node_modules\@typescript-eslint\eslint-plugin\dist\util\escapeRegExp.js
other_api,node_modules\@typescript-eslint\eslint-plugin\dist\util\explicitReturnTypeUtils.d.ts
other_api,node_modules\@typescript-eslint\eslint-plugin\dist\util\explicitReturnTypeUtils.js
other_api,node_modules\@typescript-eslint\eslint-plugin\dist\util\getBaseTypesOfClassMember.d.ts
other_api,node_modules\@typescript-eslint\eslint-plugin\dist\util\getBaseTypesOfClassMember.js
other_api,node_modules\@typescript-eslint\eslint-plugin\dist\util\getConstraintInfo.d.ts
other_api,node_modules\@typescript-eslint\eslint-plugin\dist\util\getConstraintInfo.js
other_api,node_modules\@typescript-eslint\eslint-plugin\dist\util\getESLintCoreRule.d.ts
other_api,node_modules\@typescript-eslint\eslint-plugin\dist\util\getESLintCoreRule.js
other_api,node_modules\@typescript-eslint\eslint-plugin\dist\util\getFixOrSuggest.d.ts
other_api,node_modules\@typescript-eslint\eslint-plugin\dist\util\getFixOrSuggest.js
other_api,node_modules\@typescript-eslint\eslint-plugin\dist\util\getForStatementHeadLoc.d.ts
other_api,node_modules\@typescript-eslint\eslint-plugin\dist\util\getForStatementHeadLoc.js
other_api,node_modules\@typescript-eslint\eslint-plugin\dist\util\getFunctionHeadLoc.d.ts
other_api,node_modules\@typescript-eslint\eslint-plugin\dist\util\getFunctionHeadLoc.js
other_api,node_modules\@typescript-eslint\eslint-plugin\dist\util\getMemberHeadLoc.d.ts
other_api,node_modules\@typescript-eslint\eslint-plugin\dist\util\getMemberHeadLoc.js
other_api,node_modules\@typescript-eslint\eslint-plugin\dist\util\getOperatorPrecedence.d.ts
other_api,node_modules\@typescript-eslint\eslint-plugin\dist\util\getOperatorPrecedence.js
other_api,node_modules\@typescript-eslint\eslint-plugin\dist\util\getParentFunctionNode.d.ts
other_api,node_modules\@typescript-eslint\eslint-plugin\dist\util\getParentFunctionNode.js
other_api,node_modules\@typescript-eslint\eslint-plugin\dist\util\getStaticStringValue.d.ts
other_api,node_modules\@typescript-eslint\eslint-plugin\dist\util\getStaticStringValue.js
other_api,node_modules\@typescript-eslint\eslint-plugin\dist\util\getStringLength.d.ts
other_api,node_modules\@typescript-eslint\eslint-plugin\dist\util\getStringLength.js
other_api,node_modules\@typescript-eslint\eslint-plugin\dist\util\getTextWithParentheses.d.ts
other_api,node_modules\@typescript-eslint\eslint-plugin\dist\util\getTextWithParentheses.js
other_api,node_modules\@typescript-eslint\eslint-plugin\dist\util\getThisExpression.d.ts
other_api,node_modules\@typescript-eslint\eslint-plugin\dist\util\getThisExpression.js
other_api,node_modules\@typescript-eslint\eslint-plugin\dist\util\getValueOfLiteralType.d.ts
other_api,node_modules\@typescript-eslint\eslint-plugin\dist\util\getValueOfLiteralType.js
other_api,node_modules\@typescript-eslint\eslint-plugin\dist\util\getWrappedCode.d.ts
other_api,node_modules\@typescript-eslint\eslint-plugin\dist\util\getWrappedCode.js
other_api,node_modules\@typescript-eslint\eslint-plugin\dist\util\getWrappingFixer.d.ts
other_api,node_modules\@typescript-eslint\eslint-plugin\dist\util\getWrappingFixer.js
other_api,node_modules\@typescript-eslint\eslint-plugin\dist\util\hasOverloadSignatures.d.ts
other_api,node_modules\@typescript-eslint\eslint-plugin\dist\util\hasOverloadSignatures.js
other_api,node_modules\@typescript-eslint\eslint-plugin\dist\util\index.d.ts
other_api,node_modules\@typescript-eslint\eslint-plugin\dist\util\index.js
other_api,node_modules\@typescript-eslint\eslint-plugin\dist\util\isArrayMethodCallWithPredicate.d.ts
other_api,node_modules\@typescript-eslint\eslint-plugin\dist\util\isArrayMethodCallWithPredicate.js
other_api,node_modules\@typescript-eslint\eslint-plugin\dist\util\isAssignee.d.ts
other_api,node_modules\@typescript-eslint\eslint-plugin\dist\util\isAssignee.js
other_api,node_modules\@typescript-eslint\eslint-plugin\dist\util\isConditionalTest.d.ts
other_api,node_modules\@typescript-eslint\eslint-plugin\dist\util\isConditionalTest.js
other_api,node_modules\@typescript-eslint\eslint-plugin\dist\util\isHigherPrecedenceThanAwait.d.ts
other_api,node_modules\@typescript-eslint\eslint-plugin\dist\util\isHigherPrecedenceThanAwait.js
other_api,node_modules\@typescript-eslint\eslint-plugin\dist\util\isNodeEqual.d.ts
other_api,node_modules\@typescript-eslint\eslint-plugin\dist\util\isNodeEqual.js
other_api,node_modules\@typescript-eslint\eslint-plugin\dist\util\isNullLiteral.d.ts
other_api,node_modules\@typescript-eslint\eslint-plugin\dist\util\isNullLiteral.js
other_api,node_modules\@typescript-eslint\eslint-plugin\dist\util\isPromiseAggregatorMethod.d.ts
other_api,node_modules\@typescript-eslint\eslint-plugin\dist\util\isPromiseAggregatorMethod.js
other_api,node_modules\@typescript-eslint\eslint-plugin\dist\util\isStartOfExpressionStatement.d.ts
other_api,node_modules\@typescript-eslint\eslint-plugin\dist\util\isStartOfExpressionStatement.js
other_api,node_modules\@typescript-eslint\eslint-plugin\dist\util\isTypeImport.d.ts
other_api,node_modules\@typescript-eslint\eslint-plugin\dist\util\isTypeImport.js
other_api,node_modules\@typescript-eslint\eslint-plugin\dist\util\isUndefinedIdentifier.d.ts
other_api,node_modules\@typescript-eslint\eslint-plugin\dist\util\isUndefinedIdentifier.js
other_api,node_modules\@typescript-eslint\eslint-plugin\dist\util\misc.d.ts
other_api,node_modules\@typescript-eslint\eslint-plugin\dist\util\misc.js
other_api,node_modules\@typescript-eslint\eslint-plugin\dist\util\needsPrecedingSemiColon.d.ts
other_api,node_modules\@typescript-eslint\eslint-plugin\dist\util\needsPrecedingSemiColon.js
other_api,node_modules\@typescript-eslint\eslint-plugin\dist\util\needsToBeAwaited.d.ts
other_api,node_modules\@typescript-eslint\eslint-plugin\dist\util\needsToBeAwaited.js
other_api,node_modules\@typescript-eslint\eslint-plugin\dist\util\objectIterators.d.ts
other_api,node_modules\@typescript-eslint\eslint-plugin\dist\util\objectIterators.js
other_api,node_modules\@typescript-eslint\eslint-plugin\dist\util\promiseUtils.d.ts
other_api,node_modules\@typescript-eslint\eslint-plugin\dist\util\promiseUtils.js
other_api,node_modules\@typescript-eslint\eslint-plugin\dist\util\rangeToLoc.d.ts
other_api,node_modules\@typescript-eslint\eslint-plugin\dist\util\rangeToLoc.js
other_api,node_modules\@typescript-eslint\eslint-plugin\dist\util\referenceContainsTypePredicate.d.ts
other_api,node_modules\@typescript-eslint\eslint-plugin\dist\util\referenceContainsTypePredicate.js
other_api,node_modules\@typescript-eslint\eslint-plugin\dist\util\referenceContainsTypeQuery.d.ts
other_api,node_modules\@typescript-eslint\eslint-plugin\dist\util\referenceContainsTypeQuery.js
other_api,node_modules\@typescript-eslint\eslint-plugin\dist\util\scopeUtils.d.ts
other_api,node_modules\@typescript-eslint\eslint-plugin\dist\util\scopeUtils.js
other_api,node_modules\@typescript-eslint\eslint-plugin\dist\util\skipChainExpression.d.ts
other_api,node_modules\@typescript-eslint\eslint-plugin\dist\util\skipChainExpression.js
other_api,node_modules\@typescript-eslint\eslint-plugin\dist\util\truthinessUtils.d.ts
other_api,node_modules\@typescript-eslint\eslint-plugin\dist\util\truthinessUtils.js
other_api,node_modules\@typescript-eslint\eslint-plugin\dist\util\types.d.ts
other_api,node_modules\@typescript-eslint\eslint-plugin\dist\util\types.js
other_api,node_modules\@typescript-eslint\eslint-plugin\dist\util\walkStatements.d.ts
other_api,node_modules\@typescript-eslint\eslint-plugin\dist\util\walkStatements.js
other_api,node_modules\@typescript-eslint\eslint-plugin\dist\util\class-scope-analyzer\classScopeAnalyzer.d.ts
other_api,node_modules\@typescript-eslint\eslint-plugin\dist\util\class-scope-analyzer\classScopeAnalyzer.js
other_api,node_modules\@typescript-eslint\eslint-plugin\dist\util\class-scope-analyzer\extractComputedName.d.ts
other_api,node_modules\@typescript-eslint\eslint-plugin\dist\util\class-scope-analyzer\extractComputedName.js
other_api,node_modules\@typescript-eslint\eslint-plugin\dist\util\class-scope-analyzer\types.d.ts
other_api,node_modules\@typescript-eslint\eslint-plugin\dist\util\class-scope-analyzer\types.js
other_api,node_modules\@typescript-eslint\eslint-plugin\node_modules\ignore\index.d.ts
other_api,node_modules\@typescript-eslint\eslint-plugin\node_modules\ignore\index.js
other_api,node_modules\@typescript-eslint\eslint-plugin\node_modules\ignore\legacy.js
other_api,node_modules\@typescript-eslint\parser\dist\index.d.ts
other_api,node_modules\@typescript-eslint\parser\dist\index.js
other_api,node_modules\@typescript-eslint\parser\dist\parser.d.ts
other_api,node_modules\@typescript-eslint\parser\dist\parser.js
other_api,node_modules\@typescript-eslint\project-service\dist\getParsedConfigFileFromTSServer.d.ts
other_api,node_modules\@typescript-eslint\project-service\dist\getParsedConfigFileFromTSServer.js
other_api,node_modules\@typescript-eslint\project-service\dist\index.d.ts
other_api,node_modules\@typescript-eslint\project-service\dist\index.js
other_api,node_modules\@typescript-eslint\scope-manager\dist\analyze.d.ts
other_api,node_modules\@typescript-eslint\scope-manager\dist\analyze.js
other_api,node_modules\@typescript-eslint\scope-manager\dist\assert.d.ts
other_api,node_modules\@typescript-eslint\scope-manager\dist\assert.js
other_api,node_modules\@typescript-eslint\scope-manager\dist\ID.d.ts
other_api,node_modules\@typescript-eslint\scope-manager\dist\ID.js
other_api,node_modules\@typescript-eslint\scope-manager\dist\index.d.ts
other_api,node_modules\@typescript-eslint\scope-manager\dist\index.js
other_api,node_modules\@typescript-eslint\scope-manager\dist\ScopeManager.d.ts
other_api,node_modules\@typescript-eslint\scope-manager\dist\ScopeManager.js
other_api,node_modules\@typescript-eslint\scope-manager\dist\definition\CatchClauseDefinition.d.ts
other_api,node_modules\@typescript-eslint\scope-manager\dist\definition\CatchClauseDefinition.js
other_api,node_modules\@typescript-eslint\scope-manager\dist\definition\ClassNameDefinition.d.ts
other_api,node_modules\@typescript-eslint\scope-manager\dist\definition\ClassNameDefinition.js
other_api,node_modules\@typescript-eslint\scope-manager\dist\definition\Definition.d.ts
other_api,node_modules\@typescript-eslint\scope-manager\dist\definition\Definition.js
other_api,node_modules\@typescript-eslint\scope-manager\dist\definition\DefinitionBase.d.ts
other_api,node_modules\@typescript-eslint\scope-manager\dist\definition\DefinitionBase.js
other_api,node_modules\@typescript-eslint\scope-manager\dist\definition\DefinitionType.d.ts
other_api,node_modules\@typescript-eslint\scope-manager\dist\definition\DefinitionType.js
other_api,node_modules\@typescript-eslint\scope-manager\dist\definition\FunctionNameDefinition.d.ts
other_api,node_modules\@typescript-eslint\scope-manager\dist\definition\FunctionNameDefinition.js
other_api,node_modules\@typescript-eslint\scope-manager\dist\definition\ImplicitGlobalVariableDefinition.d.ts
other_api,node_modules\@typescript-eslint\scope-manager\dist\definition\ImplicitGlobalVariableDefinition.js
other_api,node_modules\@typescript-eslint\scope-manager\dist\definition\ImportBindingDefinition.d.ts
other_api,node_modules\@typescript-eslint\scope-manager\dist\definition\ImportBindingDefinition.js
other_api,node_modules\@typescript-eslint\scope-manager\dist\definition\index.d.ts
other_api,node_modules\@typescript-eslint\scope-manager\dist\definition\index.js
other_api,node_modules\@typescript-eslint\scope-manager\dist\definition\ParameterDefinition.d.ts
other_api,node_modules\@typescript-eslint\scope-manager\dist\definition\ParameterDefinition.js
other_api,node_modules\@typescript-eslint\scope-manager\dist\definition\TSEnumMemberDefinition.d.ts
other_api,node_modules\@typescript-eslint\scope-manager\dist\definition\TSEnumMemberDefinition.js
other_api,node_modules\@typescript-eslint\scope-manager\dist\definition\TSEnumNameDefinition.d.ts
other_api,node_modules\@typescript-eslint\scope-manager\dist\definition\TSEnumNameDefinition.js
other_api,node_modules\@typescript-eslint\scope-manager\dist\definition\TSModuleNameDefinition.d.ts
other_api,node_modules\@typescript-eslint\scope-manager\dist\definition\TSModuleNameDefinition.js
other_api,node_modules\@typescript-eslint\scope-manager\dist\definition\TypeDefinition.d.ts
other_api,node_modules\@typescript-eslint\scope-manager\dist\definition\TypeDefinition.js
other_api,node_modules\@typescript-eslint\scope-manager\dist\definition\VariableDefinition.d.ts
other_api,node_modules\@typescript-eslint\scope-manager\dist\definition\VariableDefinition.js
other_api,node_modules\@typescript-eslint\scope-manager\dist\lib\base-config.d.ts
other_api,node_modules\@typescript-eslint\scope-manager\dist\lib\base-config.js
other_api,node_modules\@typescript-eslint\scope-manager\dist\lib\decorators.d.ts
other_api,node_modules\@typescript-eslint\scope-manager\dist\lib\decorators.js
other_api,node_modules\@typescript-eslint\scope-manager\dist\lib\decorators.legacy.d.ts
other_api,node_modules\@typescript-eslint\scope-manager\dist\lib\decorators.legacy.js
other_api,node_modules\@typescript-eslint\scope-manager\dist\lib\dom.asynciterable.d.ts
other_api,node_modules\@typescript-eslint\scope-manager\dist\lib\dom.asynciterable.js
other_api,node_modules\@typescript-eslint\scope-manager\dist\lib\dom.d.ts
other_api,node_modules\@typescript-eslint\scope-manager\dist\lib\dom.iterable.d.ts
other_api,node_modules\@typescript-eslint\scope-manager\dist\lib\dom.iterable.js
other_api,node_modules\@typescript-eslint\scope-manager\dist\lib\dom.js
other_api,node_modules\@typescript-eslint\scope-manager\dist\lib\es2015.collection.d.ts
other_api,node_modules\@typescript-eslint\scope-manager\dist\lib\es2015.collection.js
other_api,node_modules\@typescript-eslint\scope-manager\dist\lib\es2015.core.d.ts
other_api,node_modules\@typescript-eslint\scope-manager\dist\lib\es2015.core.js
other_api,node_modules\@typescript-eslint\scope-manager\dist\lib\es2015.d.ts
other_api,node_modules\@typescript-eslint\scope-manager\dist\lib\es2015.generator.d.ts
other_api,node_modules\@typescript-eslint\scope-manager\dist\lib\es2015.generator.js
other_api,node_modules\@typescript-eslint\scope-manager\dist\lib\es2015.iterable.d.ts
other_api,node_modules\@typescript-eslint\scope-manager\dist\lib\es2015.iterable.js
other_api,node_modules\@typescript-eslint\scope-manager\dist\lib\es2015.js
other_api,node_modules\@typescript-eslint\scope-manager\dist\lib\es2015.promise.d.ts
other_api,node_modules\@typescript-eslint\scope-manager\dist\lib\es2015.promise.js
other_api,node_modules\@typescript-eslint\scope-manager\dist\lib\es2015.proxy.d.ts
other_api,node_modules\@typescript-eslint\scope-manager\dist\lib\es2015.proxy.js
other_api,node_modules\@typescript-eslint\scope-manager\dist\lib\es2015.reflect.d.ts
other_api,node_modules\@typescript-eslint\scope-manager\dist\lib\es2015.reflect.js
other_api,node_modules\@typescript-eslint\scope-manager\dist\lib\es2015.symbol.d.ts
other_api,node_modules\@typescript-eslint\scope-manager\dist\lib\es2015.symbol.js
other_api,node_modules\@typescript-eslint\scope-manager\dist\lib\es2015.symbol.wellknown.d.ts
other_api,node_modules\@typescript-eslint\scope-manager\dist\lib\es2015.symbol.wellknown.js
other_api,node_modules\@typescript-eslint\scope-manager\dist\lib\es2016.array.include.d.ts
other_api,node_modules\@typescript-eslint\scope-manager\dist\lib\es2016.array.include.js
other_api,node_modules\@typescript-eslint\scope-manager\dist\lib\es2016.d.ts
other_api,node_modules\@typescript-eslint\scope-manager\dist\lib\es2016.full.d.ts
other_api,node_modules\@typescript-eslint\scope-manager\dist\lib\es2016.full.js
other_api,node_modules\@typescript-eslint\scope-manager\dist\lib\es2016.intl.d.ts
other_api,node_modules\@typescript-eslint\scope-manager\dist\lib\es2016.intl.js
other_api,node_modules\@typescript-eslint\scope-manager\dist\lib\es2016.js
other_api,node_modules\@typescript-eslint\scope-manager\dist\lib\es2017.arraybuffer.d.ts
other_api,node_modules\@typescript-eslint\scope-manager\dist\lib\es2017.arraybuffer.js
other_api,node_modules\@typescript-eslint\scope-manager\dist\lib\es2017.d.ts
other_api,node_modules\@typescript-eslint\scope-manager\dist\lib\es2017.date.d.ts
other_api,node_modules\@typescript-eslint\scope-manager\dist\lib\es2017.date.js
other_api,node_modules\@typescript-eslint\scope-manager\dist\lib\es2017.full.d.ts
other_api,node_modules\@typescript-eslint\scope-manager\dist\lib\es2017.full.js
other_api,node_modules\@typescript-eslint\scope-manager\dist\lib\es2017.intl.d.ts
other_api,node_modules\@typescript-eslint\scope-manager\dist\lib\es2017.intl.js
other_api,node_modules\@typescript-eslint\scope-manager\dist\lib\es2017.js
other_api,node_modules\@typescript-eslint\scope-manager\dist\lib\es2017.object.d.ts
other_api,node_modules\@typescript-eslint\scope-manager\dist\lib\es2017.object.js
other_api,node_modules\@typescript-eslint\scope-manager\dist\lib\es2017.sharedmemory.d.ts
other_api,node_modules\@typescript-eslint\scope-manager\dist\lib\es2017.sharedmemory.js
other_api,node_modules\@typescript-eslint\scope-manager\dist\lib\es2017.string.d.ts
other_api,node_modules\@typescript-eslint\scope-manager\dist\lib\es2017.string.js
other_api,node_modules\@typescript-eslint\scope-manager\dist\lib\es2017.typedarrays.d.ts
other_api,node_modules\@typescript-eslint\scope-manager\dist\lib\es2017.typedarrays.js
other_api,node_modules\@typescript-eslint\scope-manager\dist\lib\es2018.asyncgenerator.d.ts
other_api,node_modules\@typescript-eslint\scope-manager\dist\lib\es2018.asyncgenerator.js
other_api,node_modules\@typescript-eslint\scope-manager\dist\lib\es2018.asynciterable.d.ts
other_api,node_modules\@typescript-eslint\scope-manager\dist\lib\es2018.asynciterable.js
other_api,node_modules\@typescript-eslint\scope-manager\dist\lib\es2018.d.ts
other_api,node_modules\@typescript-eslint\scope-manager\dist\lib\es2018.full.d.ts
other_api,node_modules\@typescript-eslint\scope-manager\dist\lib\es2018.full.js
other_api,node_modules\@typescript-eslint\scope-manager\dist\lib\es2018.intl.d.ts
other_api,node_modules\@typescript-eslint\scope-manager\dist\lib\es2018.intl.js
other_api,node_modules\@typescript-eslint\scope-manager\dist\lib\es2018.js
other_api,node_modules\@typescript-eslint\scope-manager\dist\lib\es2018.promise.d.ts
other_api,node_modules\@typescript-eslint\scope-manager\dist\lib\es2018.promise.js
other_api,node_modules\@typescript-eslint\scope-manager\dist\lib\es2018.regexp.d.ts
other_api,node_modules\@typescript-eslint\scope-manager\dist\lib\es2018.regexp.js
other_api,node_modules\@typescript-eslint\scope-manager\dist\lib\es2019.array.d.ts
other_api,node_modules\@typescript-eslint\scope-manager\dist\lib\es2019.array.js
other_api,node_modules\@typescript-eslint\scope-manager\dist\lib\es2019.d.ts
other_api,node_modules\@typescript-eslint\scope-manager\dist\lib\es2019.full.d.ts
other_api,node_modules\@typescript-eslint\scope-manager\dist\lib\es2019.full.js
other_api,node_modules\@typescript-eslint\scope-manager\dist\lib\es2019.intl.d.ts
other_api,node_modules\@typescript-eslint\scope-manager\dist\lib\es2019.intl.js
other_api,node_modules\@typescript-eslint\scope-manager\dist\lib\es2019.js
other_api,node_modules\@typescript-eslint\scope-manager\dist\lib\es2019.object.d.ts
other_api,node_modules\@typescript-eslint\scope-manager\dist\lib\es2019.object.js
other_api,node_modules\@typescript-eslint\scope-manager\dist\lib\es2019.string.d.ts
other_api,node_modules\@typescript-eslint\scope-manager\dist\lib\es2019.string.js
other_api,node_modules\@typescript-eslint\scope-manager\dist\lib\es2019.symbol.d.ts
other_api,node_modules\@typescript-eslint\scope-manager\dist\lib\es2019.symbol.js
other_api,node_modules\@typescript-eslint\scope-manager\dist\lib\es2020.bigint.d.ts
other_api,node_modules\@typescript-eslint\scope-manager\dist\lib\es2020.bigint.js
other_api,node_modules\@typescript-eslint\scope-manager\dist\lib\es2020.d.ts
other_api,node_modules\@typescript-eslint\scope-manager\dist\lib\es2020.date.d.ts
other_api,node_modules\@typescript-eslint\scope-manager\dist\lib\es2020.date.js
other_api,node_modules\@typescript-eslint\scope-manager\dist\lib\es2020.full.d.ts
other_api,node_modules\@typescript-eslint\scope-manager\dist\lib\es2020.full.js
other_api,node_modules\@typescript-eslint\scope-manager\dist\lib\es2020.intl.d.ts
other_api,node_modules\@typescript-eslint\scope-manager\dist\lib\es2020.intl.js
other_api,node_modules\@typescript-eslint\scope-manager\dist\lib\es2020.js
other_api,node_modules\@typescript-eslint\scope-manager\dist\lib\es2020.number.d.ts
other_api,node_modules\@typescript-eslint\scope-manager\dist\lib\es2020.number.js
other_api,node_modules\@typescript-eslint\scope-manager\dist\lib\es2020.promise.d.ts
other_api,node_modules\@typescript-eslint\scope-manager\dist\lib\es2020.promise.js
other_api,node_modules\@typescript-eslint\scope-manager\dist\lib\es2020.sharedmemory.d.ts
other_api,node_modules\@typescript-eslint\scope-manager\dist\lib\es2020.sharedmemory.js
other_api,node_modules\@typescript-eslint\scope-manager\dist\lib\es2020.string.d.ts
other_api,node_modules\@typescript-eslint\scope-manager\dist\lib\es2020.string.js
other_api,node_modules\@typescript-eslint\scope-manager\dist\lib\es2020.symbol.wellknown.d.ts
other_api,node_modules\@typescript-eslint\scope-manager\dist\lib\es2020.symbol.wellknown.js
other_api,node_modules\@typescript-eslint\scope-manager\dist\lib\es2021.d.ts
other_api,node_modules\@typescript-eslint\scope-manager\dist\lib\es2021.full.d.ts
other_api,node_modules\@typescript-eslint\scope-manager\dist\lib\es2021.full.js
other_api,node_modules\@typescript-eslint\scope-manager\dist\lib\es2021.intl.d.ts
other_api,node_modules\@typescript-eslint\scope-manager\dist\lib\es2021.intl.js
other_api,node_modules\@typescript-eslint\scope-manager\dist\lib\es2021.js
other_api,node_modules\@typescript-eslint\scope-manager\dist\lib\es2021.promise.d.ts
other_api,node_modules\@typescript-eslint\scope-manager\dist\lib\es2021.promise.js
other_api,node_modules\@typescript-eslint\scope-manager\dist\lib\es2021.string.d.ts
other_api,node_modules\@typescript-eslint\scope-manager\dist\lib\es2021.string.js
other_api,node_modules\@typescript-eslint\scope-manager\dist\lib\es2021.weakref.d.ts
other_api,node_modules\@typescript-eslint\scope-manager\dist\lib\es2021.weakref.js
other_api,node_modules\@typescript-eslint\scope-manager\dist\lib\es2022.array.d.ts
other_api,node_modules\@typescript-eslint\scope-manager\dist\lib\es2022.array.js
other_api,node_modules\@typescript-eslint\scope-manager\dist\lib\es2022.d.ts
other_api,node_modules\@typescript-eslint\scope-manager\dist\lib\es2022.error.d.ts
other_api,node_modules\@typescript-eslint\scope-manager\dist\lib\es2022.error.js
other_api,node_modules\@typescript-eslint\scope-manager\dist\lib\es2022.full.d.ts
other_api,node_modules\@typescript-eslint\scope-manager\dist\lib\es2022.full.js
other_api,node_modules\@typescript-eslint\scope-manager\dist\lib\es2022.intl.d.ts
other_api,node_modules\@typescript-eslint\scope-manager\dist\lib\es2022.intl.js
other_api,node_modules\@typescript-eslint\scope-manager\dist\lib\es2022.js
other_api,node_modules\@typescript-eslint\scope-manager\dist\lib\es2022.object.d.ts
other_api,node_modules\@typescript-eslint\scope-manager\dist\lib\es2022.object.js
other_api,node_modules\@typescript-eslint\scope-manager\dist\lib\es2022.regexp.d.ts
other_api,node_modules\@typescript-eslint\scope-manager\dist\lib\es2022.regexp.js
other_api,node_modules\@typescript-eslint\scope-manager\dist\lib\es2022.string.d.ts
other_api,node_modules\@typescript-eslint\scope-manager\dist\lib\es2022.string.js
other_api,node_modules\@typescript-eslint\scope-manager\dist\lib\es2023.array.d.ts
other_api,node_modules\@typescript-eslint\scope-manager\dist\lib\es2023.array.js
other_api,node_modules\@typescript-eslint\scope-manager\dist\lib\es2023.collection.d.ts
other_api,node_modules\@typescript-eslint\scope-manager\dist\lib\es2023.collection.js
other_api,node_modules\@typescript-eslint\scope-manager\dist\lib\es2023.d.ts
other_api,node_modules\@typescript-eslint\scope-manager\dist\lib\es2023.full.d.ts
other_api,node_modules\@typescript-eslint\scope-manager\dist\lib\es2023.full.js
other_api,node_modules\@typescript-eslint\scope-manager\dist\lib\es2023.intl.d.ts
other_api,node_modules\@typescript-eslint\scope-manager\dist\lib\es2023.intl.js
other_api,node_modules\@typescript-eslint\scope-manager\dist\lib\es2023.js
other_api,node_modules\@typescript-eslint\scope-manager\dist\lib\es2024.arraybuffer.d.ts
other_api,node_modules\@typescript-eslint\scope-manager\dist\lib\es2024.arraybuffer.js
other_api,node_modules\@typescript-eslint\scope-manager\dist\lib\es2024.collection.d.ts
other_api,node_modules\@typescript-eslint\scope-manager\dist\lib\es2024.collection.js
other_api,node_modules\@typescript-eslint\scope-manager\dist\lib\es2024.d.ts
other_api,node_modules\@typescript-eslint\scope-manager\dist\lib\es2024.full.d.ts
other_api,node_modules\@typescript-eslint\scope-manager\dist\lib\es2024.full.js
other_api,node_modules\@typescript-eslint\scope-manager\dist\lib\es2024.js
other_api,node_modules\@typescript-eslint\scope-manager\dist\lib\es2024.object.d.ts
other_api,node_modules\@typescript-eslint\scope-manager\dist\lib\es2024.object.js
other_api,node_modules\@typescript-eslint\scope-manager\dist\lib\es2024.promise.d.ts
other_api,node_modules\@typescript-eslint\scope-manager\dist\lib\es2024.promise.js
other_api,node_modules\@typescript-eslint\scope-manager\dist\lib\es2024.regexp.d.ts
other_api,node_modules\@typescript-eslint\scope-manager\dist\lib\es2024.regexp.js
other_api,node_modules\@typescript-eslint\scope-manager\dist\lib\es2024.sharedmemory.d.ts
other_api,node_modules\@typescript-eslint\scope-manager\dist\lib\es2024.sharedmemory.js
other_api,node_modules\@typescript-eslint\scope-manager\dist\lib\es2024.string.d.ts
other_api,node_modules\@typescript-eslint\scope-manager\dist\lib\es2024.string.js
other_api,node_modules\@typescript-eslint\scope-manager\dist\lib\es2025.collection.d.ts
other_api,node_modules\@typescript-eslint\scope-manager\dist\lib\es2025.collection.js
other_api,node_modules\@typescript-eslint\scope-manager\dist\lib\es2025.d.ts
other_api,node_modules\@typescript-eslint\scope-manager\dist\lib\es2025.float16.d.ts
other_api,node_modules\@typescript-eslint\scope-manager\dist\lib\es2025.float16.js
other_api,node_modules\@typescript-eslint\scope-manager\dist\lib\es2025.full.d.ts
other_api,node_modules\@typescript-eslint\scope-manager\dist\lib\es2025.full.js
other_api,node_modules\@typescript-eslint\scope-manager\dist\lib\es2025.intl.d.ts
other_api,node_modules\@typescript-eslint\scope-manager\dist\lib\es2025.intl.js
other_api,node_modules\@typescript-eslint\scope-manager\dist\lib\es2025.iterator.d.ts
other_api,node_modules\@typescript-eslint\scope-manager\dist\lib\es2025.iterator.js
other_api,node_modules\@typescript-eslint\scope-manager\dist\lib\es2025.js
other_api,node_modules\@typescript-eslint\scope-manager\dist\lib\es2025.promise.d.ts
other_api,node_modules\@typescript-eslint\scope-manager\dist\lib\es2025.promise.js
other_api,node_modules\@typescript-eslint\scope-manager\dist\lib\es2025.regexp.d.ts
other_api,node_modules\@typescript-eslint\scope-manager\dist\lib\es2025.regexp.js
other_api,node_modules\@typescript-eslint\scope-manager\dist\lib\es5.d.ts
other_api,node_modules\@typescript-eslint\scope-manager\dist\lib\es5.js
other_api,node_modules\@typescript-eslint\scope-manager\dist\lib\es6.d.ts
other_api,node_modules\@typescript-eslint\scope-manager\dist\lib\es6.js
other_api,node_modules\@typescript-eslint\scope-manager\dist\lib\es7.d.ts
other_api,node_modules\@typescript-eslint\scope-manager\dist\lib\es7.js
other_api,node_modules\@typescript-eslint\scope-manager\dist\lib\esnext.array.d.ts
other_api,node_modules\@typescript-eslint\scope-manager\dist\lib\esnext.array.js
other_api,node_modules\@typescript-eslint\scope-manager\dist\lib\esnext.asynciterable.d.ts
other_api,node_modules\@typescript-eslint\scope-manager\dist\lib\esnext.asynciterable.js
other_api,node_modules\@typescript-eslint\scope-manager\dist\lib\esnext.bigint.d.ts
other_api,node_modules\@typescript-eslint\scope-manager\dist\lib\esnext.bigint.js
other_api,node_modules\@typescript-eslint\scope-manager\dist\lib\esnext.collection.d.ts
other_api,node_modules\@typescript-eslint\scope-manager\dist\lib\esnext.collection.js
other_api,node_modules\@typescript-eslint\scope-manager\dist\lib\esnext.d.ts
other_api,node_modules\@typescript-eslint\scope-manager\dist\lib\esnext.date.d.ts
other_api,node_modules\@typescript-eslint\scope-manager\dist\lib\esnext.date.js
other_api,node_modules\@typescript-eslint\scope-manager\dist\lib\esnext.decorators.d.ts
other_api,node_modules\@typescript-eslint\scope-manager\dist\lib\esnext.decorators.js
other_api,node_modules\@typescript-eslint\scope-manager\dist\lib\esnext.disposable.d.ts
other_api,node_modules\@typescript-eslint\scope-manager\dist\lib\esnext.disposable.js
other_api,node_modules\@typescript-eslint\scope-manager\dist\lib\esnext.error.d.ts
other_api,node_modules\@typescript-eslint\scope-manager\dist\lib\esnext.error.js
other_api,node_modules\@typescript-eslint\scope-manager\dist\lib\esnext.float16.d.ts
other_api,node_modules\@typescript-eslint\scope-manager\dist\lib\esnext.float16.js
other_api,node_modules\@typescript-eslint\scope-manager\dist\lib\esnext.full.d.ts
other_api,node_modules\@typescript-eslint\scope-manager\dist\lib\esnext.full.js
other_api,node_modules\@typescript-eslint\scope-manager\dist\lib\esnext.intl.d.ts
other_api,node_modules\@typescript-eslint\scope-manager\dist\lib\esnext.intl.js
other_api,node_modules\@typescript-eslint\scope-manager\dist\lib\esnext.iterator.d.ts
other_api,node_modules\@typescript-eslint\scope-manager\dist\lib\esnext.iterator.js
other_api,node_modules\@typescript-eslint\scope-manager\dist\lib\esnext.js
other_api,node_modules\@typescript-eslint\scope-manager\dist\lib\esnext.object.d.ts
other_api,node_modules\@typescript-eslint\scope-manager\dist\lib\esnext.object.js
other_api,node_modules\@typescript-eslint\scope-manager\dist\lib\esnext.promise.d.ts
other_api,node_modules\@typescript-eslint\scope-manager\dist\lib\esnext.promise.js
other_api,node_modules\@typescript-eslint\scope-manager\dist\lib\esnext.regexp.d.ts
other_api,node_modules\@typescript-eslint\scope-manager\dist\lib\esnext.regexp.js
other_api,node_modules\@typescript-eslint\scope-manager\dist\lib\esnext.sharedmemory.d.ts
other_api,node_modules\@typescript-eslint\scope-manager\dist\lib\esnext.sharedmemory.js
other_api,node_modules\@typescript-eslint\scope-manager\dist\lib\esnext.string.d.ts
other_api,node_modules\@typescript-eslint\scope-manager\dist\lib\esnext.string.js
other_api,node_modules\@typescript-eslint\scope-manager\dist\lib\esnext.symbol.d.ts
other_api,node_modules\@typescript-eslint\scope-manager\dist\lib\esnext.symbol.js
other_api,node_modules\@typescript-eslint\scope-manager\dist\lib\esnext.temporal.d.ts
other_api,node_modules\@typescript-eslint\scope-manager\dist\lib\esnext.temporal.js
other_api,node_modules\@typescript-eslint\scope-manager\dist\lib\esnext.typedarrays.d.ts
other_api,node_modules\@typescript-eslint\scope-manager\dist\lib\esnext.typedarrays.js
other_api,node_modules\@typescript-eslint\scope-manager\dist\lib\esnext.weakref.d.ts
other_api,node_modules\@typescript-eslint\scope-manager\dist\lib\esnext.weakref.js
other_api,node_modules\@typescript-eslint\scope-manager\dist\lib\index.d.ts
other_api,node_modules\@typescript-eslint\scope-manager\dist\lib\index.js
other_api,node_modules\@typescript-eslint\scope-manager\dist\lib\lib.d.ts
other_api,node_modules\@typescript-eslint\scope-manager\dist\lib\lib.js
other_api,node_modules\@typescript-eslint\scope-manager\dist\lib\scripthost.d.ts
other_api,node_modules\@typescript-eslint\scope-manager\dist\lib\scripthost.js
other_api,node_modules\@typescript-eslint\scope-manager\dist\lib\webworker.asynciterable.d.ts
other_api,node_modules\@typescript-eslint\scope-manager\dist\lib\webworker.asynciterable.js
other_api,node_modules\@typescript-eslint\scope-manager\dist\lib\webworker.d.ts
other_api,node_modules\@typescript-eslint\scope-manager\dist\lib\webworker.importscripts.d.ts
other_api,node_modules\@typescript-eslint\scope-manager\dist\lib\webworker.importscripts.js
other_api,node_modules\@typescript-eslint\scope-manager\dist\lib\webworker.iterable.d.ts
other_api,node_modules\@typescript-eslint\scope-manager\dist\lib\webworker.iterable.js
other_api,node_modules\@typescript-eslint\scope-manager\dist\lib\webworker.js
other_api,node_modules\@typescript-eslint\scope-manager\dist\referencer\ClassVisitor.d.ts
other_api,node_modules\@typescript-eslint\scope-manager\dist\referencer\ClassVisitor.js
other_api,node_modules\@typescript-eslint\scope-manager\dist\referencer\ExportVisitor.d.ts
other_api,node_modules\@typescript-eslint\scope-manager\dist\referencer\ExportVisitor.js
other_api,node_modules\@typescript-eslint\scope-manager\dist\referencer\ImportVisitor.d.ts
other_api,node_modules\@typescript-eslint\scope-manager\dist\referencer\ImportVisitor.js
other_api,node_modules\@typescript-eslint\scope-manager\dist\referencer\index.d.ts
other_api,node_modules\@typescript-eslint\scope-manager\dist\referencer\index.js
other_api,node_modules\@typescript-eslint\scope-manager\dist\referencer\PatternVisitor.d.ts
other_api,node_modules\@typescript-eslint\scope-manager\dist\referencer\PatternVisitor.js
other_api,node_modules\@typescript-eslint\scope-manager\dist\referencer\Reference.d.ts
other_api,node_modules\@typescript-eslint\scope-manager\dist\referencer\Reference.js
other_api,node_modules\@typescript-eslint\scope-manager\dist\referencer\Referencer.d.ts
other_api,node_modules\@typescript-eslint\scope-manager\dist\referencer\Referencer.js
other_api,node_modules\@typescript-eslint\scope-manager\dist\referencer\TypeVisitor.d.ts
other_api,node_modules\@typescript-eslint\scope-manager\dist\referencer\TypeVisitor.js
other_api,node_modules\@typescript-eslint\scope-manager\dist\referencer\Visitor.d.ts
other_api,node_modules\@typescript-eslint\scope-manager\dist\referencer\Visitor.js
other_api,node_modules\@typescript-eslint\scope-manager\dist\referencer\VisitorBase.d.ts
other_api,node_modules\@typescript-eslint\scope-manager\dist\referencer\VisitorBase.js
other_api,node_modules\@typescript-eslint\scope-manager\dist\scope\BlockScope.d.ts
other_api,node_modules\@typescript-eslint\scope-manager\dist\scope\BlockScope.js
other_api,node_modules\@typescript-eslint\scope-manager\dist\scope\CatchScope.d.ts
other_api,node_modules\@typescript-eslint\scope-manager\dist\scope\CatchScope.js
other_api,node_modules\@typescript-eslint\scope-manager\dist\scope\ClassFieldInitializerScope.d.ts
other_api,node_modules\@typescript-eslint\scope-manager\dist\scope\ClassFieldInitializerScope.js
other_api,node_modules\@typescript-eslint\scope-manager\dist\scope\ClassScope.d.ts
other_api,node_modules\@typescript-eslint\scope-manager\dist\scope\ClassScope.js
other_api,node_modules\@typescript-eslint\scope-manager\dist\scope\ClassStaticBlockScope.d.ts
other_api,node_modules\@typescript-eslint\scope-manager\dist\scope\ClassStaticBlockScope.js
other_api,node_modules\@typescript-eslint\scope-manager\dist\scope\ConditionalTypeScope.d.ts
other_api,node_modules\@typescript-eslint\scope-manager\dist\scope\ConditionalTypeScope.js
other_api,node_modules\@typescript-eslint\scope-manager\dist\scope\ForScope.d.ts
other_api,node_modules\@typescript-eslint\scope-manager\dist\scope\ForScope.js
other_api,node_modules\@typescript-eslint\scope-manager\dist\scope\FunctionExpressionNameScope.d.ts
other_api,node_modules\@typescript-eslint\scope-manager\dist\scope\FunctionExpressionNameScope.js
other_api,node_modules\@typescript-eslint\scope-manager\dist\scope\FunctionScope.d.ts
other_api,node_modules\@typescript-eslint\scope-manager\dist\scope\FunctionScope.js
other_api,node_modules\@typescript-eslint\scope-manager\dist\scope\FunctionTypeScope.d.ts
other_api,node_modules\@typescript-eslint\scope-manager\dist\scope\FunctionTypeScope.js
other_api,node_modules\@typescript-eslint\scope-manager\dist\scope\GlobalScope.d.ts
other_api,node_modules\@typescript-eslint\scope-manager\dist\scope\GlobalScope.js
other_api,node_modules\@typescript-eslint\scope-manager\dist\scope\index.d.ts
other_api,node_modules\@typescript-eslint\scope-manager\dist\scope\index.js
other_api,node_modules\@typescript-eslint\scope-manager\dist\scope\MappedTypeScope.d.ts
other_api,node_modules\@typescript-eslint\scope-manager\dist\scope\MappedTypeScope.js
other_api,node_modules\@typescript-eslint\scope-manager\dist\scope\ModuleScope.d.ts
other_api,node_modules\@typescript-eslint\scope-manager\dist\scope\ModuleScope.js
other_api,node_modules\@typescript-eslint\scope-manager\dist\scope\Scope.d.ts
other_api,node_modules\@typescript-eslint\scope-manager\dist\scope\Scope.js
other_api,node_modules\@typescript-eslint\scope-manager\dist\scope\ScopeBase.d.ts
other_api,node_modules\@typescript-eslint\scope-manager\dist\scope\ScopeBase.js
other_api,node_modules\@typescript-eslint\scope-manager\dist\scope\ScopeType.d.ts
other_api,node_modules\@typescript-eslint\scope-manager\dist\scope\ScopeType.js
other_api,node_modules\@typescript-eslint\scope-manager\dist\scope\SwitchScope.d.ts
other_api,node_modules\@typescript-eslint\scope-manager\dist\scope\SwitchScope.js
other_api,node_modules\@typescript-eslint\scope-manager\dist\scope\TSEnumScope.d.ts
other_api,node_modules\@typescript-eslint\scope-manager\dist\scope\TSEnumScope.js
other_api,node_modules\@typescript-eslint\scope-manager\dist\scope\TSModuleScope.d.ts
other_api,node_modules\@typescript-eslint\scope-manager\dist\scope\TSModuleScope.js
other_api,node_modules\@typescript-eslint\scope-manager\dist\scope\TypeScope.d.ts
other_api,node_modules\@typescript-eslint\scope-manager\dist\scope\TypeScope.js
other_api,node_modules\@typescript-eslint\scope-manager\dist\scope\WithScope.d.ts
other_api,node_modules\@typescript-eslint\scope-manager\dist\scope\WithScope.js
other_api,node_modules\@typescript-eslint\scope-manager\dist\variable\ESLintScopeVariable.d.ts
other_api,node_modules\@typescript-eslint\scope-manager\dist\variable\ESLintScopeVariable.js
other_api,node_modules\@typescript-eslint\scope-manager\dist\variable\ImplicitLibVariable.d.ts
other_api,node_modules\@typescript-eslint\scope-manager\dist\variable\ImplicitLibVariable.js
other_api,node_modules\@typescript-eslint\scope-manager\dist\variable\index.d.ts
other_api,node_modules\@typescript-eslint\scope-manager\dist\variable\index.js
other_api,node_modules\@typescript-eslint\scope-manager\dist\variable\Variable.d.ts
other_api,node_modules\@typescript-eslint\scope-manager\dist\variable\Variable.js
other_api,node_modules\@typescript-eslint\scope-manager\dist\variable\VariableBase.d.ts
other_api,node_modules\@typescript-eslint\scope-manager\dist\variable\VariableBase.js
other_api,node_modules\@typescript-eslint\tsconfig-utils\dist\compilerOptions.d.ts
other_api,node_modules\@typescript-eslint\tsconfig-utils\dist\compilerOptions.js
other_api,node_modules\@typescript-eslint\tsconfig-utils\dist\getParsedConfigFile.d.ts
other_api,node_modules\@typescript-eslint\tsconfig-utils\dist\getParsedConfigFile.js
other_api,node_modules\@typescript-eslint\tsconfig-utils\dist\index.d.ts
other_api,node_modules\@typescript-eslint\tsconfig-utils\dist\index.js
other_api,node_modules\@typescript-eslint\type-utils\dist\builtinSymbolLikes.d.ts
other_api,node_modules\@typescript-eslint\type-utils\dist\builtinSymbolLikes.js
other_api,node_modules\@typescript-eslint\type-utils\dist\containsAllTypesByName.d.ts
other_api,node_modules\@typescript-eslint\type-utils\dist\containsAllTypesByName.js
other_api,node_modules\@typescript-eslint\type-utils\dist\discriminateAnyType.d.ts
other_api,node_modules\@typescript-eslint\type-utils\dist\discriminateAnyType.js
other_api,node_modules\@typescript-eslint\type-utils\dist\getConstrainedTypeAtLocation.d.ts
other_api,node_modules\@typescript-eslint\type-utils\dist\getConstrainedTypeAtLocation.js
other_api,node_modules\@typescript-eslint\type-utils\dist\getContextualType.d.ts
other_api,node_modules\@typescript-eslint\type-utils\dist\getContextualType.js
other_api,node_modules\@typescript-eslint\type-utils\dist\getDeclaration.d.ts
other_api,node_modules\@typescript-eslint\type-utils\dist\getDeclaration.js
other_api,node_modules\@typescript-eslint\type-utils\dist\getSourceFileOfNode.d.ts
other_api,node_modules\@typescript-eslint\type-utils\dist\getSourceFileOfNode.js
other_api,node_modules\@typescript-eslint\type-utils\dist\getTypeName.d.ts
other_api,node_modules\@typescript-eslint\type-utils\dist\getTypeName.js
other_api,node_modules\@typescript-eslint\type-utils\dist\index.d.ts
other_api,node_modules\@typescript-eslint\type-utils\dist\index.js
other_api,node_modules\@typescript-eslint\type-utils\dist\isSymbolFromDefaultLibrary.d.ts
other_api,node_modules\@typescript-eslint\type-utils\dist\isSymbolFromDefaultLibrary.js
other_api,node_modules\@typescript-eslint\type-utils\dist\isTypeBrandedLiteralLike.d.ts
other_api,node_modules\@typescript-eslint\type-utils\dist\isTypeBrandedLiteralLike.js
other_api,node_modules\@typescript-eslint\type-utils\dist\isTypeReadonly.d.ts
other_api,node_modules\@typescript-eslint\type-utils\dist\isTypeReadonly.js
other_api,node_modules\@typescript-eslint\type-utils\dist\isUnsafeAssignment.d.ts
other_api,node_modules\@typescript-eslint\type-utils\dist\isUnsafeAssignment.js
other_api,node_modules\@typescript-eslint\type-utils\dist\predicates.d.ts
other_api,node_modules\@typescript-eslint\type-utils\dist\predicates.js
other_api,node_modules\@typescript-eslint\type-utils\dist\propertyTypes.d.ts
other_api,node_modules\@typescript-eslint\type-utils\dist\propertyTypes.js
other_api,node_modules\@typescript-eslint\type-utils\dist\requiresQuoting.d.ts
other_api,node_modules\@typescript-eslint\type-utils\dist\requiresQuoting.js
other_api,node_modules\@typescript-eslint\type-utils\dist\typeFlagUtils.d.ts
other_api,node_modules\@typescript-eslint\type-utils\dist\typeFlagUtils.js
other_api,node_modules\@typescript-eslint\type-utils\dist\TypeOrValueSpecifier.d.ts
other_api,node_modules\@typescript-eslint\type-utils\dist\TypeOrValueSpecifier.js
other_api,node_modules\@typescript-eslint\type-utils\dist\typeOrValueSpecifiers\specifierNameMatches.d.ts
other_api,node_modules\@typescript-eslint\type-utils\dist\typeOrValueSpecifiers\specifierNameMatches.js
other_api,node_modules\@typescript-eslint\type-utils\dist\typeOrValueSpecifiers\typeDeclaredInFile.d.ts
other_api,node_modules\@typescript-eslint\type-utils\dist\typeOrValueSpecifiers\typeDeclaredInFile.js
other_api,node_modules\@typescript-eslint\type-utils\dist\typeOrValueSpecifiers\typeDeclaredInLib.d.ts
other_api,node_modules\@typescript-eslint\type-utils\dist\typeOrValueSpecifiers\typeDeclaredInLib.js
other_api,node_modules\@typescript-eslint\type-utils\dist\typeOrValueSpecifiers\typeDeclaredInPackageDeclarationFile.d.ts
other_api,node_modules\@typescript-eslint\type-utils\dist\typeOrValueSpecifiers\typeDeclaredInPackageDeclarationFile.js
other_api,node_modules\@typescript-eslint\types\dist\index.d.ts
other_api,node_modules\@typescript-eslint\types\dist\index.js
other_api,node_modules\@typescript-eslint\types\dist\lib.d.ts
other_api,node_modules\@typescript-eslint\types\dist\lib.js
other_api,node_modules\@typescript-eslint\types\dist\parser-options.d.ts
other_api,node_modules\@typescript-eslint\types\dist\parser-options.js
other_api,node_modules\@typescript-eslint\types\dist\ts-estree.d.ts
other_api,node_modules\@typescript-eslint\types\dist\ts-estree.js
other_api,node_modules\@typescript-eslint\types\dist\generated\ast-spec.d.ts
other_api,node_modules\@typescript-eslint\types\dist\generated\ast-spec.js
other_api,node_modules\@typescript-eslint\typescript-estree\dist\ast-converter.d.ts
other_api,node_modules\@typescript-eslint\typescript-estree\dist\ast-converter.js
other_api,node_modules\@typescript-eslint\typescript-estree\dist\check-modifiers.d.ts
other_api,node_modules\@typescript-eslint\typescript-estree\dist\check-modifiers.js
other_api,node_modules\@typescript-eslint\typescript-estree\dist\check-syntax-errors.d.ts
other_api,node_modules\@typescript-eslint\typescript-estree\dist\check-syntax-errors.js
other_api,node_modules\@typescript-eslint\typescript-estree\dist\clear-caches.d.ts
other_api,node_modules\@typescript-eslint\typescript-estree\dist\clear-caches.js
other_api,node_modules\@typescript-eslint\typescript-estree\dist\convert-comments.d.ts
other_api,node_modules\@typescript-eslint\typescript-estree\dist\convert-comments.js
other_api,node_modules\@typescript-eslint\typescript-estree\dist\convert.d.ts
other_api,node_modules\@typescript-eslint\typescript-estree\dist\convert.js
other_api,node_modules\@typescript-eslint\typescript-estree\dist\getImportClausePhaseModifier.d.ts
other_api,node_modules\@typescript-eslint\typescript-estree\dist\getImportClausePhaseModifier.js
other_api,node_modules\@typescript-eslint\typescript-estree\dist\getModifiers.d.ts
other_api,node_modules\@typescript-eslint\typescript-estree\dist\getModifiers.js
other_api,node_modules\@typescript-eslint\typescript-estree\dist\index.d.ts
other_api,node_modules\@typescript-eslint\typescript-estree\dist\index.js
other_api,node_modules\@typescript-eslint\typescript-estree\dist\node-utils.d.ts
other_api,node_modules\@typescript-eslint\typescript-estree\dist\node-utils.js
other_api,node_modules\@typescript-eslint\typescript-estree\dist\parser-options.d.ts
other_api,node_modules\@typescript-eslint\typescript-estree\dist\parser-options.js
other_api,node_modules\@typescript-eslint\typescript-estree\dist\parser.d.ts
other_api,node_modules\@typescript-eslint\typescript-estree\dist\parser.js
other_api,node_modules\@typescript-eslint\typescript-estree\dist\semantic-or-syntactic-errors.d.ts
other_api,node_modules\@typescript-eslint\typescript-estree\dist\semantic-or-syntactic-errors.js
other_api,node_modules\@typescript-eslint\typescript-estree\dist\simple-traverse.d.ts
other_api,node_modules\@typescript-eslint\typescript-estree\dist\simple-traverse.js
other_api,node_modules\@typescript-eslint\typescript-estree\dist\source-files.d.ts
other_api,node_modules\@typescript-eslint\typescript-estree\dist\source-files.js
other_api,node_modules\@typescript-eslint\typescript-estree\dist\use-at-your-own-risk.d.ts
other_api,node_modules\@typescript-eslint\typescript-estree\dist\use-at-your-own-risk.js
other_api,node_modules\@typescript-eslint\typescript-estree\dist\version-check.d.ts
other_api,node_modules\@typescript-eslint\typescript-estree\dist\version-check.js
other_api,node_modules\@typescript-eslint\typescript-estree\dist\version.d.ts
other_api,node_modules\@typescript-eslint\typescript-estree\dist\version.js
other_api,node_modules\@typescript-eslint\typescript-estree\dist\withoutProjectParserOptions.d.ts
other_api,node_modules\@typescript-eslint\typescript-estree\dist\withoutProjectParserOptions.js
other_api,node_modules\@typescript-eslint\typescript-estree\dist\create-program\createIsolatedProgram.d.ts
other_api,node_modules\@typescript-eslint\typescript-estree\dist\create-program\createIsolatedProgram.js
other_api,node_modules\@typescript-eslint\typescript-estree\dist\create-program\createProjectProgram.d.ts
other_api,node_modules\@typescript-eslint\typescript-estree\dist\create-program\createProjectProgram.js
other_api,node_modules\@typescript-eslint\typescript-estree\dist\create-program\createProjectProgramError.d.ts
other_api,node_modules\@typescript-eslint\typescript-estree\dist\create-program\createProjectProgramError.js
other_api,node_modules\@typescript-eslint\typescript-estree\dist\create-program\createSourceFile.d.ts
other_api,node_modules\@typescript-eslint\typescript-estree\dist\create-program\createSourceFile.js
other_api,node_modules\@typescript-eslint\typescript-estree\dist\create-program\describeFilePath.d.ts
other_api,node_modules\@typescript-eslint\typescript-estree\dist\create-program\describeFilePath.js
other_api,node_modules\@typescript-eslint\typescript-estree\dist\create-program\getScriptKind.d.ts
other_api,node_modules\@typescript-eslint\typescript-estree\dist\create-program\getScriptKind.js
other_api,node_modules\@typescript-eslint\typescript-estree\dist\create-program\getWatchProgramsForProjects.d.ts
other_api,node_modules\@typescript-eslint\typescript-estree\dist\create-program\getWatchProgramsForProjects.js
other_api,node_modules\@typescript-eslint\typescript-estree\dist\create-program\shared.d.ts
other_api,node_modules\@typescript-eslint\typescript-estree\dist\create-program\shared.js
other_api,node_modules\@typescript-eslint\typescript-estree\dist\create-program\useProvidedPrograms.d.ts
other_api,node_modules\@typescript-eslint\typescript-estree\dist\create-program\useProvidedPrograms.js
other_api,node_modules\@typescript-eslint\typescript-estree\dist\create-program\validateDefaultProjectForFilesGlob.d.ts
other_api,node_modules\@typescript-eslint\typescript-estree\dist\create-program\validateDefaultProjectForFilesGlob.js
other_api,node_modules\@typescript-eslint\typescript-estree\dist\create-program\WatchCompilerHostOfConfigFile.d.ts
other_api,node_modules\@typescript-eslint\typescript-estree\dist\create-program\WatchCompilerHostOfConfigFile.js
other_api,node_modules\@typescript-eslint\typescript-estree\dist\jsx\xhtml-entities.d.ts
other_api,node_modules\@typescript-eslint\typescript-estree\dist\jsx\xhtml-entities.js
other_api,node_modules\@typescript-eslint\typescript-estree\dist\parseSettings\candidateTSConfigRootDirs.d.ts
other_api,node_modules\@typescript-eslint\typescript-estree\dist\parseSettings\candidateTSConfigRootDirs.js
other_api,node_modules\@typescript-eslint\typescript-estree\dist\parseSettings\createParseSettings.d.ts
other_api,node_modules\@typescript-eslint\typescript-estree\dist\parseSettings\createParseSettings.js
other_api,node_modules\@typescript-eslint\typescript-estree\dist\parseSettings\ExpiringCache.d.ts
other_api,node_modules\@typescript-eslint\typescript-estree\dist\parseSettings\ExpiringCache.js
other_api,node_modules\@typescript-eslint\typescript-estree\dist\parseSettings\getProjectConfigFiles.d.ts
other_api,node_modules\@typescript-eslint\typescript-estree\dist\parseSettings\getProjectConfigFiles.js
other_api,node_modules\@typescript-eslint\typescript-estree\dist\parseSettings\index.d.ts
other_api,node_modules\@typescript-eslint\typescript-estree\dist\parseSettings\index.js
other_api,node_modules\@typescript-eslint\typescript-estree\dist\parseSettings\inferSingleRun.d.ts
other_api,node_modules\@typescript-eslint\typescript-estree\dist\parseSettings\inferSingleRun.js
other_api,node_modules\@typescript-eslint\typescript-estree\dist\parseSettings\resolveProjectList.d.ts
other_api,node_modules\@typescript-eslint\typescript-estree\dist\parseSettings\resolveProjectList.js
other_api,node_modules\@typescript-eslint\typescript-estree\dist\parseSettings\warnAboutTSVersion.d.ts
other_api,node_modules\@typescript-eslint\typescript-estree\dist\parseSettings\warnAboutTSVersion.js
other_api,node_modules\@typescript-eslint\typescript-estree\dist\ts-estree\estree-to-ts-node-types.d.ts
other_api,node_modules\@typescript-eslint\typescript-estree\dist\ts-estree\estree-to-ts-node-types.js
other_api,node_modules\@typescript-eslint\typescript-estree\dist\ts-estree\index.d.ts
other_api,node_modules\@typescript-eslint\typescript-estree\dist\ts-estree\index.js
other_api,node_modules\@typescript-eslint\typescript-estree\dist\ts-estree\ts-nodes.d.ts
other_api,node_modules\@typescript-eslint\typescript-estree\dist\ts-estree\ts-nodes.js
other_api,node_modules\@typescript-eslint\typescript-estree\node_modules\semver\index.js
other_api,node_modules\@typescript-eslint\typescript-estree\node_modules\semver\preload.js
other_api,node_modules\@typescript-eslint\typescript-estree\node_modules\semver\bin\semver.js
other_api,node_modules\@typescript-eslint\typescript-estree\node_modules\semver\classes\comparator.js
other_api,node_modules\@typescript-eslint\typescript-estree\node_modules\semver\classes\index.js
other_api,node_modules\@typescript-eslint\typescript-estree\node_modules\semver\classes\range.js
other_api,node_modules\@typescript-eslint\typescript-estree\node_modules\semver\classes\semver.js
other_api,node_modules\@typescript-eslint\typescript-estree\node_modules\semver\functions\clean.js
other_api,node_modules\@typescript-eslint\typescript-estree\node_modules\semver\functions\cmp.js
other_api,node_modules\@typescript-eslint\typescript-estree\node_modules\semver\functions\coerce.js
other_api,node_modules\@typescript-eslint\typescript-estree\node_modules\semver\functions\compare-build.js
other_api,node_modules\@typescript-eslint\typescript-estree\node_modules\semver\functions\compare-loose.js
other_api,node_modules\@typescript-eslint\typescript-estree\node_modules\semver\functions\compare.js
other_api,node_modules\@typescript-eslint\typescript-estree\node_modules\semver\functions\diff.js
other_api,node_modules\@typescript-eslint\typescript-estree\node_modules\semver\functions\eq.js
other_api,node_modules\@typescript-eslint\typescript-estree\node_modules\semver\functions\gt.js
other_api,node_modules\@typescript-eslint\typescript-estree\node_modules\semver\functions\gte.js
other_api,node_modules\@typescript-eslint\typescript-estree\node_modules\semver\functions\inc.js
other_api,node_modules\@typescript-eslint\typescript-estree\node_modules\semver\functions\lt.js
other_api,node_modules\@typescript-eslint\typescript-estree\node_modules\semver\functions\lte.js
other_api,node_modules\@typescript-eslint\typescript-estree\node_modules\semver\functions\major.js
other_api,node_modules\@typescript-eslint\typescript-estree\node_modules\semver\functions\minor.js
other_api,node_modules\@typescript-eslint\typescript-estree\node_modules\semver\functions\neq.js
other_api,node_modules\@typescript-eslint\typescript-estree\node_modules\semver\functions\parse.js
other_api,node_modules\@typescript-eslint\typescript-estree\node_modules\semver\functions\patch.js
other_api,node_modules\@typescript-eslint\typescript-estree\node_modules\semver\functions\prerelease.js
other_api,node_modules\@typescript-eslint\typescript-estree\node_modules\semver\functions\rcompare.js
other_api,node_modules\@typescript-eslint\typescript-estree\node_modules\semver\functions\rsort.js
other_api,node_modules\@typescript-eslint\typescript-estree\node_modules\semver\functions\satisfies.js
other_api,node_modules\@typescript-eslint\typescript-estree\node_modules\semver\functions\sort.js
other_api,node_modules\@typescript-eslint\typescript-estree\node_modules\semver\functions\truncate.js
other_api,node_modules\@typescript-eslint\typescript-estree\node_modules\semver\functions\valid.js
other_api,node_modules\@typescript-eslint\typescript-estree\node_modules\semver\internal\constants.js
other_api,node_modules\@typescript-eslint\typescript-estree\node_modules\semver\internal\debug.js
other_api,node_modules\@typescript-eslint\typescript-estree\node_modules\semver\internal\identifiers.js
other_api,node_modules\@typescript-eslint\typescript-estree\node_modules\semver\internal\lrucache.js
other_api,node_modules\@typescript-eslint\typescript-estree\node_modules\semver\internal\parse-options.js
other_api,node_modules\@typescript-eslint\typescript-estree\node_modules\semver\internal\re.js
other_api,node_modules\@typescript-eslint\typescript-estree\node_modules\semver\ranges\gtr.js
other_api,node_modules\@typescript-eslint\typescript-estree\node_modules\semver\ranges\intersects.js
other_api,node_modules\@typescript-eslint\typescript-estree\node_modules\semver\ranges\ltr.js
other_api,node_modules\@typescript-eslint\typescript-estree\node_modules\semver\ranges\max-satisfying.js
other_api,node_modules\@typescript-eslint\typescript-estree\node_modules\semver\ranges\min-satisfying.js
other_api,node_modules\@typescript-eslint\typescript-estree\node_modules\semver\ranges\min-version.js
other_api,node_modules\@typescript-eslint\typescript-estree\node_modules\semver\ranges\outside.js
other_api,node_modules\@typescript-eslint\typescript-estree\node_modules\semver\ranges\simplify.js
other_api,node_modules\@typescript-eslint\typescript-estree\node_modules\semver\ranges\subset.js
other_api,node_modules\@typescript-eslint\typescript-estree\node_modules\semver\ranges\to-comparators.js
other_api,node_modules\@typescript-eslint\typescript-estree\node_modules\semver\ranges\valid.js
other_api,node_modules\@typescript-eslint\utils\dist\index.d.ts
other_api,node_modules\@typescript-eslint\utils\dist\index.js
other_api,node_modules\@typescript-eslint\utils\dist\json-schema.d.ts
other_api,node_modules\@typescript-eslint\utils\dist\json-schema.js
other_api,node_modules\@typescript-eslint\utils\dist\ts-estree.d.ts
other_api,node_modules\@typescript-eslint\utils\dist\ts-estree.js
other_api,node_modules\@typescript-eslint\utils\dist\ast-utils\helpers.d.ts
other_api,node_modules\@typescript-eslint\utils\dist\ast-utils\helpers.js
other_api,node_modules\@typescript-eslint\utils\dist\ast-utils\index.d.ts
other_api,node_modules\@typescript-eslint\utils\dist\ast-utils\index.js
other_api,node_modules\@typescript-eslint\utils\dist\ast-utils\misc.d.ts
other_api,node_modules\@typescript-eslint\utils\dist\ast-utils\misc.js
other_api,node_modules\@typescript-eslint\utils\dist\ast-utils\predicates.d.ts
other_api,node_modules\@typescript-eslint\utils\dist\ast-utils\predicates.js
other_api,node_modules\@typescript-eslint\utils\dist\ast-utils\eslint-utils\astUtilities.d.ts
other_api,node_modules\@typescript-eslint\utils\dist\ast-utils\eslint-utils\astUtilities.js
other_api,node_modules\@typescript-eslint\utils\dist\ast-utils\eslint-utils\index.d.ts
other_api,node_modules\@typescript-eslint\utils\dist\ast-utils\eslint-utils\index.js
other_api,node_modules\@typescript-eslint\utils\dist\ast-utils\eslint-utils\PatternMatcher.d.ts
other_api,node_modules\@typescript-eslint\utils\dist\ast-utils\eslint-utils\PatternMatcher.js
other_api,node_modules\@typescript-eslint\utils\dist\ast-utils\eslint-utils\predicates.d.ts
other_api,node_modules\@typescript-eslint\utils\dist\ast-utils\eslint-utils\predicates.js
other_api,node_modules\@typescript-eslint\utils\dist\ast-utils\eslint-utils\ReferenceTracker.d.ts
other_api,node_modules\@typescript-eslint\utils\dist\ast-utils\eslint-utils\ReferenceTracker.js
other_api,node_modules\@typescript-eslint\utils\dist\ast-utils\eslint-utils\scopeAnalysis.d.ts
other_api,node_modules\@typescript-eslint\utils\dist\ast-utils\eslint-utils\scopeAnalysis.js
other_api,node_modules\@typescript-eslint\utils\dist\eslint-utils\applyDefault.d.ts
other_api,node_modules\@typescript-eslint\utils\dist\eslint-utils\applyDefault.js
other_api,node_modules\@typescript-eslint\utils\dist\eslint-utils\deepMerge.d.ts
other_api,node_modules\@typescript-eslint\utils\dist\eslint-utils\deepMerge.js
other_api,node_modules\@typescript-eslint\utils\dist\eslint-utils\index.d.ts
other_api,node_modules\@typescript-eslint\utils\dist\eslint-utils\index.js
other_api,node_modules\@typescript-eslint\utils\dist\eslint-utils\InferTypesFromRule.d.ts
other_api,node_modules\@typescript-eslint\utils\dist\eslint-utils\InferTypesFromRule.js
other_api,node_modules\@typescript-eslint\utils\dist\eslint-utils\nullThrows.d.ts
other_api,node_modules\@typescript-eslint\utils\dist\eslint-utils\nullThrows.js
other_api,node_modules\@typescript-eslint\utils\dist\eslint-utils\parserSeemsToBeTSESLint.d.ts
other_api,node_modules\@typescript-eslint\utils\dist\eslint-utils\parserSeemsToBeTSESLint.js
other_api,node_modules\@typescript-eslint\utils\dist\eslint-utils\RuleCreator.d.ts
other_api,node_modules\@typescript-eslint\utils\dist\eslint-utils\RuleCreator.js
other_api,node_modules\@typescript-eslint\utils\dist\ts-eslint\AST.d.ts
other_api,node_modules\@typescript-eslint\utils\dist\ts-eslint\AST.js
other_api,node_modules\@typescript-eslint\utils\dist\ts-eslint\Config.d.ts
other_api,node_modules\@typescript-eslint\utils\dist\ts-eslint\Config.js
other_api,node_modules\@typescript-eslint\utils\dist\ts-eslint\ESLint.d.ts
other_api,node_modules\@typescript-eslint\utils\dist\ts-eslint\ESLint.js
other_api,node_modules\@typescript-eslint\utils\dist\ts-eslint\index.d.ts
other_api,node_modules\@typescript-eslint\utils\dist\ts-eslint\index.js
other_api,node_modules\@typescript-eslint\utils\dist\ts-eslint\Linter.d.ts
other_api,node_modules\@typescript-eslint\utils\dist\ts-eslint\Linter.js
other_api,node_modules\@typescript-eslint\utils\dist\ts-eslint\Parser.d.ts
other_api,node_modules\@typescript-eslint\utils\dist\ts-eslint\Parser.js
other_api,node_modules\@typescript-eslint\utils\dist\ts-eslint\ParserOptions.d.ts
other_api,node_modules\@typescript-eslint\utils\dist\ts-eslint\ParserOptions.js
other_api,node_modules\@typescript-eslint\utils\dist\ts-eslint\Processor.d.ts
other_api,node_modules\@typescript-eslint\utils\dist\ts-eslint\Processor.js
other_api,node_modules\@typescript-eslint\utils\dist\ts-eslint\Rule.d.ts
other_api,node_modules\@typescript-eslint\utils\dist\ts-eslint\Rule.js
other_api,node_modules\@typescript-eslint\utils\dist\ts-eslint\RuleTester.d.ts
other_api,node_modules\@typescript-eslint\utils\dist\ts-eslint\RuleTester.js
other_api,node_modules\@typescript-eslint\utils\dist\ts-eslint\Scope.d.ts
other_api,node_modules\@typescript-eslint\utils\dist\ts-eslint\Scope.js
other_api,node_modules\@typescript-eslint\utils\dist\ts-eslint\SourceCode.d.ts
other_api,node_modules\@typescript-eslint\utils\dist\ts-eslint\SourceCode.js
other_api,node_modules\@typescript-eslint\utils\dist\ts-eslint\eslint\ESLintShared.d.ts
other_api,node_modules\@typescript-eslint\utils\dist\ts-eslint\eslint\ESLintShared.js
other_api,node_modules\@typescript-eslint\utils\dist\ts-eslint\eslint\FlatESLint.d.ts
other_api,node_modules\@typescript-eslint\utils\dist\ts-eslint\eslint\FlatESLint.js
other_api,node_modules\@typescript-eslint\utils\dist\ts-eslint\eslint\LegacyESLint.d.ts
other_api,node_modules\@typescript-eslint\utils\dist\ts-eslint\eslint\LegacyESLint.js
other_api,node_modules\@typescript-eslint\utils\dist\ts-utils\index.d.ts
other_api,node_modules\@typescript-eslint\utils\dist\ts-utils\index.js
other_api,node_modules\@typescript-eslint\utils\dist\ts-utils\isArray.d.ts
other_api,node_modules\@typescript-eslint\utils\dist\ts-utils\isArray.js
other_api,node_modules\@typescript-eslint\utils\dist\ts-utils\NoInfer.d.ts
other_api,node_modules\@typescript-eslint\utils\dist\ts-utils\NoInfer.js
other_api,node_modules\@typescript-eslint\visitor-keys\dist\get-keys.d.ts
other_api,node_modules\@typescript-eslint\visitor-keys\dist\get-keys.js
other_api,node_modules\@typescript-eslint\visitor-keys\dist\index.d.ts
other_api,node_modules\@typescript-eslint\visitor-keys\dist\index.js
other_api,node_modules\@typescript-eslint\visitor-keys\dist\visitor-keys.d.ts
other_api,node_modules\@typescript-eslint\visitor-keys\dist\visitor-keys.js
other_api,node_modules\@vitejs\plugin-react\dist\index.d.ts
other_api,node_modules\@vitejs\plugin-react\dist\index.js
other_api,node_modules\@vitejs\plugin-react\dist\refresh-runtime.js
other_api,node_modules\@vitejs\plugin-react\types\optionalTypes.d.ts
other_api,node_modules\@vitejs\plugin-react\types\preamble.d.ts
other_api,node_modules\@vitest\expect\dist\index.d.ts
other_api,node_modules\@vitest\expect\dist\index.js
other_api,node_modules\@vitest\pretty-format\dist\index.d.ts
other_api,node_modules\@vitest\pretty-format\dist\index.js
other_api,node_modules\@vitest\runner\types.d.ts
other_api,node_modules\@vitest\runner\utils.d.ts
other_api,node_modules\@vitest\runner\dist\chunk-hooks.js
other_api,node_modules\@vitest\runner\dist\index.d.ts
other_api,node_modules\@vitest\runner\dist\index.js
other_api,node_modules\@vitest\runner\dist\tasks.d-CkscK4of.d.ts
other_api,node_modules\@vitest\runner\dist\types.d.ts
other_api,node_modules\@vitest\runner\dist\types.js
other_api,node_modules\@vitest\runner\dist\utils.d.ts
other_api,node_modules\@vitest\runner\dist\utils.js
other_api,node_modules\@vitest\snapshot\environment.d.ts
other_api,node_modules\@vitest\snapshot\manager.d.ts
other_api,node_modules\@vitest\snapshot\dist\environment.d-DHdQ1Csl.d.ts
other_api,node_modules\@vitest\snapshot\dist\environment.d.ts
other_api,node_modules\@vitest\snapshot\dist\environment.js
other_api,node_modules\@vitest\snapshot\dist\index.d.ts
other_api,node_modules\@vitest\snapshot\dist\index.js
other_api,node_modules\@vitest\snapshot\dist\manager.d.ts
other_api,node_modules\@vitest\snapshot\dist\manager.js
other_api,node_modules\@vitest\snapshot\dist\rawSnapshot.d-lFsMJFUd.d.ts
other_api,node_modules\@vitest\spy\dist\index.d.ts
other_api,node_modules\@vitest\spy\dist\index.js
other_api,node_modules\@vitest\utils\diff.d.ts
other_api,node_modules\@vitest\utils\error.d.ts
other_api,node_modules\@vitest\utils\helpers.d.ts
other_api,node_modules\@vitest\utils\dist\chunk-_commonjsHelpers.js
other_api,node_modules\@vitest\utils\dist\diff.d.ts
other_api,node_modules\@vitest\utils\dist\diff.js
other_api,node_modules\@vitest\utils\dist\error.d.ts
other_api,node_modules\@vitest\utils\dist\error.js
other_api,node_modules\@vitest\utils\dist\helpers.d.ts
other_api,node_modules\@vitest\utils\dist\helpers.js
other_api,node_modules\@vitest\utils\dist\index.d.ts
other_api,node_modules\@vitest\utils\dist\index.js
other_api,node_modules\@vitest\utils\dist\source-map.d.ts
other_api,node_modules\@vitest\utils\dist\source-map.js
other_api,node_modules\@vitest\utils\dist\types.d-BCElaP-c.d.ts
other_api,node_modules\@vitest\utils\dist\types.d.ts
other_api,node_modules\@vitest\utils\dist\types.js
other_api,node_modules\acorn\dist\acorn.d.ts
other_api,node_modules\acorn\dist\acorn.js
other_api,node_modules\acorn\dist\bin.js
other_api,node_modules\acorn-jsx\index.d.ts
other_api,node_modules\acorn-jsx\index.js
other_api,node_modules\acorn-jsx\xhtml.js
other_api,node_modules\agent-base\dist\helpers.d.ts
other_api,node_modules\agent-base\dist\helpers.js
other_api,node_modules\agent-base\dist\index.d.ts
other_api,node_modules\agent-base\dist\index.js
other_api,node_modules\ajv\.tonic_example.js
other_api,node_modules\ajv\dist\ajv.bundle.js
other_api,node_modules\ajv\dist\ajv.min.js
other_api,node_modules\ajv\lib\ajv.d.ts
other_api,node_modules\ajv\lib\ajv.js
other_api,node_modules\ajv\lib\cache.js
other_api,node_modules\ajv\lib\data.js
other_api,node_modules\ajv\lib\definition_schema.js
other_api,node_modules\ajv\lib\keyword.js
other_api,node_modules\ajv\lib\compile\async.js
other_api,node_modules\ajv\lib\compile\equal.js
other_api,node_modules\ajv\lib\compile\error_classes.js
other_api,node_modules\ajv\lib\compile\formats.js
other_api,node_modules\ajv\lib\compile\index.js
other_api,node_modules\ajv\lib\compile\resolve.js
other_api,node_modules\ajv\lib\compile\rules.js
other_api,node_modules\ajv\lib\compile\schema_obj.js
other_api,node_modules\ajv\lib\compile\ucs2length.js
other_api,node_modules\ajv\lib\compile\util.js
other_api,node_modules\ajv\lib\dotjs\allOf.js
other_api,node_modules\ajv\lib\dotjs\anyOf.js
other_api,node_modules\ajv\lib\dotjs\comment.js
other_api,node_modules\ajv\lib\dotjs\const.js
other_api,node_modules\ajv\lib\dotjs\contains.js
other_api,node_modules\ajv\lib\dotjs\custom.js
other_api,node_modules\ajv\lib\dotjs\dependencies.js
other_api,node_modules\ajv\lib\dotjs\enum.js
other_api,node_modules\ajv\lib\dotjs\format.js
other_api,node_modules\ajv\lib\dotjs\if.js
other_api,node_modules\ajv\lib\dotjs\index.js
other_api,node_modules\ajv\lib\dotjs\items.js
other_api,node_modules\ajv\lib\dotjs\multipleOf.js
other_api,node_modules\ajv\lib\dotjs\not.js
other_api,node_modules\ajv\lib\dotjs\oneOf.js
other_api,node_modules\ajv\lib\dotjs\pattern.js
other_api,node_modules\ajv\lib\dotjs\properties.js
other_api,node_modules\ajv\lib\dotjs\propertyNames.js
other_api,node_modules\ajv\lib\dotjs\ref.js
other_api,node_modules\ajv\lib\dotjs\required.js
other_api,node_modules\ajv\lib\dotjs\uniqueItems.js
other_api,node_modules\ajv\lib\dotjs\validate.js
other_api,node_modules\ajv\lib\dotjs\_limit.js
other_api,node_modules\ajv\lib\dotjs\_limitItems.js
other_api,node_modules\ajv\lib\dotjs\_limitLength.js
other_api,node_modules\ajv\lib\dotjs\_limitProperties.js
other_api,node_modules\ajv\scripts\bundle.js
other_api,node_modules\ajv\scripts\compile-dots.js
other_api,node_modules\ansi-regex\index.d.ts
other_api,node_modules\ansi-regex\index.js
other_api,node_modules\ansi-styles\index.d.ts
other_api,node_modules\ansi-styles\index.js
other_api,node_modules\aria-query\lib\ariaPropsMap.js
other_api,node_modules\aria-query\lib\domMap.js
other_api,node_modules\aria-query\lib\elementRoleMap.js
other_api,node_modules\aria-query\lib\index.js
other_api,node_modules\aria-query\lib\roleElementMap.js
other_api,node_modules\aria-query\lib\rolesMap.js
other_api,node_modules\aria-query\lib\etc\roles\ariaAbstractRoles.js
other_api,node_modules\aria-query\lib\etc\roles\ariaDpubRoles.js
other_api,node_modules\aria-query\lib\etc\roles\ariaGraphicsRoles.js
other_api,node_modules\aria-query\lib\etc\roles\ariaLiteralRoles.js
other_api,node_modules\aria-query\lib\etc\roles\abstract\commandRole.js
other_api,node_modules\aria-query\lib\etc\roles\abstract\compositeRole.js
other_api,node_modules\aria-query\lib\etc\roles\abstract\inputRole.js
other_api,node_modules\aria-query\lib\etc\roles\abstract\landmarkRole.js
other_api,node_modules\aria-query\lib\etc\roles\abstract\rangeRole.js
other_api,node_modules\aria-query\lib\etc\roles\abstract\roletypeRole.js
other_api,node_modules\aria-query\lib\etc\roles\abstract\sectionheadRole.js
other_api,node_modules\aria-query\lib\etc\roles\abstract\sectionRole.js
other_api,node_modules\aria-query\lib\etc\roles\abstract\selectRole.js
other_api,node_modules\aria-query\lib\etc\roles\abstract\structureRole.js
other_api,node_modules\aria-query\lib\etc\roles\abstract\widgetRole.js
other_api,node_modules\aria-query\lib\etc\roles\abstract\windowRole.js
other_api,node_modules\aria-query\lib\etc\roles\dpub\docAbstractRole.js
other_api,node_modules\aria-query\lib\etc\roles\dpub\docAcknowledgmentsRole.js
other_api,node_modules\aria-query\lib\etc\roles\dpub\docAfterwordRole.js
other_api,node_modules\aria-query\lib\etc\roles\dpub\docAppendixRole.js
other_api,node_modules\aria-query\lib\etc\roles\dpub\docBacklinkRole.js
other_api,node_modules\aria-query\lib\etc\roles\dpub\docBiblioentryRole.js
other_api,node_modules\aria-query\lib\etc\roles\dpub\docBibliographyRole.js
other_api,node_modules\aria-query\lib\etc\roles\dpub\docBibliorefRole.js
other_api,node_modules\aria-query\lib\etc\roles\dpub\docChapterRole.js
other_api,node_modules\aria-query\lib\etc\roles\dpub\docColophonRole.js
other_api,node_modules\aria-query\lib\etc\roles\dpub\docConclusionRole.js
other_api,node_modules\aria-query\lib\etc\roles\dpub\docCoverRole.js
other_api,node_modules\aria-query\lib\etc\roles\dpub\docCreditRole.js
other_api,node_modules\aria-query\lib\etc\roles\dpub\docCreditsRole.js
other_api,node_modules\aria-query\lib\etc\roles\dpub\docDedicationRole.js
other_api,node_modules\aria-query\lib\etc\roles\dpub\docEndnoteRole.js
other_api,node_modules\aria-query\lib\etc\roles\dpub\docEndnotesRole.js
other_api,node_modules\aria-query\lib\etc\roles\dpub\docEpigraphRole.js
other_api,node_modules\aria-query\lib\etc\roles\dpub\docEpilogueRole.js
other_api,node_modules\aria-query\lib\etc\roles\dpub\docErrataRole.js
other_api,node_modules\aria-query\lib\etc\roles\dpub\docExampleRole.js
other_api,node_modules\aria-query\lib\etc\roles\dpub\docFootnoteRole.js
other_api,node_modules\aria-query\lib\etc\roles\dpub\docForewordRole.js
other_api,node_modules\aria-query\lib\etc\roles\dpub\docGlossaryRole.js
other_api,node_modules\aria-query\lib\etc\roles\dpub\docGlossrefRole.js
other_api,node_modules\aria-query\lib\etc\roles\dpub\docIndexRole.js
other_api,node_modules\aria-query\lib\etc\roles\dpub\docIntroductionRole.js
other_api,node_modules\aria-query\lib\etc\roles\dpub\docNoterefRole.js
other_api,node_modules\aria-query\lib\etc\roles\dpub\docNoticeRole.js
other_api,node_modules\aria-query\lib\etc\roles\dpub\docPartRole.js
other_api,node_modules\aria-query\lib\etc\roles\dpub\docPrefaceRole.js
other_api,node_modules\aria-query\lib\etc\roles\dpub\docPrologueRole.js
other_api,node_modules\aria-query\lib\etc\roles\dpub\docPullquoteRole.js
other_api,node_modules\aria-query\lib\etc\roles\dpub\docQnaRole.js
other_api,node_modules\aria-query\lib\etc\roles\dpub\docSubtitleRole.js
other_api,node_modules\aria-query\lib\etc\roles\dpub\docTipRole.js
other_api,node_modules\aria-query\lib\etc\roles\dpub\docTocRole.js
other_api,node_modules\aria-query\lib\etc\roles\graphics\graphicsDocumentRole.js
other_api,node_modules\aria-query\lib\etc\roles\graphics\graphicsObjectRole.js
other_api,node_modules\aria-query\lib\etc\roles\graphics\graphicsSymbolRole.js
other_api,node_modules\aria-query\lib\etc\roles\literal\alertdialogRole.js
other_api,node_modules\aria-query\lib\etc\roles\literal\alertRole.js
other_api,node_modules\aria-query\lib\etc\roles\literal\applicationRole.js
other_api,node_modules\aria-query\lib\etc\roles\literal\articleRole.js
other_api,node_modules\aria-query\lib\etc\roles\literal\bannerRole.js
other_api,node_modules\aria-query\lib\etc\roles\literal\blockquoteRole.js
other_api,node_modules\aria-query\lib\etc\roles\literal\buttonRole.js
other_api,node_modules\aria-query\lib\etc\roles\literal\captionRole.js
other_api,node_modules\aria-query\lib\etc\roles\literal\cellRole.js
other_api,node_modules\aria-query\lib\etc\roles\literal\checkboxRole.js
other_api,node_modules\aria-query\lib\etc\roles\literal\codeRole.js
other_api,node_modules\aria-query\lib\etc\roles\literal\columnheaderRole.js
other_api,node_modules\aria-query\lib\etc\roles\literal\comboboxRole.js
other_api,node_modules\aria-query\lib\etc\roles\literal\complementaryRole.js
other_api,node_modules\aria-query\lib\etc\roles\literal\contentinfoRole.js
other_api,node_modules\aria-query\lib\etc\roles\literal\definitionRole.js
other_api,node_modules\aria-query\lib\etc\roles\literal\deletionRole.js
other_api,node_modules\aria-query\lib\etc\roles\literal\dialogRole.js
other_api,node_modules\aria-query\lib\etc\roles\literal\directoryRole.js
other_api,node_modules\aria-query\lib\etc\roles\literal\documentRole.js
other_api,node_modules\aria-query\lib\etc\roles\literal\emphasisRole.js
other_api,node_modules\aria-query\lib\etc\roles\literal\feedRole.js
other_api,node_modules\aria-query\lib\etc\roles\literal\figureRole.js
other_api,node_modules\aria-query\lib\etc\roles\literal\formRole.js
other_api,node_modules\aria-query\lib\etc\roles\literal\genericRole.js
other_api,node_modules\aria-query\lib\etc\roles\literal\graphicsDocumentRole.js
other_api,node_modules\aria-query\lib\etc\roles\literal\graphicsObjectRole.js
other_api,node_modules\aria-query\lib\etc\roles\literal\graphicsSymbolRole.js
other_api,node_modules\aria-query\lib\etc\roles\literal\gridcellRole.js
other_api,node_modules\aria-query\lib\etc\roles\literal\gridRole.js
other_api,node_modules\aria-query\lib\etc\roles\literal\groupRole.js
other_api,node_modules\aria-query\lib\etc\roles\literal\headingRole.js
other_api,node_modules\aria-query\lib\etc\roles\literal\imgRole.js
other_api,node_modules\aria-query\lib\etc\roles\literal\insertionRole.js
other_api,node_modules\aria-query\lib\etc\roles\literal\linkRole.js
other_api,node_modules\aria-query\lib\etc\roles\literal\listboxRole.js
other_api,node_modules\aria-query\lib\etc\roles\literal\listitemRole.js
other_api,node_modules\aria-query\lib\etc\roles\literal\listRole.js
other_api,node_modules\aria-query\lib\etc\roles\literal\logRole.js
other_api,node_modules\aria-query\lib\etc\roles\literal\mainRole.js
other_api,node_modules\aria-query\lib\etc\roles\literal\markRole.js
other_api,node_modules\aria-query\lib\etc\roles\literal\marqueeRole.js
other_api,node_modules\aria-query\lib\etc\roles\literal\mathRole.js
other_api,node_modules\aria-query\lib\etc\roles\literal\menubarRole.js
other_api,node_modules\aria-query\lib\etc\roles\literal\menuitemcheckboxRole.js
other_api,node_modules\aria-query\lib\etc\roles\literal\menuitemradioRole.js
other_api,node_modules\aria-query\lib\etc\roles\literal\menuitemRole.js
other_api,node_modules\aria-query\lib\etc\roles\literal\menuRole.js
other_api,node_modules\aria-query\lib\etc\roles\literal\meterRole.js
other_api,node_modules\aria-query\lib\etc\roles\literal\navigationRole.js
other_api,node_modules\aria-query\lib\etc\roles\literal\noneRole.js
other_api,node_modules\aria-query\lib\etc\roles\literal\noteRole.js
other_api,node_modules\aria-query\lib\etc\roles\literal\optionRole.js
other_api,node_modules\aria-query\lib\etc\roles\literal\paragraphRole.js
other_api,node_modules\aria-query\lib\etc\roles\literal\presentationRole.js
other_api,node_modules\aria-query\lib\etc\roles\literal\progressbarRole.js
other_api,node_modules\aria-query\lib\etc\roles\literal\radiogroupRole.js
other_api,node_modules\aria-query\lib\etc\roles\literal\radioRole.js
other_api,node_modules\aria-query\lib\etc\roles\literal\regionRole.js
other_api,node_modules\aria-query\lib\etc\roles\literal\rowgroupRole.js
other_api,node_modules\aria-query\lib\etc\roles\literal\rowheaderRole.js
other_api,node_modules\aria-query\lib\etc\roles\literal\rowRole.js
other_api,node_modules\aria-query\lib\etc\roles\literal\scrollbarRole.js
other_api,node_modules\aria-query\lib\etc\roles\literal\searchboxRole.js
other_api,node_modules\aria-query\lib\etc\roles\literal\searchRole.js
other_api,node_modules\aria-query\lib\etc\roles\literal\separatorRole.js
other_api,node_modules\aria-query\lib\etc\roles\literal\sliderRole.js
other_api,node_modules\aria-query\lib\etc\roles\literal\spinbuttonRole.js
other_api,node_modules\aria-query\lib\etc\roles\literal\statusRole.js
other_api,node_modules\aria-query\lib\etc\roles\literal\strongRole.js
other_api,node_modules\aria-query\lib\etc\roles\literal\subscriptRole.js
other_api,node_modules\aria-query\lib\etc\roles\literal\superscriptRole.js
other_api,node_modules\aria-query\lib\etc\roles\literal\switchRole.js
other_api,node_modules\aria-query\lib\etc\roles\literal\tableRole.js
other_api,node_modules\aria-query\lib\etc\roles\literal\tablistRole.js
other_api,node_modules\aria-query\lib\etc\roles\literal\tabpanelRole.js
other_api,node_modules\aria-query\lib\etc\roles\literal\tabRole.js
other_api,node_modules\aria-query\lib\etc\roles\literal\termRole.js
other_api,node_modules\aria-query\lib\etc\roles\literal\textboxRole.js
other_api,node_modules\aria-query\lib\etc\roles\literal\timeRole.js
other_api,node_modules\aria-query\lib\etc\roles\literal\timerRole.js
other_api,node_modules\aria-query\lib\etc\roles\literal\toolbarRole.js
other_api,node_modules\aria-query\lib\etc\roles\literal\tooltipRole.js
other_api,node_modules\aria-query\lib\etc\roles\literal\treegridRole.js
other_api,node_modules\aria-query\lib\etc\roles\literal\treeitemRole.js
other_api,node_modules\aria-query\lib\etc\roles\literal\treeRole.js
other_api,node_modules\aria-query\lib\util\iterationDecorator.js
other_api,node_modules\aria-query\lib\util\iteratorProxy.js
other_api,node_modules\assertion-error\index.d.ts
other_api,node_modules\assertion-error\index.js
other_api,node_modules\axe-core\axe.d.ts
other_api,node_modules\axe-core\axe.js
other_api,node_modules\axe-core\axe.min.js
other_api,node_modules\axe-core\gather-internals.js
other_api,node_modules\balanced-match\dist\commonjs\index.d.ts
other_api,node_modules\balanced-match\dist\commonjs\index.js
other_api,node_modules\balanced-match\dist\esm\index.d.ts
other_api,node_modules\balanced-match\dist\esm\index.js
other_api,node_modules\baseline-browser-mapping\dist\index.d.ts
other_api,node_modules\baseline-browser-mapping\dist\index.js
other_api,node_modules\brace-expansion\dist\commonjs\index.d.ts
other_api,node_modules\brace-expansion\dist\commonjs\index.js
other_api,node_modules\brace-expansion\dist\esm\index.d.ts
other_api,node_modules\brace-expansion\dist\esm\index.js
other_api,node_modules\browserslist\browser.js
other_api,node_modules\browserslist\cli.js
other_api,node_modules\browserslist\error.d.ts
other_api,node_modules\browserslist\error.js
other_api,node_modules\browserslist\index.d.ts
other_api,node_modules\browserslist\index.js
other_api,node_modules\browserslist\node.js
other_api,node_modules\browserslist\parse.js
other_api,node_modules\cac\index-compat.js
other_api,node_modules\cac\mod.js
other_api,node_modules\cac\mod.ts
other_api,node_modules\cac\deno\CAC.ts
other_api,node_modules\cac\deno\Command.ts
other_api,node_modules\cac\deno\deno.ts
other_api,node_modules\cac\deno\index.ts
other_api,node_modules\cac\deno\Option.ts
other_api,node_modules\cac\deno\utils.ts
other_api,node_modules\cac\dist\index.d.ts
other_api,node_modules\cac\dist\index.js
other_api,node_modules\caniuse-lite\data\agents.js
other_api,node_modules\caniuse-lite\data\browsers.js
other_api,node_modules\caniuse-lite\data\browserVersions.js
other_api,node_modules\caniuse-lite\data\features.js
other_api,node_modules\caniuse-lite\data\versionGroups.js
other_api,node_modules\caniuse-lite\data\features\aac.js
other_api,node_modules\caniuse-lite\data\features\abortcontroller.js
other_api,node_modules\caniuse-lite\data\features\ac3-ec3.js
other_api,node_modules\caniuse-lite\data\features\accelerometer.js
other_api,node_modules\caniuse-lite\data\features\addeventlistener.js
other_api,node_modules\caniuse-lite\data\features\alternate-stylesheet.js
other_api,node_modules\caniuse-lite\data\features\ambient-light.js
other_api,node_modules\caniuse-lite\data\features\apng.js
other_api,node_modules\caniuse-lite\data\features\array-find-index.js
other_api,node_modules\caniuse-lite\data\features\array-find.js
other_api,node_modules\caniuse-lite\data\features\array-flat.js
other_api,node_modules\caniuse-lite\data\features\array-includes.js
other_api,node_modules\caniuse-lite\data\features\arrow-functions.js
other_api,node_modules\caniuse-lite\data\features\asmjs.js
other_api,node_modules\caniuse-lite\data\features\async-clipboard.js
other_api,node_modules\caniuse-lite\data\features\async-functions.js
other_api,node_modules\caniuse-lite\data\features\atob-btoa.js
other_api,node_modules\caniuse-lite\data\features\audio.js
other_api,node_modules\caniuse-lite\data\features\audiotracks.js
other_api,node_modules\caniuse-lite\data\features\autofocus.js
other_api,node_modules\caniuse-lite\data\features\auxclick.js
other_api,node_modules\caniuse-lite\data\features\av1.js
other_api,node_modules\caniuse-lite\data\features\avif.js
other_api,node_modules\caniuse-lite\data\features\background-attachment.js
other_api,node_modules\caniuse-lite\data\features\background-clip-text.js
other_api,node_modules\caniuse-lite\data\features\background-img-opts.js
other_api,node_modules\caniuse-lite\data\features\background-position-x-y.js
other_api,node_modules\caniuse-lite\data\features\background-repeat-round-space.js
other_api,node_modules\caniuse-lite\data\features\background-sync.js
other_api,node_modules\caniuse-lite\data\features\battery-status.js
other_api,node_modules\caniuse-lite\data\features\beacon.js
other_api,node_modules\caniuse-lite\data\features\beforeafterprint.js
other_api,node_modules\caniuse-lite\data\features\bigint.js
other_api,node_modules\caniuse-lite\data\features\blobbuilder.js
other_api,node_modules\caniuse-lite\data\features\bloburls.js
other_api,node_modules\caniuse-lite\data\features\border-image.js
other_api,node_modules\caniuse-lite\data\features\border-radius.js
other_api,node_modules\caniuse-lite\data\features\broadcastchannel.js
other_api,node_modules\caniuse-lite\data\features\brotli.js
other_api,node_modules\caniuse-lite\data\features\calc.js
other_api,node_modules\caniuse-lite\data\features\canvas-blending.js
other_api,node_modules\caniuse-lite\data\features\canvas-text.js
other_api,node_modules\caniuse-lite\data\features\canvas.js
other_api,node_modules\caniuse-lite\data\features\ch-unit.js
other_api,node_modules\caniuse-lite\data\features\chacha20-poly1305.js
other_api,node_modules\caniuse-lite\data\features\channel-messaging.js
other_api,node_modules\caniuse-lite\data\features\childnode-remove.js
other_api,node_modules\caniuse-lite\data\features\classlist.js
other_api,node_modules\caniuse-lite\data\features\client-hints-dpr-width-viewport.js
other_api,node_modules\caniuse-lite\data\features\clipboard.js
other_api,node_modules\caniuse-lite\data\features\colr-v1.js
other_api,node_modules\caniuse-lite\data\features\colr.js
other_api,node_modules\caniuse-lite\data\features\comparedocumentposition.js
other_api,node_modules\caniuse-lite\data\features\console-basic.js
other_api,node_modules\caniuse-lite\data\features\console-time.js
other_api,node_modules\caniuse-lite\data\features\const.js
other_api,node_modules\caniuse-lite\data\features\constraint-validation.js
other_api,node_modules\caniuse-lite\data\features\contenteditable.js
other_api,node_modules\caniuse-lite\data\features\contentsecuritypolicy.js
other_api,node_modules\caniuse-lite\data\features\contentsecuritypolicy2.js
other_api,node_modules\caniuse-lite\data\features\cors.js
other_api,node_modules\caniuse-lite\data\features\createimagebitmap.js
other_api,node_modules\caniuse-lite\data\features\credential-management.js
other_api,node_modules\caniuse-lite\data\features\cross-document-view-transitions.js
other_api,node_modules\caniuse-lite\data\features\cryptography.js
other_api,node_modules\caniuse-lite\data\features\css-all.js
other_api,node_modules\caniuse-lite\data\features\css-anchor-positioning.js
other_api,node_modules\caniuse-lite\data\features\css-animation.js
other_api,node_modules\caniuse-lite\data\features\css-any-link.js
other_api,node_modules\caniuse-lite\data\features\css-appearance.js
other_api,node_modules\caniuse-lite\data\features\css-at-counter-style.js
other_api,node_modules\caniuse-lite\data\features\css-autofill.js
other_api,node_modules\caniuse-lite\data\features\css-backdrop-filter.js
other_api,node_modules\caniuse-lite\data\features\css-background-offsets.js
other_api,node_modules\caniuse-lite\data\features\css-backgroundblendmode.js
other_api,node_modules\caniuse-lite\data\features\css-boxdecorationbreak.js
other_api,node_modules\caniuse-lite\data\features\css-boxshadow.js
other_api,node_modules\caniuse-lite\data\features\css-canvas.js
other_api,node_modules\caniuse-lite\data\features\css-caret-color.js
other_api,node_modules\caniuse-lite\data\features\css-cascade-layers.js
other_api,node_modules\caniuse-lite\data\features\css-cascade-scope.js
other_api,node_modules\caniuse-lite\data\features\css-case-insensitive.js
other_api,node_modules\caniuse-lite\data\features\css-clip-path.js
other_api,node_modules\caniuse-lite\data\features\css-color-adjust.js
other_api,node_modules\caniuse-lite\data\features\css-color-function.js
other_api,node_modules\caniuse-lite\data\features\css-conic-gradients.js
other_api,node_modules\caniuse-lite\data\features\css-container-queries-style.js
other_api,node_modules\caniuse-lite\data\features\css-container-queries.js
other_api,node_modules\caniuse-lite\data\features\css-container-query-units.js
other_api,node_modules\caniuse-lite\data\features\css-containment.js
other_api,node_modules\caniuse-lite\data\features\css-content-visibility.js
other_api,node_modules\caniuse-lite\data\features\css-counters.js
other_api,node_modules\caniuse-lite\data\features\css-crisp-edges.js
other_api,node_modules\caniuse-lite\data\features\css-cross-fade.js
other_api,node_modules\caniuse-lite\data\features\css-default-pseudo.js
other_api,node_modules\caniuse-lite\data\features\css-descendant-gtgt.js
other_api,node_modules\caniuse-lite\data\features\css-deviceadaptation.js
other_api,node_modules\caniuse-lite\data\features\css-dir-pseudo.js
other_api,node_modules\caniuse-lite\data\features\css-display-contents.js
other_api,node_modules\caniuse-lite\data\features\css-element-function.js
other_api,node_modules\caniuse-lite\data\features\css-env-function.js
other_api,node_modules\caniuse-lite\data\features\css-exclusions.js
other_api,node_modules\caniuse-lite\data\features\css-featurequeries.js
other_api,node_modules\caniuse-lite\data\features\css-file-selector-button.js
other_api,node_modules\caniuse-lite\data\features\css-filter-function.js
other_api,node_modules\caniuse-lite\data\features\css-filters.js
other_api,node_modules\caniuse-lite\data\features\css-first-letter.js
other_api,node_modules\caniuse-lite\data\features\css-first-line.js
other_api,node_modules\caniuse-lite\data\features\css-fixed.js
other_api,node_modules\caniuse-lite\data\features\css-focus-visible.js
other_api,node_modules\caniuse-lite\data\features\css-focus-within.js
other_api,node_modules\caniuse-lite\data\features\css-font-palette.js
other_api,node_modules\caniuse-lite\data\features\css-font-rendering-controls.js
other_api,node_modules\caniuse-lite\data\features\css-font-stretch.js
other_api,node_modules\caniuse-lite\data\features\css-gencontent.js
other_api,node_modules\caniuse-lite\data\features\css-gradients.js
other_api,node_modules\caniuse-lite\data\features\css-grid-animation.js
other_api,node_modules\caniuse-lite\data\features\css-grid-lanes.js
other_api,node_modules\caniuse-lite\data\features\css-grid.js
other_api,node_modules\caniuse-lite\data\features\css-hanging-punctuation.js
other_api,node_modules\caniuse-lite\data\features\css-has.js
other_api,node_modules\caniuse-lite\data\features\css-hyphens.js
other_api,node_modules\caniuse-lite\data\features\css-if.js
other_api,node_modules\caniuse-lite\data\features\css-image-orientation.js
other_api,node_modules\caniuse-lite\data\features\css-image-set.js
other_api,node_modules\caniuse-lite\data\features\css-in-out-of-range.js
other_api,node_modules\caniuse-lite\data\features\css-indeterminate-pseudo.js
other_api,node_modules\caniuse-lite\data\features\css-initial-letter.js
other_api,node_modules\caniuse-lite\data\features\css-initial-value.js
other_api,node_modules\caniuse-lite\data\features\css-lch-lab.js
other_api,node_modules\caniuse-lite\data\features\css-letter-spacing.js
other_api,node_modules\caniuse-lite\data\features\css-line-clamp.js
other_api,node_modules\caniuse-lite\data\features\css-logical-props.js
other_api,node_modules\caniuse-lite\data\features\css-marker-pseudo.js
other_api,node_modules\caniuse-lite\data\features\css-masks.js
other_api,node_modules\caniuse-lite\data\features\css-matches-pseudo.js
other_api,node_modules\caniuse-lite\data\features\css-math-functions.js
other_api,node_modules\caniuse-lite\data\features\css-media-interaction.js
other_api,node_modules\caniuse-lite\data\features\css-media-range-syntax.js
other_api,node_modules\caniuse-lite\data\features\css-media-resolution.js
other_api,node_modules\caniuse-lite\data\features\css-media-scripting.js
other_api,node_modules\caniuse-lite\data\features\css-mediaqueries.js
other_api,node_modules\caniuse-lite\data\features\css-mixblendmode.js
other_api,node_modules\caniuse-lite\data\features\css-module-scripts.js
other_api,node_modules\caniuse-lite\data\features\css-motion-paths.js
other_api,node_modules\caniuse-lite\data\features\css-namespaces.js
other_api,node_modules\caniuse-lite\data\features\css-nesting.js
other_api,node_modules\caniuse-lite\data\features\css-not-sel-list.js
other_api,node_modules\caniuse-lite\data\features\css-nth-child-of.js
other_api,node_modules\caniuse-lite\data\features\css-opacity.js
other_api,node_modules\caniuse-lite\data\features\css-optional-pseudo.js
other_api,node_modules\caniuse-lite\data\features\css-overflow-anchor.js
other_api,node_modules\caniuse-lite\data\features\css-overflow-overlay.js
other_api,node_modules\caniuse-lite\data\features\css-overflow.js
other_api,node_modules\caniuse-lite\data\features\css-overscroll-behavior.js
other_api,node_modules\caniuse-lite\data\features\css-placeholder-shown.js
other_api,node_modules\caniuse-lite\data\features\css-placeholder.js
other_api,node_modules\caniuse-lite\data\features\css-print-color-adjust.js
other_api,node_modules\caniuse-lite\data\features\css-read-only-write.js
other_api,node_modules\caniuse-lite\data\features\css-rebeccapurple.js
other_api,node_modules\caniuse-lite\data\features\css-reflections.js
other_api,node_modules\caniuse-lite\data\features\css-regions.js
other_api,node_modules\caniuse-lite\data\features\css-relative-colors.js
other_api,node_modules\caniuse-lite\data\features\css-repeating-gradients.js
other_api,node_modules\caniuse-lite\data\features\css-resize.js
other_api,node_modules\caniuse-lite\data\features\css-revert-value.js
other_api,node_modules\caniuse-lite\data\features\css-rrggbbaa.js
other_api,node_modules\caniuse-lite\data\features\css-scroll-behavior.js
other_api,node_modules\caniuse-lite\data\features\css-scrollbar.js
other_api,node_modules\caniuse-lite\data\features\css-sel2.js
other_api,node_modules\caniuse-lite\data\features\css-sel3.js
other_api,node_modules\caniuse-lite\data\features\css-selection.js
other_api,node_modules\caniuse-lite\data\features\css-shapes.js
other_api,node_modules\caniuse-lite\data\features\css-snappoints.js
other_api,node_modules\caniuse-lite\data\features\css-sticky.js
other_api,node_modules\caniuse-lite\data\features\css-subgrid.js
other_api,node_modules\caniuse-lite\data\features\css-table.js
other_api,node_modules\caniuse-lite\data\features\css-text-align-last.js
other_api,node_modules\caniuse-lite\data\features\css-text-box-trim.js
other_api,node_modules\caniuse-lite\data\features\css-text-indent.js
other_api,node_modules\caniuse-lite\data\features\css-text-justify.js
other_api,node_modules\caniuse-lite\data\features\css-text-orientation.js
other_api,node_modules\caniuse-lite\data\features\css-text-spacing.js
other_api,node_modules\caniuse-lite\data\features\css-text-wrap-balance.js
other_api,node_modules\caniuse-lite\data\features\css-textshadow.js
other_api,node_modules\caniuse-lite\data\features\css-touch-action.js
other_api,node_modules\caniuse-lite\data\features\css-transitions.js
other_api,node_modules\caniuse-lite\data\features\css-unicode-bidi.js
other_api,node_modules\caniuse-lite\data\features\css-unset-value.js
other_api,node_modules\caniuse-lite\data\features\css-variables.js
other_api,node_modules\caniuse-lite\data\features\css-when-else.js
other_api,node_modules\caniuse-lite\data\features\css-widows-orphans.js
other_api,node_modules\caniuse-lite\data\features\css-width-stretch.js
other_api,node_modules\caniuse-lite\data\features\css-writing-mode.js
other_api,node_modules\caniuse-lite\data\features\css-zoom.js
other_api,node_modules\caniuse-lite\data\features\css3-attr.js
other_api,node_modules\caniuse-lite\data\features\css3-boxsizing.js
other_api,node_modules\caniuse-lite\data\features\css3-colors.js
other_api,node_modules\caniuse-lite\data\features\css3-cursors-grab.js
other_api,node_modules\caniuse-lite\data\features\css3-cursors-newer.js
other_api,node_modules\caniuse-lite\data\features\css3-cursors.js
other_api,node_modules\caniuse-lite\data\features\css3-tabsize.js
other_api,node_modules\caniuse-lite\data\features\currentcolor.js
other_api,node_modules\caniuse-lite\data\features\custom-elements.js
other_api,node_modules\caniuse-lite\data\features\custom-elementsv1.js
other_api,node_modules\caniuse-lite\data\features\customevent.js
other_api,node_modules\caniuse-lite\data\features\customizable-select.js
other_api,node_modules\caniuse-lite\data\features\datalist.js
other_api,node_modules\caniuse-lite\data\features\dataset.js
other_api,node_modules\caniuse-lite\data\features\datauri.js
other_api,node_modules\caniuse-lite\data\features\date-tolocaledatestring.js
other_api,node_modules\caniuse-lite\data\features\declarative-shadow-dom.js
other_api,node_modules\caniuse-lite\data\features\decorators.js
other_api,node_modules\caniuse-lite\data\features\details.js
other_api,node_modules\caniuse-lite\data\features\deviceorientation.js
other_api,node_modules\caniuse-lite\data\features\devicepixelratio.js
other_api,node_modules\caniuse-lite\data\features\dialog.js
other_api,node_modules\caniuse-lite\data\features\dispatchevent.js
other_api,node_modules\caniuse-lite\data\features\dnssec.js
other_api,node_modules\caniuse-lite\data\features\do-not-track.js
other_api,node_modules\caniuse-lite\data\features\document-currentscript.js
other_api,node_modules\caniuse-lite\data\features\document-evaluate-xpath.js
other_api,node_modules\caniuse-lite\data\features\document-execcommand.js
other_api,node_modules\caniuse-lite\data\features\document-policy.js
other_api,node_modules\caniuse-lite\data\features\document-scrollingelement.js
other_api,node_modules\caniuse-lite\data\features\documenthead.js
other_api,node_modules\caniuse-lite\data\features\dom-manip-convenience.js
other_api,node_modules\caniuse-lite\data\features\dom-range.js
other_api,node_modules\caniuse-lite\data\features\domcontentloaded.js
other_api,node_modules\caniuse-lite\data\features\dommatrix.js
other_api,node_modules\caniuse-lite\data\features\download.js
other_api,node_modules\caniuse-lite\data\features\dragndrop.js
other_api,node_modules\caniuse-lite\data\features\element-closest.js
other_api,node_modules\caniuse-lite\data\features\element-from-point.js
other_api,node_modules\caniuse-lite\data\features\element-scroll-methods.js
other_api,node_modules\caniuse-lite\data\features\eme.js
other_api,node_modules\caniuse-lite\data\features\eot.js
other_api,node_modules\caniuse-lite\data\features\es5.js
other_api,node_modules\caniuse-lite\data\features\es6-class.js
other_api,node_modules\caniuse-lite\data\features\es6-generators.js
other_api,node_modules\caniuse-lite\data\features\es6-module-dynamic-import.js
other_api,node_modules\caniuse-lite\data\features\es6-module.js
other_api,node_modules\caniuse-lite\data\features\es6-number.js
other_api,node_modules\caniuse-lite\data\features\es6-string-includes.js
other_api,node_modules\caniuse-lite\data\features\es6.js
other_api,node_modules\caniuse-lite\data\features\eventsource.js
other_api,node_modules\caniuse-lite\data\features\extended-system-fonts.js
other_api,node_modules\caniuse-lite\data\features\feature-policy.js
other_api,node_modules\caniuse-lite\data\features\fetch.js
other_api,node_modules\caniuse-lite\data\features\fieldset-disabled.js
other_api,node_modules\caniuse-lite\data\features\filereader.js
other_api,node_modules\caniuse-lite\data\features\filereadersync.js
other_api,node_modules\caniuse-lite\data\features\filesystem.js
other_api,node_modules\caniuse-lite\data\features\flac.js
other_api,node_modules\caniuse-lite\data\features\flexbox-gap.js
other_api,node_modules\caniuse-lite\data\features\flexbox.js
other_api,node_modules\caniuse-lite\data\features\flow-root.js
other_api,node_modules\caniuse-lite\data\features\focusin-focusout-events.js
other_api,node_modules\caniuse-lite\data\features\font-family-system-ui.js
other_api,node_modules\caniuse-lite\data\features\font-feature.js
other_api,node_modules\caniuse-lite\data\features\font-kerning.js
other_api,node_modules\caniuse-lite\data\features\font-loading.js
other_api,node_modules\caniuse-lite\data\features\font-size-adjust.js
other_api,node_modules\caniuse-lite\data\features\font-smooth.js
other_api,node_modules\caniuse-lite\data\features\font-unicode-range.js
other_api,node_modules\caniuse-lite\data\features\font-variant-alternates.js
other_api,node_modules\caniuse-lite\data\features\font-variant-numeric.js
other_api,node_modules\caniuse-lite\data\features\fontface.js
other_api,node_modules\caniuse-lite\data\features\form-attribute.js
other_api,node_modules\caniuse-lite\data\features\form-submit-attributes.js
other_api,node_modules\caniuse-lite\data\features\form-validation.js
other_api,node_modules\caniuse-lite\data\features\forms.js
other_api,node_modules\caniuse-lite\data\features\fullscreen.js
other_api,node_modules\caniuse-lite\data\features\gamepad.js
other_api,node_modules\caniuse-lite\data\features\geolocation.js
other_api,node_modules\caniuse-lite\data\features\getboundingclientrect.js
other_api,node_modules\caniuse-lite\data\features\getcomputedstyle.js
other_api,node_modules\caniuse-lite\data\features\getelementsbyclassname.js
other_api,node_modules\caniuse-lite\data\features\getrandomvalues.js
other_api,node_modules\caniuse-lite\data\features\gyroscope.js
other_api,node_modules\caniuse-lite\data\features\hardwareconcurrency.js
other_api,node_modules\caniuse-lite\data\features\hashchange.js
other_api,node_modules\caniuse-lite\data\features\heif.js
other_api,node_modules\caniuse-lite\data\features\hevc.js
other_api,node_modules\caniuse-lite\data\features\hidden.js
other_api,node_modules\caniuse-lite\data\features\high-resolution-time.js
other_api,node_modules\caniuse-lite\data\features\history.js
other_api,node_modules\caniuse-lite\data\features\html-media-capture.js
other_api,node_modules\caniuse-lite\data\features\html5semantic.js
other_api,node_modules\caniuse-lite\data\features\http-live-streaming.js
other_api,node_modules\caniuse-lite\data\features\http2.js
other_api,node_modules\caniuse-lite\data\features\http3.js
other_api,node_modules\caniuse-lite\data\features\iframe-sandbox.js
other_api,node_modules\caniuse-lite\data\features\iframe-seamless.js
other_api,node_modules\caniuse-lite\data\features\iframe-srcdoc.js
other_api,node_modules\caniuse-lite\data\features\imagecapture.js
other_api,node_modules\caniuse-lite\data\features\ime.js
other_api,node_modules\caniuse-lite\data\features\img-naturalwidth-naturalheight.js
other_api,node_modules\caniuse-lite\data\features\import-maps.js
other_api,node_modules\caniuse-lite\data\features\imports.js
other_api,node_modules\caniuse-lite\data\features\indeterminate-checkbox.js
other_api,node_modules\caniuse-lite\data\features\indexeddb.js
other_api,node_modules\caniuse-lite\data\features\indexeddb2.js
other_api,node_modules\caniuse-lite\data\features\inline-block.js
other_api,node_modules\caniuse-lite\data\features\innertext.js
other_api,node_modules\caniuse-lite\data\features\input-autocomplete-onoff.js
other_api,node_modules\caniuse-lite\data\features\input-color.js
other_api,node_modules\caniuse-lite\data\features\input-datetime.js
other_api,node_modules\caniuse-lite\data\features\input-email-tel-url.js
other_api,node_modules\caniuse-lite\data\features\input-event.js
other_api,node_modules\caniuse-lite\data\features\input-file-accept.js
other_api,node_modules\caniuse-lite\data\features\input-file-directory.js
other_api,node_modules\caniuse-lite\data\features\input-file-multiple.js
other_api,node_modules\caniuse-lite\data\features\input-inputmode.js
other_api,node_modules\caniuse-lite\data\features\input-minlength.js
other_api,node_modules\caniuse-lite\data\features\input-number.js
other_api,node_modules\caniuse-lite\data\features\input-pattern.js
other_api,node_modules\caniuse-lite\data\features\input-placeholder.js
other_api,node_modules\caniuse-lite\data\features\input-range.js
other_api,node_modules\caniuse-lite\data\features\input-search.js
other_api,node_modules\caniuse-lite\data\features\input-selection.js
other_api,node_modules\caniuse-lite\data\features\insert-adjacent.js
other_api,node_modules\caniuse-lite\data\features\insertadjacenthtml.js
other_api,node_modules\caniuse-lite\data\features\internationalization.js
other_api,node_modules\caniuse-lite\data\features\intersectionobserver-v2.js
other_api,node_modules\caniuse-lite\data\features\intersectionobserver.js
other_api,node_modules\caniuse-lite\data\features\intl-pluralrules.js
other_api,node_modules\caniuse-lite\data\features\intrinsic-width.js
other_api,node_modules\caniuse-lite\data\features\jpeg2000.js
other_api,node_modules\caniuse-lite\data\features\jpegxl.js
other_api,node_modules\caniuse-lite\data\features\jpegxr.js
other_api,node_modules\caniuse-lite\data\features\js-regexp-lookbehind.js
other_api,node_modules\caniuse-lite\data\features\json.js
other_api,node_modules\caniuse-lite\data\features\justify-content-space-evenly.js
other_api,node_modules\caniuse-lite\data\features\kerning-pairs-ligatures.js
other_api,node_modules\caniuse-lite\data\features\keyboardevent-charcode.js
other_api,node_modules\caniuse-lite\data\features\keyboardevent-code.js
other_api,node_modules\caniuse-lite\data\features\keyboardevent-getmodifierstate.js
other_api,node_modules\caniuse-lite\data\features\keyboardevent-key.js
other_api,node_modules\caniuse-lite\data\features\keyboardevent-location.js
other_api,node_modules\caniuse-lite\data\features\keyboardevent-which.js
other_api,node_modules\caniuse-lite\data\features\lazyload.js
other_api,node_modules\caniuse-lite\data\features\let.js
other_api,node_modules\caniuse-lite\data\features\link-icon-png.js
other_api,node_modules\caniuse-lite\data\features\link-icon-svg.js
other_api,node_modules\caniuse-lite\data\features\link-rel-dns-prefetch.js
other_api,node_modules\caniuse-lite\data\features\link-rel-modulepreload.js
other_api,node_modules\caniuse-lite\data\features\link-rel-preconnect.js
other_api,node_modules\caniuse-lite\data\features\link-rel-prefetch.js
other_api,node_modules\caniuse-lite\data\features\link-rel-preload.js
other_api,node_modules\caniuse-lite\data\features\link-rel-prerender.js
other_api,node_modules\caniuse-lite\data\features\loading-lazy-attr.js
other_api,node_modules\caniuse-lite\data\features\loading-lazy-media.js
other_api,node_modules\caniuse-lite\data\features\localecompare.js
other_api,node_modules\caniuse-lite\data\features\magnetometer.js
other_api,node_modules\caniuse-lite\data\features\matchesselector.js
other_api,node_modules\caniuse-lite\data\features\matchmedia.js
other_api,node_modules\caniuse-lite\data\features\mathml.js
other_api,node_modules\caniuse-lite\data\features\maxlength.js
other_api,node_modules\caniuse-lite\data\features\mdn-css-backdrop-pseudo-element.js
other_api,node_modules\caniuse-lite\data\features\mdn-css-unicode-bidi-isolate-override.js
other_api,node_modules\caniuse-lite\data\features\mdn-css-unicode-bidi-isolate.js
other_api,node_modules\caniuse-lite\data\features\mdn-css-unicode-bidi-plaintext.js
other_api,node_modules\caniuse-lite\data\features\mdn-text-decoration-color.js
other_api,node_modules\caniuse-lite\data\features\mdn-text-decoration-line.js
other_api,node_modules\caniuse-lite\data\features\mdn-text-decoration-shorthand.js
other_api,node_modules\caniuse-lite\data\features\mdn-text-decoration-style.js
other_api,node_modules\caniuse-lite\data\features\media-fragments.js
other_api,node_modules\caniuse-lite\data\features\mediacapture-fromelement.js
other_api,node_modules\caniuse-lite\data\features\mediarecorder.js
other_api,node_modules\caniuse-lite\data\features\mediasource.js
other_api,node_modules\caniuse-lite\data\features\menu.js
other_api,node_modules\caniuse-lite\data\features\meta-theme-color.js
other_api,node_modules\caniuse-lite\data\features\meter.js
other_api,node_modules\caniuse-lite\data\features\midi.js
other_api,node_modules\caniuse-lite\data\features\minmaxwh.js
other_api,node_modules\caniuse-lite\data\features\mp3.js
other_api,node_modules\caniuse-lite\data\features\mpeg-dash.js
other_api,node_modules\caniuse-lite\data\features\mpeg4.js
other_api,node_modules\caniuse-lite\data\features\multibackgrounds.js
other_api,node_modules\caniuse-lite\data\features\multicolumn.js
other_api,node_modules\caniuse-lite\data\features\mutation-events.js
other_api,node_modules\caniuse-lite\data\features\mutationobserver.js
other_api,node_modules\caniuse-lite\data\features\namevalue-storage.js
other_api,node_modules\caniuse-lite\data\features\nav-timing.js
other_api,node_modules\caniuse-lite\data\features\netinfo.js
other_api,node_modules\caniuse-lite\data\features\notifications.js
other_api,node_modules\caniuse-lite\data\features\object-entries.js
other_api,node_modules\caniuse-lite\data\features\object-fit.js
other_api,node_modules\caniuse-lite\data\features\object-observe.js
other_api,node_modules\caniuse-lite\data\features\object-values.js
other_api,node_modules\caniuse-lite\data\features\objectrtc.js
other_api,node_modules\caniuse-lite\data\features\offline-apps.js
other_api,node_modules\caniuse-lite\data\features\offscreencanvas.js
other_api,node_modules\caniuse-lite\data\features\ogg-vorbis.js
other_api,node_modules\caniuse-lite\data\features\ogv.js
other_api,node_modules\caniuse-lite\data\features\ol-reversed.js
other_api,node_modules\caniuse-lite\data\features\once-event-listener.js
other_api,node_modules\caniuse-lite\data\features\online-status.js
other_api,node_modules\caniuse-lite\data\features\opus.js
other_api,node_modules\caniuse-lite\data\features\orientation-sensor.js
other_api,node_modules\caniuse-lite\data\features\outline.js
other_api,node_modules\caniuse-lite\data\features\pad-start-end.js
other_api,node_modules\caniuse-lite\data\features\passive-event-listener.js
other_api,node_modules\caniuse-lite\data\features\passkeys.js
other_api,node_modules\caniuse-lite\data\features\passwordrules.js
other_api,node_modules\caniuse-lite\data\features\path2d.js
other_api,node_modules\caniuse-lite\data\features\payment-request.js
other_api,node_modules\caniuse-lite\data\features\pdf-viewer.js
other_api,node_modules\caniuse-lite\data\features\permissions-policy.js
other_api,node_modules\caniuse-lite\data\features\picture-in-picture.js
other_api,node_modules\caniuse-lite\data\features\picture.js
other_api,node_modules\caniuse-lite\data\features\ping.js
other_api,node_modules\caniuse-lite\data\features\png-alpha.js
other_api,node_modules\caniuse-lite\data\features\pointer-events.js
other_api,node_modules\caniuse-lite\data\features\pointer.js
other_api,node_modules\caniuse-lite\data\features\pointerlock.js
other_api,node_modules\caniuse-lite\data\features\portals.js
other_api,node_modules\caniuse-lite\data\features\prefers-color-scheme.js
other_api,node_modules\caniuse-lite\data\features\prefers-reduced-motion.js
other_api,node_modules\caniuse-lite\data\features\progress.js
other_api,node_modules\caniuse-lite\data\features\promise-finally.js
other_api,node_modules\caniuse-lite\data\features\promises.js
other_api,node_modules\caniuse-lite\data\features\proximity.js
other_api,node_modules\caniuse-lite\data\features\proxy.js
other_api,node_modules\caniuse-lite\data\features\publickeypinning.js
other_api,node_modules\caniuse-lite\data\features\queryselector.js
other_api,node_modules\caniuse-lite\data\features\readonly-attr.js
other_api,node_modules\caniuse-lite\data\features\referrer-policy.js
other_api,node_modules\caniuse-lite\data\features\registerprotocolhandler.js
other_api,node_modules\caniuse-lite\data\features\rel-noopener.js
other_api,node_modules\caniuse-lite\data\features\rel-noreferrer.js
other_api,node_modules\caniuse-lite\data\features\rellist.js
other_api,node_modules\caniuse-lite\data\features\rem.js
other_api,node_modules\caniuse-lite\data\features\requestanimationframe.js
other_api,node_modules\caniuse-lite\data\features\requestidlecallback.js
other_api,node_modules\caniuse-lite\data\features\resizeobserver.js
other_api,node_modules\caniuse-lite\data\features\resource-timing.js
other_api,node_modules\caniuse-lite\data\features\rest-parameters.js
other_api,node_modules\caniuse-lite\data\features\rtcpeerconnection.js
other_api,node_modules\caniuse-lite\data\features\ruby.js
other_api,node_modules\caniuse-lite\data\features\run-in.js
other_api,node_modules\caniuse-lite\data\features\same-site-cookie-attribute.js
other_api,node_modules\caniuse-lite\data\features\screen-orientation.js
other_api,node_modules\caniuse-lite\data\features\script-async.js
other_api,node_modules\caniuse-lite\data\features\script-defer.js
other_api,node_modules\caniuse-lite\data\features\scrollintoview.js
other_api,node_modules\caniuse-lite\data\features\scrollintoviewifneeded.js
other_api,node_modules\caniuse-lite\data\features\sdch.js
other_api,node_modules\caniuse-lite\data\features\server-timing.js
other_api,node_modules\caniuse-lite\data\features\setimmediate.js
other_api,node_modules\caniuse-lite\data\features\shadowdom.js
other_api,node_modules\caniuse-lite\data\features\shadowdomv1.js
other_api,node_modules\caniuse-lite\data\features\sharedarraybuffer.js
other_api,node_modules\caniuse-lite\data\features\sharedworkers.js
other_api,node_modules\caniuse-lite\data\features\sni.js
other_api,node_modules\caniuse-lite\data\features\spdy.js
other_api,node_modules\caniuse-lite\data\features\speech-recognition.js
other_api,node_modules\caniuse-lite\data\features\speech-synthesis.js
other_api,node_modules\caniuse-lite\data\features\spellcheck-attribute.js
other_api,node_modules\caniuse-lite\data\features\sql-storage.js
other_api,node_modules\caniuse-lite\data\features\srcset.js
other_api,node_modules\caniuse-lite\data\features\stream.js
other_api,node_modules\caniuse-lite\data\features\streams.js
other_api,node_modules\caniuse-lite\data\features\stricttransportsecurity.js
other_api,node_modules\caniuse-lite\data\features\style-scoped.js
other_api,node_modules\caniuse-lite\data\features\subresource-bundling.js
other_api,node_modules\caniuse-lite\data\features\subresource-integrity.js
other_api,node_modules\caniuse-lite\data\features\svg-css.js
other_api,node_modules\caniuse-lite\data\features\svg-filters.js
other_api,node_modules\caniuse-lite\data\features\svg-fonts.js
other_api,node_modules\caniuse-lite\data\features\svg-fragment.js
other_api,node_modules\caniuse-lite\data\features\svg-html.js
other_api,node_modules\caniuse-lite\data\features\svg-html5.js
other_api,node_modules\caniuse-lite\data\features\svg-img.js
other_api,node_modules\caniuse-lite\data\features\svg-smil.js
other_api,node_modules\caniuse-lite\data\features\svg.js
other_api,node_modules\caniuse-lite\data\features\sxg.js
other_api,node_modules\caniuse-lite\data\features\tabindex-attr.js
other_api,node_modules\caniuse-lite\data\features\template-literals.js
other_api,node_modules\caniuse-lite\data\features\template.js
other_api,node_modules\caniuse-lite\data\features\temporal.js
other_api,node_modules\caniuse-lite\data\features\testfeat.js
other_api,node_modules\caniuse-lite\data\features\text-decoration.js
other_api,node_modules\caniuse-lite\data\features\text-emphasis.js
other_api,node_modules\caniuse-lite\data\features\text-overflow.js
other_api,node_modules\caniuse-lite\data\features\text-size-adjust.js
other_api,node_modules\caniuse-lite\data\features\text-stroke.js
other_api,node_modules\caniuse-lite\data\features\textcontent.js
other_api,node_modules\caniuse-lite\data\features\textencoder.js
other_api,node_modules\caniuse-lite\data\features\tls1-1.js
other_api,node_modules\caniuse-lite\data\features\tls1-2.js
other_api,node_modules\caniuse-lite\data\features\tls1-3.js
other_api,node_modules\caniuse-lite\data\features\touch.js
other_api,node_modules\caniuse-lite\data\features\transforms2d.js
other_api,node_modules\caniuse-lite\data\features\transforms3d.js
other_api,node_modules\caniuse-lite\data\features\trusted-types.js
other_api,node_modules\caniuse-lite\data\features\ttf.js
other_api,node_modules\caniuse-lite\data\features\typedarrays.js
other_api,node_modules\caniuse-lite\data\features\u2f.js
other_api,node_modules\caniuse-lite\data\features\unhandledrejection.js
other_api,node_modules\caniuse-lite\data\features\upgradeinsecurerequests.js
other_api,node_modules\caniuse-lite\data\features\url-scroll-to-text-fragment.js
other_api,node_modules\caniuse-lite\data\features\url.js
other_api,node_modules\caniuse-lite\data\features\urlsearchparams.js
other_api,node_modules\caniuse-lite\data\features\use-strict.js
other_api,node_modules\caniuse-lite\data\features\user-select-none.js
other_api,node_modules\caniuse-lite\data\features\user-timing.js
other_api,node_modules\caniuse-lite\data\features\variable-fonts.js
other_api,node_modules\caniuse-lite\data\features\vector-effect.js
other_api,node_modules\caniuse-lite\data\features\vibration.js
other_api,node_modules\caniuse-lite\data\features\video.js
other_api,node_modules\caniuse-lite\data\features\videotracks.js
other_api,node_modules\caniuse-lite\data\features\view-transitions.js
other_api,node_modules\caniuse-lite\data\features\viewport-unit-variants.js
other_api,node_modules\caniuse-lite\data\features\viewport-units.js
other_api,node_modules\caniuse-lite\data\features\wai-aria.js
other_api,node_modules\caniuse-lite\data\features\wake-lock.js
other_api,node_modules\caniuse-lite\data\features\wasm-bigint.js
other_api,node_modules\caniuse-lite\data\features\wasm-bulk-memory.js
other_api,node_modules\caniuse-lite\data\features\wasm-extended-const.js
other_api,node_modules\caniuse-lite\data\features\wasm-gc.js
other_api,node_modules\caniuse-lite\data\features\wasm-multi-memory.js
other_api,node_modules\caniuse-lite\data\features\wasm-multi-value.js
other_api,node_modules\caniuse-lite\data\features\wasm-mutable-globals.js
other_api,node_modules\caniuse-lite\data\features\wasm-nontrapping-fptoint.js
other_api,node_modules\caniuse-lite\data\features\wasm-reference-types.js
other_api,node_modules\caniuse-lite\data\features\wasm-relaxed-simd.js
other_api,node_modules\caniuse-lite\data\features\wasm-signext.js
other_api,node_modules\caniuse-lite\data\features\wasm-simd.js
other_api,node_modules\caniuse-lite\data\features\wasm-tail-calls.js
other_api,node_modules\caniuse-lite\data\features\wasm-threads.js
other_api,node_modules\caniuse-lite\data\features\wasm.js
other_api,node_modules\caniuse-lite\data\features\wav.js
other_api,node_modules\caniuse-lite\data\features\wbr-element.js
other_api,node_modules\caniuse-lite\data\features\web-animation.js
other_api,node_modules\caniuse-lite\data\features\web-app-manifest.js
other_api,node_modules\caniuse-lite\data\features\web-bluetooth.js
other_api,node_modules\caniuse-lite\data\features\web-serial.js
other_api,node_modules\caniuse-lite\data\features\web-share.js
other_api,node_modules\caniuse-lite\data\features\webauthn.js
other_api,node_modules\caniuse-lite\data\features\webcodecs.js
other_api,node_modules\caniuse-lite\data\features\webgl.js
other_api,node_modules\caniuse-lite\data\features\webgl2.js
other_api,node_modules\caniuse-lite\data\features\webgpu.js
other_api,node_modules\caniuse-lite\data\features\webhid.js
other_api,node_modules\caniuse-lite\data\features\webkit-user-drag.js
other_api,node_modules\caniuse-lite\data\features\webm.js
other_api,node_modules\caniuse-lite\data\features\webnfc.js
other_api,node_modules\caniuse-lite\data\features\webp.js
other_api,node_modules\caniuse-lite\data\features\websockets.js
other_api,node_modules\caniuse-lite\data\features\webtransport.js
other_api,node_modules\caniuse-lite\data\features\webusb.js
other_api,node_modules\caniuse-lite\data\features\webvr.js
other_api,node_modules\caniuse-lite\data\features\webvtt.js
other_api,node_modules\caniuse-lite\data\features\webworkers.js
other_api,node_modules\caniuse-lite\data\features\webxr.js
other_api,node_modules\caniuse-lite\data\features\will-change.js
other_api,node_modules\caniuse-lite\data\features\woff.js
other_api,node_modules\caniuse-lite\data\features\woff2.js
other_api,node_modules\caniuse-lite\data\features\word-break.js
other_api,node_modules\caniuse-lite\data\features\wordwrap.js
other_api,node_modules\caniuse-lite\data\features\x-doc-messaging.js
other_api,node_modules\caniuse-lite\data\features\x-frame-options.js
other_api,node_modules\caniuse-lite\data\features\xhr2.js
other_api,node_modules\caniuse-lite\data\features\xhtml.js
other_api,node_modules\caniuse-lite\data\features\xhtmlsmil.js
other_api,node_modules\caniuse-lite\data\features\xml-serializer.js
other_api,node_modules\caniuse-lite\data\features\zstd.js
other_api,node_modules\caniuse-lite\data\regions\AD.js
other_api,node_modules\caniuse-lite\data\regions\AE.js
other_api,node_modules\caniuse-lite\data\regions\AF.js
other_api,node_modules\caniuse-lite\data\regions\AG.js
other_api,node_modules\caniuse-lite\data\regions\AI.js
other_api,node_modules\caniuse-lite\data\regions\AL.js
other_api,node_modules\caniuse-lite\data\regions\alt-af.js
other_api,node_modules\caniuse-lite\data\regions\alt-an.js
other_api,node_modules\caniuse-lite\data\regions\alt-as.js
other_api,node_modules\caniuse-lite\data\regions\alt-eu.js
other_api,node_modules\caniuse-lite\data\regions\alt-na.js
other_api,node_modules\caniuse-lite\data\regions\alt-oc.js
other_api,node_modules\caniuse-lite\data\regions\alt-sa.js
other_api,node_modules\caniuse-lite\data\regions\alt-ww.js
other_api,node_modules\caniuse-lite\data\regions\AM.js
other_api,node_modules\caniuse-lite\data\regions\AO.js
other_api,node_modules\caniuse-lite\data\regions\AR.js
other_api,node_modules\caniuse-lite\data\regions\AS.js
other_api,node_modules\caniuse-lite\data\regions\AT.js
other_api,node_modules\caniuse-lite\data\regions\AU.js
other_api,node_modules\caniuse-lite\data\regions\AW.js
other_api,node_modules\caniuse-lite\data\regions\AX.js
other_api,node_modules\caniuse-lite\data\regions\AZ.js
other_api,node_modules\caniuse-lite\data\regions\BA.js
other_api,node_modules\caniuse-lite\data\regions\BB.js
other_api,node_modules\caniuse-lite\data\regions\BD.js
other_api,node_modules\caniuse-lite\data\regions\BE.js
other_api,node_modules\caniuse-lite\data\regions\BF.js
other_api,node_modules\caniuse-lite\data\regions\BG.js
other_api,node_modules\caniuse-lite\data\regions\BH.js
other_api,node_modules\caniuse-lite\data\regions\BI.js
other_api,node_modules\caniuse-lite\data\regions\BJ.js
other_api,node_modules\caniuse-lite\data\regions\BM.js
other_api,node_modules\caniuse-lite\data\regions\BN.js
other_api,node_modules\caniuse-lite\data\regions\BO.js
other_api,node_modules\caniuse-lite\data\regions\BR.js
other_api,node_modules\caniuse-lite\data\regions\BS.js
other_api,node_modules\caniuse-lite\data\regions\BT.js
other_api,node_modules\caniuse-lite\data\regions\BW.js
other_api,node_modules\caniuse-lite\data\regions\BY.js
other_api,node_modules\caniuse-lite\data\regions\BZ.js
other_api,node_modules\caniuse-lite\data\regions\CA.js
other_api,node_modules\caniuse-lite\data\regions\CD.js
other_api,node_modules\caniuse-lite\data\regions\CF.js
other_api,node_modules\caniuse-lite\data\regions\CG.js
other_api,node_modules\caniuse-lite\data\regions\CH.js
other_api,node_modules\caniuse-lite\data\regions\CI.js
other_api,node_modules\caniuse-lite\data\regions\CK.js
other_api,node_modules\caniuse-lite\data\regions\CL.js
other_api,node_modules\caniuse-lite\data\regions\CM.js
other_api,node_modules\caniuse-lite\data\regions\CN.js
other_api,node_modules\caniuse-lite\data\regions\CO.js
other_api,node_modules\caniuse-lite\data\regions\CR.js
other_api,node_modules\caniuse-lite\data\regions\CU.js
other_api,node_modules\caniuse-lite\data\regions\CV.js
other_api,node_modules\caniuse-lite\data\regions\CX.js
other_api,node_modules\caniuse-lite\data\regions\CY.js
other_api,node_modules\caniuse-lite\data\regions\CZ.js
other_api,node_modules\caniuse-lite\data\regions\DE.js
other_api,node_modules\caniuse-lite\data\regions\DJ.js
other_api,node_modules\caniuse-lite\data\regions\DK.js
other_api,node_modules\caniuse-lite\data\regions\DM.js
other_api,node_modules\caniuse-lite\data\regions\DO.js
other_api,node_modules\caniuse-lite\data\regions\DZ.js
other_api,node_modules\caniuse-lite\data\regions\EC.js
other_api,node_modules\caniuse-lite\data\regions\EE.js
other_api,node_modules\caniuse-lite\data\regions\EG.js
other_api,node_modules\caniuse-lite\data\regions\ER.js
other_api,node_modules\caniuse-lite\data\regions\ES.js
other_api,node_modules\caniuse-lite\data\regions\ET.js
other_api,node_modules\caniuse-lite\data\regions\FI.js
other_api,node_modules\caniuse-lite\data\regions\FJ.js
other_api,node_modules\caniuse-lite\data\regions\FK.js
other_api,node_modules\caniuse-lite\data\regions\FM.js
other_api,node_modules\caniuse-lite\data\regions\FO.js
other_api,node_modules\caniuse-lite\data\regions\FR.js
other_api,node_modules\caniuse-lite\data\regions\GA.js
other_api,node_modules\caniuse-lite\data\regions\GB.js
other_api,node_modules\caniuse-lite\data\regions\GD.js
other_api,node_modules\caniuse-lite\data\regions\GE.js
other_api,node_modules\caniuse-lite\data\regions\GF.js
other_api,node_modules\caniuse-lite\data\regions\GG.js
other_api,node_modules\caniuse-lite\data\regions\GH.js
other_api,node_modules\caniuse-lite\data\regions\GI.js
other_api,node_modules\caniuse-lite\data\regions\GL.js
other_api,node_modules\caniuse-lite\data\regions\GM.js
other_api,node_modules\caniuse-lite\data\regions\GN.js
other_api,node_modules\caniuse-lite\data\regions\GP.js
other_api,node_modules\caniuse-lite\data\regions\GQ.js
other_api,node_modules\caniuse-lite\data\regions\GR.js
other_api,node_modules\caniuse-lite\data\regions\GT.js
other_api,node_modules\caniuse-lite\data\regions\GU.js
other_api,node_modules\caniuse-lite\data\regions\GW.js
other_api,node_modules\caniuse-lite\data\regions\GY.js
other_api,node_modules\caniuse-lite\data\regions\HK.js
other_api,node_modules\caniuse-lite\data\regions\HN.js
other_api,node_modules\caniuse-lite\data\regions\HR.js
other_api,node_modules\caniuse-lite\data\regions\HT.js
other_api,node_modules\caniuse-lite\data\regions\HU.js
other_api,node_modules\caniuse-lite\data\regions\ID.js
other_api,node_modules\caniuse-lite\data\regions\IE.js
other_api,node_modules\caniuse-lite\data\regions\IL.js
other_api,node_modules\caniuse-lite\data\regions\IM.js
other_api,node_modules\caniuse-lite\data\regions\IN.js
other_api,node_modules\caniuse-lite\data\regions\IQ.js
other_api,node_modules\caniuse-lite\data\regions\IR.js
other_api,node_modules\caniuse-lite\data\regions\IS.js
other_api,node_modules\caniuse-lite\data\regions\IT.js
other_api,node_modules\caniuse-lite\data\regions\JE.js
other_api,node_modules\caniuse-lite\data\regions\JM.js
other_api,node_modules\caniuse-lite\data\regions\JO.js
other_api,node_modules\caniuse-lite\data\regions\JP.js
other_api,node_modules\caniuse-lite\data\regions\KE.js
other_api,node_modules\caniuse-lite\data\regions\KG.js
other_api,node_modules\caniuse-lite\data\regions\KH.js
other_api,node_modules\caniuse-lite\data\regions\KI.js
other_api,node_modules\caniuse-lite\data\regions\KM.js
other_api,node_modules\caniuse-lite\data\regions\KN.js
other_api,node_modules\caniuse-lite\data\regions\KP.js
other_api,node_modules\caniuse-lite\data\regions\KR.js
other_api,node_modules\caniuse-lite\data\regions\KW.js
other_api,node_modules\caniuse-lite\data\regions\KY.js
other_api,node_modules\caniuse-lite\data\regions\KZ.js
other_api,node_modules\caniuse-lite\data\regions\LA.js
other_api,node_modules\caniuse-lite\data\regions\LB.js
other_api,node_modules\caniuse-lite\data\regions\LC.js
other_api,node_modules\caniuse-lite\data\regions\LI.js
other_api,node_modules\caniuse-lite\data\regions\LK.js
other_api,node_modules\caniuse-lite\data\regions\LR.js
other_api,node_modules\caniuse-lite\data\regions\LS.js
other_api,node_modules\caniuse-lite\data\regions\LT.js
other_api,node_modules\caniuse-lite\data\regions\LU.js
other_api,node_modules\caniuse-lite\data\regions\LV.js
other_api,node_modules\caniuse-lite\data\regions\LY.js
other_api,node_modules\caniuse-lite\data\regions\MA.js
other_api,node_modules\caniuse-lite\data\regions\MC.js
other_api,node_modules\caniuse-lite\data\regions\MD.js
other_api,node_modules\caniuse-lite\data\regions\ME.js
other_api,node_modules\caniuse-lite\data\regions\MG.js
other_api,node_modules\caniuse-lite\data\regions\MH.js
other_api,node_modules\caniuse-lite\data\regions\MK.js
other_api,node_modules\caniuse-lite\data\regions\ML.js
other_api,node_modules\caniuse-lite\data\regions\MM.js
other_api,node_modules\caniuse-lite\data\regions\MN.js
other_api,node_modules\caniuse-lite\data\regions\MO.js
other_api,node_modules\caniuse-lite\data\regions\MP.js
other_api,node_modules\caniuse-lite\data\regions\MQ.js
other_api,node_modules\caniuse-lite\data\regions\MR.js
other_api,node_modules\caniuse-lite\data\regions\MS.js
other_api,node_modules\caniuse-lite\data\regions\MT.js
other_api,node_modules\caniuse-lite\data\regions\MU.js
other_api,node_modules\caniuse-lite\data\regions\MV.js
other_api,node_modules\caniuse-lite\data\regions\MW.js
other_api,node_modules\caniuse-lite\data\regions\MX.js
other_api,node_modules\caniuse-lite\data\regions\MY.js
other_api,node_modules\caniuse-lite\data\regions\MZ.js
other_api,node_modules\caniuse-lite\data\regions\NA.js
other_api,node_modules\caniuse-lite\data\regions\NC.js
other_api,node_modules\caniuse-lite\data\regions\NE.js
other_api,node_modules\caniuse-lite\data\regions\NF.js
other_api,node_modules\caniuse-lite\data\regions\NG.js
other_api,node_modules\caniuse-lite\data\regions\NI.js
other_api,node_modules\caniuse-lite\data\regions\NL.js
other_api,node_modules\caniuse-lite\data\regions\NO.js
other_api,node_modules\caniuse-lite\data\regions\NP.js
other_api,node_modules\caniuse-lite\data\regions\NR.js
other_api,node_modules\caniuse-lite\data\regions\NU.js
other_api,node_modules\caniuse-lite\data\regions\NZ.js
other_api,node_modules\caniuse-lite\data\regions\OM.js
other_api,node_modules\caniuse-lite\data\regions\PA.js
other_api,node_modules\caniuse-lite\data\regions\PE.js
other_api,node_modules\caniuse-lite\data\regions\PF.js
other_api,node_modules\caniuse-lite\data\regions\PG.js
other_api,node_modules\caniuse-lite\data\regions\PH.js
other_api,node_modules\caniuse-lite\data\regions\PK.js
other_api,node_modules\caniuse-lite\data\regions\PL.js
other_api,node_modules\caniuse-lite\data\regions\PM.js
other_api,node_modules\caniuse-lite\data\regions\PN.js
other_api,node_modules\caniuse-lite\data\regions\PR.js
other_api,node_modules\caniuse-lite\data\regions\PS.js
other_api,node_modules\caniuse-lite\data\regions\PT.js
other_api,node_modules\caniuse-lite\data\regions\PW.js
other_api,node_modules\caniuse-lite\data\regions\PY.js
other_api,node_modules\caniuse-lite\data\regions\QA.js
other_api,node_modules\caniuse-lite\data\regions\RE.js
other_api,node_modules\caniuse-lite\data\regions\RO.js
other_api,node_modules\caniuse-lite\data\regions\RS.js
other_api,node_modules\caniuse-lite\data\regions\RU.js
other_api,node_modules\caniuse-lite\data\regions\RW.js
other_api,node_modules\caniuse-lite\data\regions\SA.js
other_api,node_modules\caniuse-lite\data\regions\SB.js
other_api,node_modules\caniuse-lite\data\regions\SC.js
other_api,node_modules\caniuse-lite\data\regions\SD.js
other_api,node_modules\caniuse-lite\data\regions\SE.js
other_api,node_modules\caniuse-lite\data\regions\SG.js
other_api,node_modules\caniuse-lite\data\regions\SH.js
other_api,node_modules\caniuse-lite\data\regions\SI.js
other_api,node_modules\caniuse-lite\data\regions\SK.js
other_api,node_modules\caniuse-lite\data\regions\SL.js
other_api,node_modules\caniuse-lite\data\regions\SM.js
other_api,node_modules\caniuse-lite\data\regions\SN.js
other_api,node_modules\caniuse-lite\data\regions\SO.js
other_api,node_modules\caniuse-lite\data\regions\SR.js
other_api,node_modules\caniuse-lite\data\regions\ST.js
other_api,node_modules\caniuse-lite\data\regions\SV.js
other_api,node_modules\caniuse-lite\data\regions\SY.js
other_api,node_modules\caniuse-lite\data\regions\SZ.js
other_api,node_modules\caniuse-lite\data\regions\TC.js
other_api,node_modules\caniuse-lite\data\regions\TD.js
other_api,node_modules\caniuse-lite\data\regions\TG.js
other_api,node_modules\caniuse-lite\data\regions\TH.js
other_api,node_modules\caniuse-lite\data\regions\TJ.js
other_api,node_modules\caniuse-lite\data\regions\TL.js
other_api,node_modules\caniuse-lite\data\regions\TM.js
other_api,node_modules\caniuse-lite\data\regions\TN.js
other_api,node_modules\caniuse-lite\data\regions\TO.js
other_api,node_modules\caniuse-lite\data\regions\TR.js
other_api,node_modules\caniuse-lite\data\regions\TT.js
other_api,node_modules\caniuse-lite\data\regions\TV.js
other_api,node_modules\caniuse-lite\data\regions\TW.js
other_api,node_modules\caniuse-lite\data\regions\TZ.js
other_api,node_modules\caniuse-lite\data\regions\UA.js
other_api,node_modules\caniuse-lite\data\regions\UG.js
other_api,node_modules\caniuse-lite\data\regions\US.js
other_api,node_modules\caniuse-lite\data\regions\UY.js
other_api,node_modules\caniuse-lite\data\regions\UZ.js
other_api,node_modules\caniuse-lite\data\regions\VA.js
other_api,node_modules\caniuse-lite\data\regions\VC.js
other_api,node_modules\caniuse-lite\data\regions\VE.js
other_api,node_modules\caniuse-lite\data\regions\VG.js
other_api,node_modules\caniuse-lite\data\regions\VI.js
other_api,node_modules\caniuse-lite\data\regions\VN.js
other_api,node_modules\caniuse-lite\data\regions\VU.js
other_api,node_modules\caniuse-lite\data\regions\WF.js
other_api,node_modules\caniuse-lite\data\regions\WS.js
other_api,node_modules\caniuse-lite\data\regions\YE.js
other_api,node_modules\caniuse-lite\data\regions\YT.js
other_api,node_modules\caniuse-lite\data\regions\ZA.js
other_api,node_modules\caniuse-lite\data\regions\ZM.js
other_api,node_modules\caniuse-lite\data\regions\ZW.js
other_api,node_modules\caniuse-lite\dist\lib\statuses.js
other_api,node_modules\caniuse-lite\dist\lib\supported.js
other_api,node_modules\caniuse-lite\dist\unpacker\agents.js
other_api,node_modules\caniuse-lite\dist\unpacker\browsers.js
other_api,node_modules\caniuse-lite\dist\unpacker\browserVersions.js
other_api,node_modules\caniuse-lite\dist\unpacker\feature.js
other_api,node_modules\caniuse-lite\dist\unpacker\features.js
other_api,node_modules\caniuse-lite\dist\unpacker\index.js
other_api,node_modules\caniuse-lite\dist\unpacker\region.js
other_api,node_modules\caniuse-lite\dist\unpacker\versionGroups.js
other_api,node_modules\chai\chai.js
other_api,node_modules\chai\index.js
other_api,node_modules\chai\register-assert.js
other_api,node_modules\chai\register-expect.js
other_api,node_modules\chai\register-should.js
other_api,node_modules\chai\lib\chai.js
other_api,node_modules\chai\lib\chai\assertion.js
other_api,node_modules\chai\lib\chai\config.js
other_api,node_modules\chai\lib\chai\core\assertions.js
other_api,node_modules\chai\lib\chai\interface\assert.js
other_api,node_modules\chai\lib\chai\interface\expect.js
other_api,node_modules\chai\lib\chai\interface\should.js
other_api,node_modules\chai\lib\chai\utils\addChainableMethod.js
other_api,node_modules\chai\lib\chai\utils\addLengthGuard.js
other_api,node_modules\chai\lib\chai\utils\addMethod.js
other_api,node_modules\chai\lib\chai\utils\addProperty.js
other_api,node_modules\chai\lib\chai\utils\compareByInspect.js
other_api,node_modules\chai\lib\chai\utils\expectTypes.js
other_api,node_modules\chai\lib\chai\utils\flag.js
other_api,node_modules\chai\lib\chai\utils\getActual.js
other_api,node_modules\chai\lib\chai\utils\getMessage.js
other_api,node_modules\chai\lib\chai\utils\getOperator.js
other_api,node_modules\chai\lib\chai\utils\getOwnEnumerableProperties.js
other_api,node_modules\chai\lib\chai\utils\getOwnEnumerablePropertySymbols.js
other_api,node_modules\chai\lib\chai\utils\getProperties.js
other_api,node_modules\chai\lib\chai\utils\index.js
other_api,node_modules\chai\lib\chai\utils\inspect.js
other_api,node_modules\chai\lib\chai\utils\isNaN.js
other_api,node_modules\chai\lib\chai\utils\isProxyEnabled.js
other_api,node_modules\chai\lib\chai\utils\objDisplay.js
other_api,node_modules\chai\lib\chai\utils\overwriteChainableMethod.js
other_api,node_modules\chai\lib\chai\utils\overwriteMethod.js
other_api,node_modules\chai\lib\chai\utils\overwriteProperty.js
other_api,node_modules\chai\lib\chai\utils\proxify.js
other_api,node_modules\chai\lib\chai\utils\test.js
other_api,node_modules\chai\lib\chai\utils\transferFlags.js
other_api,node_modules\chai\lib\chai\utils\type-detect.js
other_api,node_modules\check-error\index.js
other_api,node_modules\cli-width\index.d.ts
other_api,node_modules\cli-width\index.js
other_api,node_modules\cliui\build\lib\index.js
other_api,node_modules\cliui\build\lib\string-utils.js
other_api,node_modules\color-convert\conversions.js
other_api,node_modules\color-convert\index.js
other_api,node_modules\color-name\index.js
other_api,node_modules\convert-source-map\index.js
other_api,node_modules\cookie\dist\index.d.ts
other_api,node_modules\cookie\dist\index.js
other_api,node_modules\cross-spawn\index.js
other_api,node_modules\cross-spawn\lib\enoent.js
other_api,node_modules\cross-spawn\lib\parse.js
other_api,node_modules\cross-spawn\lib\util\escape.js
other_api,node_modules\cross-spawn\lib\util\readShebang.js
other_api,node_modules\cross-spawn\lib\util\resolveCommand.js
other_api,node_modules\css.escape\css.escape.js
other_api,node_modules\cssstyle\lib\allExtraProperties.js
other_api,node_modules\cssstyle\lib\allWebkitProperties.js
other_api,node_modules\cssstyle\lib\CSSStyleDeclaration.js
other_api,node_modules\cssstyle\lib\parsers.js
other_api,node_modules\cssstyle\lib\generated\allProperties.js
other_api,node_modules\cssstyle\lib\generated\implementedProperties.js
other_api,node_modules\cssstyle\lib\generated\properties.js
other_api,node_modules\cssstyle\lib\properties\background.js
other_api,node_modules\cssstyle\lib\properties\backgroundAttachment.js
other_api,node_modules\cssstyle\lib\properties\backgroundColor.js
other_api,node_modules\cssstyle\lib\properties\backgroundImage.js
other_api,node_modules\cssstyle\lib\properties\backgroundPosition.js
other_api,node_modules\cssstyle\lib\properties\backgroundRepeat.js
other_api,node_modules\cssstyle\lib\properties\border.js
other_api,node_modules\cssstyle\lib\properties\borderBottom.js
other_api,node_modules\cssstyle\lib\properties\borderBottomColor.js
other_api,node_modules\cssstyle\lib\properties\borderBottomStyle.js
other_api,node_modules\cssstyle\lib\properties\borderBottomWidth.js
other_api,node_modules\cssstyle\lib\properties\borderCollapse.js
other_api,node_modules\cssstyle\lib\properties\borderColor.js
other_api,node_modules\cssstyle\lib\properties\borderLeft.js
other_api,node_modules\cssstyle\lib\properties\borderLeftColor.js
other_api,node_modules\cssstyle\lib\properties\borderLeftStyle.js
other_api,node_modules\cssstyle\lib\properties\borderLeftWidth.js
other_api,node_modules\cssstyle\lib\properties\borderRight.js
other_api,node_modules\cssstyle\lib\properties\borderRightColor.js
other_api,node_modules\cssstyle\lib\properties\borderRightStyle.js
other_api,node_modules\cssstyle\lib\properties\borderRightWidth.js
other_api,node_modules\cssstyle\lib\properties\borderSpacing.js
other_api,node_modules\cssstyle\lib\properties\borderStyle.js
other_api,node_modules\cssstyle\lib\properties\borderTop.js
other_api,node_modules\cssstyle\lib\properties\borderTopColor.js
other_api,node_modules\cssstyle\lib\properties\borderTopStyle.js
other_api,node_modules\cssstyle\lib\properties\borderTopWidth.js
other_api,node_modules\cssstyle\lib\properties\borderWidth.js
other_api,node_modules\cssstyle\lib\properties\bottom.js
other_api,node_modules\cssstyle\lib\properties\clear.js
other_api,node_modules\cssstyle\lib\properties\clip.js
other_api,node_modules\cssstyle\lib\properties\color.js
other_api,node_modules\cssstyle\lib\properties\flex.js
other_api,node_modules\cssstyle\lib\properties\flexBasis.js
other_api,node_modules\cssstyle\lib\properties\flexGrow.js
other_api,node_modules\cssstyle\lib\properties\flexShrink.js
other_api,node_modules\cssstyle\lib\properties\float.js
other_api,node_modules\cssstyle\lib\properties\floodColor.js
other_api,node_modules\cssstyle\lib\properties\font.js
other_api,node_modules\cssstyle\lib\properties\fontFamily.js
other_api,node_modules\cssstyle\lib\properties\fontSize.js
other_api,node_modules\cssstyle\lib\properties\fontStyle.js
other_api,node_modules\cssstyle\lib\properties\fontVariant.js
other_api,node_modules\cssstyle\lib\properties\fontWeight.js
other_api,node_modules\cssstyle\lib\properties\height.js
other_api,node_modules\cssstyle\lib\properties\left.js
other_api,node_modules\cssstyle\lib\properties\lightingColor.js
other_api,node_modules\cssstyle\lib\properties\lineHeight.js
other_api,node_modules\cssstyle\lib\properties\margin.js
other_api,node_modules\cssstyle\lib\properties\marginBottom.js
other_api,node_modules\cssstyle\lib\properties\marginLeft.js
other_api,node_modules\cssstyle\lib\properties\marginRight.js
other_api,node_modules\cssstyle\lib\properties\marginTop.js
other_api,node_modules\cssstyle\lib\properties\opacity.js
other_api,node_modules\cssstyle\lib\properties\outlineColor.js
other_api,node_modules\cssstyle\lib\properties\padding.js
other_api,node_modules\cssstyle\lib\properties\paddingBottom.js
other_api,node_modules\cssstyle\lib\properties\paddingLeft.js
other_api,node_modules\cssstyle\lib\properties\paddingRight.js
other_api,node_modules\cssstyle\lib\properties\paddingTop.js
other_api,node_modules\cssstyle\lib\properties\right.js
other_api,node_modules\cssstyle\lib\properties\stopColor.js
other_api,node_modules\cssstyle\lib\properties\top.js
other_api,node_modules\cssstyle\lib\properties\webkitBorderAfterColor.js
other_api,node_modules\cssstyle\lib\properties\webkitBorderBeforeColor.js
other_api,node_modules\cssstyle\lib\properties\webkitBorderEndColor.js
other_api,node_modules\cssstyle\lib\properties\webkitBorderStartColor.js
other_api,node_modules\cssstyle\lib\properties\webkitColumnRuleColor.js
other_api,node_modules\cssstyle\lib\properties\webkitTapHighlightColor.js
other_api,node_modules\cssstyle\lib\properties\webkitTextEmphasisColor.js
other_api,node_modules\cssstyle\lib\properties\webkitTextFillColor.js
other_api,node_modules\cssstyle\lib\properties\webkitTextStrokeColor.js
other_api,node_modules\cssstyle\lib\properties\width.js
other_api,node_modules\cssstyle\lib\utils\camelize.js
other_api,node_modules\cssstyle\lib\utils\propertyDescriptors.js
other_api,node_modules\cssstyle\lib\utils\strings.js
other_api,node_modules\csstype\index.d.ts
other_api,node_modules\data-urls\lib\parser.js
other_api,node_modules\data-urls\lib\utils.js
other_api,node_modules\debug\src\browser.js
other_api,node_modules\debug\src\common.js
other_api,node_modules\debug\src\index.js
other_api,node_modules\debug\src\node.js
other_api,node_modules\decimal.js\decimal.d.ts
other_api,node_modules\decimal.js\decimal.js
other_api,node_modules\deep-eql\index.js
other_api,node_modules\deep-is\index.js
other_api,node_modules\deep-is\example\cmp.js
other_api,node_modules\deep-is\test\cmp.js
other_api,node_modules\deep-is\test\NaN.js
other_api,node_modules\deep-is\test\neg-vs-pos-0.js
other_api,node_modules\dequal\index.d.ts
other_api,node_modules\dequal\dist\index.js
other_api,node_modules\dequal\dist\index.min.js
other_api,node_modules\dequal\lite\index.d.ts
other_api,node_modules\dequal\lite\index.js
other_api,node_modules\dequal\lite\index.min.js
other_api,node_modules\detect-libc\index.d.ts
other_api,node_modules\detect-libc\lib\detect-libc.js
other_api,node_modules\detect-libc\lib\elf.js
other_api,node_modules\detect-libc\lib\filesystem.js
other_api,node_modules\detect-libc\lib\process.js
other_api,node_modules\dom-accessibility-api\dist\accessible-description.d.ts
other_api,node_modules\dom-accessibility-api\dist\accessible-description.js
other_api,node_modules\dom-accessibility-api\dist\accessible-name-and-description.d.ts
other_api,node_modules\dom-accessibility-api\dist\accessible-name-and-description.js
other_api,node_modules\dom-accessibility-api\dist\accessible-name.d.ts
other_api,node_modules\dom-accessibility-api\dist\accessible-name.js
other_api,node_modules\dom-accessibility-api\dist\getRole.d.ts
other_api,node_modules\dom-accessibility-api\dist\getRole.js
other_api,node_modules\dom-accessibility-api\dist\index.d.ts
other_api,node_modules\dom-accessibility-api\dist\index.js
other_api,node_modules\dom-accessibility-api\dist\is-inaccessible.d.ts
other_api,node_modules\dom-accessibility-api\dist\is-inaccessible.js
other_api,node_modules\dom-accessibility-api\dist\util.d.ts
other_api,node_modules\dom-accessibility-api\dist\util.js
other_api,node_modules\dom-accessibility-api\dist\polyfills\array.from.d.ts
other_api,node_modules\dom-accessibility-api\dist\polyfills\array.from.js
other_api,node_modules\dom-accessibility-api\dist\polyfills\iterator.d.js
other_api,node_modules\dom-accessibility-api\dist\polyfills\SetLike.d.ts
other_api,node_modules\dom-accessibility-api\dist\polyfills\SetLike.js
other_api,node_modules\electron-to-chromium\chromium-versions.js
other_api,node_modules\electron-to-chromium\full-chromium-versions.js
other_api,node_modules\electron-to-chromium\full-versions.js
other_api,node_modules\electron-to-chromium\index.js
other_api,node_modules\electron-to-chromium\versions.js
other_api,node_modules\emoji-regex\index.d.ts
other_api,node_modules\emoji-regex\index.js
other_api,node_modules\emoji-regex\text.js
other_api,node_modules\emoji-regex\es2015\index.js
other_api,node_modules\emoji-regex\es2015\text.js
other_api,node_modules\entities\decode.d.ts
other_api,node_modules\entities\decode.js
other_api,node_modules\entities\escape.d.ts
other_api,node_modules\entities\escape.js
other_api,node_modules\entities\dist\commonjs\decode-codepoint.d.ts
other_api,node_modules\entities\dist\commonjs\decode-codepoint.js
other_api,node_modules\entities\dist\commonjs\decode.d.ts
other_api,node_modules\entities\dist\commonjs\decode.js
other_api,node_modules\entities\dist\commonjs\encode.d.ts
other_api,node_modules\entities\dist\commonjs\encode.js
other_api,node_modules\entities\dist\commonjs\escape.d.ts
other_api,node_modules\entities\dist\commonjs\escape.js
other_api,node_modules\entities\dist\commonjs\index.d.ts
other_api,node_modules\entities\dist\commonjs\index.js
other_api,node_modules\entities\dist\commonjs\generated\decode-data-html.d.ts
other_api,node_modules\entities\dist\commonjs\generated\decode-data-html.js
other_api,node_modules\entities\dist\commonjs\generated\decode-data-xml.d.ts
other_api,node_modules\entities\dist\commonjs\generated\decode-data-xml.js
other_api,node_modules\entities\dist\commonjs\generated\encode-html.d.ts
other_api,node_modules\entities\dist\commonjs\generated\encode-html.js
other_api,node_modules\entities\dist\esm\decode-codepoint.d.ts
other_api,node_modules\entities\dist\esm\decode-codepoint.js
other_api,node_modules\entities\dist\esm\decode.d.ts
other_api,node_modules\entities\dist\esm\decode.js
other_api,node_modules\entities\dist\esm\encode.d.ts
other_api,node_modules\entities\dist\esm\encode.js
other_api,node_modules\entities\dist\esm\escape.d.ts
other_api,node_modules\entities\dist\esm\escape.js
other_api,node_modules\entities\dist\esm\index.d.ts
other_api,node_modules\entities\dist\esm\index.js
other_api,node_modules\entities\dist\esm\generated\decode-data-html.d.ts
other_api,node_modules\entities\dist\esm\generated\decode-data-html.js
other_api,node_modules\entities\dist\esm\generated\decode-data-xml.d.ts
other_api,node_modules\entities\dist\esm\generated\decode-data-xml.js
other_api,node_modules\entities\dist\esm\generated\encode-html.d.ts
other_api,node_modules\entities\dist\esm\generated\encode-html.js
other_api,node_modules\entities\src\decode-codepoint.ts
other_api,node_modules\entities\src\decode.spec.ts
other_api,node_modules\entities\src\decode.ts
other_api,node_modules\entities\src\encode.spec.ts
other_api,node_modules\entities\src\encode.ts
other_api,node_modules\entities\src\escape.spec.ts
other_api,node_modules\entities\src\escape.ts
other_api,node_modules\entities\src\index.spec.ts
other_api,node_modules\entities\src\index.ts
other_api,node_modules\entities\src\generated\decode-data-html.ts
other_api,node_modules\entities\src\generated\decode-data-xml.ts
other_api,node_modules\entities\src\generated\encode-html.ts
other_api,node_modules\es-module-lexer\lexer.js
other_api,node_modules\es-module-lexer\dist\lexer.asm.js
other_api,node_modules\es-module-lexer\dist\lexer.js
other_api,node_modules\es-module-lexer\types\lexer.d.ts
other_api,node_modules\esbuild\install.js
other_api,node_modules\esbuild\lib\main.d.ts
other_api,node_modules\esbuild\lib\main.js
other_api,node_modules\escalade\index.d.ts
other_api,node_modules\escalade\dist\index.js
other_api,node_modules\escalade\sync\index.d.ts
other_api,node_modules\escalade\sync\index.js
other_api,node_modules\escape-string-regexp\index.d.ts
other_api,node_modules\escape-string-regexp\index.js
other_api,node_modules\eslint\bin\eslint.js
other_api,node_modules\eslint\conf\ecma-version.js
other_api,node_modules\eslint\conf\globals.js
other_api,node_modules\eslint\lib\cli.js
other_api,node_modules\eslint\lib\options.js
other_api,node_modules\eslint\lib\universal.js
other_api,node_modules\eslint\lib\cli-engine\hash.js
other_api,node_modules\eslint\lib\cli-engine\lint-result-cache.js
other_api,node_modules\eslint\lib\cli-engine\formatters\html.js
other_api,node_modules\eslint\lib\cli-engine\formatters\json-with-metadata.js
other_api,node_modules\eslint\lib\cli-engine\formatters\json.js
other_api,node_modules\eslint\lib\cli-engine\formatters\stylish.js
other_api,node_modules\eslint\lib\config\config-loader.js
other_api,node_modules\eslint\lib\config\config.js
other_api,node_modules\eslint\lib\config\default-config.js
other_api,node_modules\eslint\lib\config\flat-config-array.js
other_api,node_modules\eslint\lib\config\flat-config-schema.js
other_api,node_modules\eslint\lib\eslint\eslint-helpers.js
other_api,node_modules\eslint\lib\eslint\eslint.js
other_api,node_modules\eslint\lib\eslint\index.js
other_api,node_modules\eslint\lib\eslint\worker.js
other_api,node_modules\eslint\lib\languages\js\index.js
other_api,node_modules\eslint\lib\languages\js\validate-language-options.js
other_api,node_modules\eslint\lib\languages\js\source-code\index.js
other_api,node_modules\eslint\lib\languages\js\source-code\source-code.js
other_api,node_modules\eslint\lib\languages\js\source-code\token-store\backward-token-comment-cursor.js
other_api,node_modules\eslint\lib\languages\js\source-code\token-store\backward-token-cursor.js
other_api,node_modules\eslint\lib\languages\js\source-code\token-store\cursor.js
other_api,node_modules\eslint\lib\languages\js\source-code\token-store\cursors.js
other_api,node_modules\eslint\lib\languages\js\source-code\token-store\decorative-cursor.js
other_api,node_modules\eslint\lib\languages\js\source-code\token-store\filter-cursor.js
other_api,node_modules\eslint\lib\languages\js\source-code\token-store\forward-token-comment-cursor.js
other_api,node_modules\eslint\lib\languages\js\source-code\token-store\forward-token-cursor.js
other_api,node_modules\eslint\lib\languages\js\source-code\token-store\index.js
other_api,node_modules\eslint\lib\languages\js\source-code\token-store\limit-cursor.js
other_api,node_modules\eslint\lib\languages\js\source-code\token-store\padded-token-cursor.js
other_api,node_modules\eslint\lib\languages\js\source-code\token-store\skip-cursor.js
other_api,node_modules\eslint\lib\languages\js\source-code\token-store\utils.js
other_api,node_modules\eslint\lib\linter\apply-disable-directives.js
other_api,node_modules\eslint\lib\linter\esquery.js
other_api,node_modules\eslint\lib\linter\file-context.js
other_api,node_modules\eslint\lib\linter\file-report.js
other_api,node_modules\eslint\lib\linter\index.js
other_api,node_modules\eslint\lib\linter\interpolate.js
other_api,node_modules\eslint\lib\linter\linter.js
other_api,node_modules\eslint\lib\linter\rule-fixer.js
other_api,node_modules\eslint\lib\linter\source-code-fixer.js
other_api,node_modules\eslint\lib\linter\source-code-traverser.js
other_api,node_modules\eslint\lib\linter\source-code-visitor.js
other_api,node_modules\eslint\lib\linter\timing.js
other_api,node_modules\eslint\lib\linter\vfile.js
other_api,node_modules\eslint\lib\linter\code-path-analysis\code-path-analyzer.js
other_api,node_modules\eslint\lib\linter\code-path-analysis\code-path-segment.js
other_api,node_modules\eslint\lib\linter\code-path-analysis\code-path-state.js
other_api,node_modules\eslint\lib\linter\code-path-analysis\code-path.js
other_api,node_modules\eslint\lib\linter\code-path-analysis\debug-helpers.js
other_api,node_modules\eslint\lib\linter\code-path-analysis\fork-context.js
other_api,node_modules\eslint\lib\linter\code-path-analysis\id-generator.js
other_api,node_modules\eslint\lib\rule-tester\index.js
other_api,node_modules\eslint\lib\rule-tester\rule-tester.js
other_api,node_modules\eslint\lib\rules\accessor-pairs.js
other_api,node_modules\eslint\lib\rules\array-bracket-newline.js
other_api,node_modules\eslint\lib\rules\array-bracket-spacing.js
other_api,node_modules\eslint\lib\rules\array-callback-return.js
other_api,node_modules\eslint\lib\rules\array-element-newline.js
other_api,node_modules\eslint\lib\rules\arrow-body-style.js
other_api,node_modules\eslint\lib\rules\arrow-parens.js
other_api,node_modules\eslint\lib\rules\arrow-spacing.js
other_api,node_modules\eslint\lib\rules\block-scoped-var.js
other_api,node_modules\eslint\lib\rules\block-spacing.js
other_api,node_modules\eslint\lib\rules\brace-style.js
other_api,node_modules\eslint\lib\rules\callback-return.js
other_api,node_modules\eslint\lib\rules\camelcase.js
other_api,node_modules\eslint\lib\rules\class-methods-use-this.js
other_api,node_modules\eslint\lib\rules\comma-dangle.js
other_api,node_modules\eslint\lib\rules\comma-spacing.js
other_api,node_modules\eslint\lib\rules\comma-style.js
other_api,node_modules\eslint\lib\rules\complexity.js
other_api,node_modules\eslint\lib\rules\computed-property-spacing.js
other_api,node_modules\eslint\lib\rules\consistent-return.js
other_api,node_modules\eslint\lib\rules\consistent-this.js
other_api,node_modules\eslint\lib\rules\constructor-super.js
other_api,node_modules\eslint\lib\rules\curly.js
other_api,node_modules\eslint\lib\rules\default-case-last.js
other_api,node_modules\eslint\lib\rules\default-case.js
other_api,node_modules\eslint\lib\rules\default-param-last.js
other_api,node_modules\eslint\lib\rules\dot-location.js
other_api,node_modules\eslint\lib\rules\dot-notation.js
other_api,node_modules\eslint\lib\rules\eol-last.js
other_api,node_modules\eslint\lib\rules\eqeqeq.js
other_api,node_modules\eslint\lib\rules\for-direction.js
other_api,node_modules\eslint\lib\rules\func-call-spacing.js
other_api,node_modules\eslint\lib\rules\func-name-matching.js
other_api,node_modules\eslint\lib\rules\func-names.js
other_api,node_modules\eslint\lib\rules\func-style.js
other_api,node_modules\eslint\lib\rules\function-call-argument-newline.js
other_api,node_modules\eslint\lib\rules\function-paren-newline.js
other_api,node_modules\eslint\lib\rules\generator-star-spacing.js
other_api,node_modules\eslint\lib\rules\getter-return.js
other_api,node_modules\eslint\lib\rules\global-require.js
other_api,node_modules\eslint\lib\rules\grouped-accessor-pairs.js
other_api,node_modules\eslint\lib\rules\guard-for-in.js
other_api,node_modules\eslint\lib\rules\handle-callback-err.js
other_api,node_modules\eslint\lib\rules\id-blacklist.js
other_api,node_modules\eslint\lib\rules\id-denylist.js
other_api,node_modules\eslint\lib\rules\id-length.js
other_api,node_modules\eslint\lib\rules\id-match.js
other_api,node_modules\eslint\lib\rules\implicit-arrow-linebreak.js
other_api,node_modules\eslint\lib\rules\indent-legacy.js
other_api,node_modules\eslint\lib\rules\indent.js
other_api,node_modules\eslint\lib\rules\index.js
other_api,node_modules\eslint\lib\rules\init-declarations.js
other_api,node_modules\eslint\lib\rules\jsx-quotes.js
other_api,node_modules\eslint\lib\rules\key-spacing.js
other_api,node_modules\eslint\lib\rules\keyword-spacing.js
other_api,node_modules\eslint\lib\rules\line-comment-position.js
other_api,node_modules\eslint\lib\rules\linebreak-style.js
other_api,node_modules\eslint\lib\rules\lines-around-comment.js
other_api,node_modules\eslint\lib\rules\lines-around-directive.js
other_api,node_modules\eslint\lib\rules\lines-between-class-members.js
other_api,node_modules\eslint\lib\rules\logical-assignment-operators.js
other_api,node_modules\eslint\lib\rules\max-classes-per-file.js
other_api,node_modules\eslint\lib\rules\max-depth.js
other_api,node_modules\eslint\lib\rules\max-len.js
other_api,node_modules\eslint\lib\rules\max-lines-per-function.js
other_api,node_modules\eslint\lib\rules\max-lines.js
other_api,node_modules\eslint\lib\rules\max-nested-callbacks.js
other_api,node_modules\eslint\lib\rules\max-params.js
other_api,node_modules\eslint\lib\rules\max-statements-per-line.js
other_api,node_modules\eslint\lib\rules\max-statements.js
other_api,node_modules\eslint\lib\rules\multiline-comment-style.js
other_api,node_modules\eslint\lib\rules\multiline-ternary.js
other_api,node_modules\eslint\lib\rules\new-cap.js
other_api,node_modules\eslint\lib\rules\new-parens.js
other_api,node_modules\eslint\lib\rules\newline-after-var.js
other_api,node_modules\eslint\lib\rules\newline-before-return.js
other_api,node_modules\eslint\lib\rules\newline-per-chained-call.js
other_api,node_modules\eslint\lib\rules\no-alert.js
other_api,node_modules\eslint\lib\rules\no-array-constructor.js
other_api,node_modules\eslint\lib\rules\no-async-promise-executor.js
other_api,node_modules\eslint\lib\rules\no-await-in-loop.js
other_api,node_modules\eslint\lib\rules\no-bitwise.js
other_api,node_modules\eslint\lib\rules\no-buffer-constructor.js
other_api,node_modules\eslint\lib\rules\no-caller.js
other_api,node_modules\eslint\lib\rules\no-case-declarations.js
other_api,node_modules\eslint\lib\rules\no-catch-shadow.js
other_api,node_modules\eslint\lib\rules\no-class-assign.js
other_api,node_modules\eslint\lib\rules\no-compare-neg-zero.js
other_api,node_modules\eslint\lib\rules\no-cond-assign.js
other_api,node_modules\eslint\lib\rules\no-confusing-arrow.js
other_api,node_modules\eslint\lib\rules\no-console.js
other_api,node_modules\eslint\lib\rules\no-const-assign.js
other_api,node_modules\eslint\lib\rules\no-constant-binary-expression.js
other_api,node_modules\eslint\lib\rules\no-constant-condition.js
other_api,node_modules\eslint\lib\rules\no-constructor-return.js
other_api,node_modules\eslint\lib\rules\no-continue.js
other_api,node_modules\eslint\lib\rules\no-control-regex.js
other_api,node_modules\eslint\lib\rules\no-debugger.js
other_api,node_modules\eslint\lib\rules\no-delete-var.js
other_api,node_modules\eslint\lib\rules\no-div-regex.js
other_api,node_modules\eslint\lib\rules\no-dupe-args.js
other_api,node_modules\eslint\lib\rules\no-dupe-class-members.js
other_api,node_modules\eslint\lib\rules\no-dupe-else-if.js
other_api,node_modules\eslint\lib\rules\no-dupe-keys.js
other_api,node_modules\eslint\lib\rules\no-duplicate-case.js
other_api,node_modules\eslint\lib\rules\no-duplicate-imports.js
other_api,node_modules\eslint\lib\rules\no-else-return.js
other_api,node_modules\eslint\lib\rules\no-empty-character-class.js
other_api,node_modules\eslint\lib\rules\no-empty-function.js
other_api,node_modules\eslint\lib\rules\no-empty-pattern.js
other_api,node_modules\eslint\lib\rules\no-empty-static-block.js
other_api,node_modules\eslint\lib\rules\no-empty.js
other_api,node_modules\eslint\lib\rules\no-eq-null.js
other_api,node_modules\eslint\lib\rules\no-eval.js
other_api,node_modules\eslint\lib\rules\no-ex-assign.js
other_api,node_modules\eslint\lib\rules\no-extend-native.js
other_api,node_modules\eslint\lib\rules\no-extra-bind.js
other_api,node_modules\eslint\lib\rules\no-extra-boolean-cast.js
other_api,node_modules\eslint\lib\rules\no-extra-label.js
other_api,node_modules\eslint\lib\rules\no-extra-parens.js
other_api,node_modules\eslint\lib\rules\no-extra-semi.js
other_api,node_modules\eslint\lib\rules\no-fallthrough.js
other_api,node_modules\eslint\lib\rules\no-floating-decimal.js
other_api,node_modules\eslint\lib\rules\no-func-assign.js
other_api,node_modules\eslint\lib\rules\no-global-assign.js
other_api,node_modules\eslint\lib\rules\no-implicit-coercion.js
other_api,node_modules\eslint\lib\rules\no-implicit-globals.js
other_api,node_modules\eslint\lib\rules\no-implied-eval.js
other_api,node_modules\eslint\lib\rules\no-import-assign.js
other_api,node_modules\eslint\lib\rules\no-inline-comments.js
other_api,node_modules\eslint\lib\rules\no-inner-declarations.js
other_api,node_modules\eslint\lib\rules\no-invalid-regexp.js
other_api,node_modules\eslint\lib\rules\no-invalid-this.js
other_api,node_modules\eslint\lib\rules\no-irregular-whitespace.js
other_api,node_modules\eslint\lib\rules\no-iterator.js
other_api,node_modules\eslint\lib\rules\no-label-var.js
other_api,node_modules\eslint\lib\rules\no-labels.js
other_api,node_modules\eslint\lib\rules\no-lone-blocks.js
other_api,node_modules\eslint\lib\rules\no-lonely-if.js
other_api,node_modules\eslint\lib\rules\no-loop-func.js
other_api,node_modules\eslint\lib\rules\no-loss-of-precision.js
other_api,node_modules\eslint\lib\rules\no-magic-numbers.js
other_api,node_modules\eslint\lib\rules\no-misleading-character-class.js
other_api,node_modules\eslint\lib\rules\no-mixed-operators.js
other_api,node_modules\eslint\lib\rules\no-mixed-requires.js
other_api,node_modules\eslint\lib\rules\no-mixed-spaces-and-tabs.js
other_api,node_modules\eslint\lib\rules\no-multi-assign.js
other_api,node_modules\eslint\lib\rules\no-multi-spaces.js
other_api,node_modules\eslint\lib\rules\no-multi-str.js
other_api,node_modules\eslint\lib\rules\no-multiple-empty-lines.js
other_api,node_modules\eslint\lib\rules\no-native-reassign.js
other_api,node_modules\eslint\lib\rules\no-negated-condition.js
other_api,node_modules\eslint\lib\rules\no-negated-in-lhs.js
other_api,node_modules\eslint\lib\rules\no-nested-ternary.js
other_api,node_modules\eslint\lib\rules\no-new-func.js
other_api,node_modules\eslint\lib\rules\no-new-native-nonconstructor.js
other_api,node_modules\eslint\lib\rules\no-new-object.js
other_api,node_modules\eslint\lib\rules\no-new-require.js
other_api,node_modules\eslint\lib\rules\no-new-symbol.js
other_api,node_modules\eslint\lib\rules\no-new-wrappers.js
other_api,node_modules\eslint\lib\rules\no-new.js
other_api,node_modules\eslint\lib\rules\no-nonoctal-decimal-escape.js
other_api,node_modules\eslint\lib\rules\no-obj-calls.js
other_api,node_modules\eslint\lib\rules\no-object-constructor.js
other_api,node_modules\eslint\lib\rules\no-octal-escape.js
other_api,node_modules\eslint\lib\rules\no-octal.js
other_api,node_modules\eslint\lib\rules\no-param-reassign.js
other_api,node_modules\eslint\lib\rules\no-path-concat.js
other_api,node_modules\eslint\lib\rules\no-plusplus.js
other_api,node_modules\eslint\lib\rules\no-process-env.js
other_api,node_modules\eslint\lib\rules\no-process-exit.js
other_api,node_modules\eslint\lib\rules\no-promise-executor-return.js
other_api,node_modules\eslint\lib\rules\no-proto.js
other_api,node_modules\eslint\lib\rules\no-prototype-builtins.js
other_api,node_modules\eslint\lib\rules\no-redeclare.js
other_api,node_modules\eslint\lib\rules\no-regex-spaces.js
other_api,node_modules\eslint\lib\rules\no-restricted-exports.js
other_api,node_modules\eslint\lib\rules\no-restricted-globals.js
other_api,node_modules\eslint\lib\rules\no-restricted-imports.js
other_api,node_modules\eslint\lib\rules\no-restricted-modules.js
other_api,node_modules\eslint\lib\rules\no-restricted-properties.js
other_api,node_modules\eslint\lib\rules\no-restricted-syntax.js
other_api,node_modules\eslint\lib\rules\no-return-assign.js
other_api,node_modules\eslint\lib\rules\no-return-await.js
other_api,node_modules\eslint\lib\rules\no-script-url.js
other_api,node_modules\eslint\lib\rules\no-self-assign.js
other_api,node_modules\eslint\lib\rules\no-self-compare.js
other_api,node_modules\eslint\lib\rules\no-sequences.js
other_api,node_modules\eslint\lib\rules\no-setter-return.js
other_api,node_modules\eslint\lib\rules\no-shadow-restricted-names.js
other_api,node_modules\eslint\lib\rules\no-shadow.js
other_api,node_modules\eslint\lib\rules\no-spaced-func.js
other_api,node_modules\eslint\lib\rules\no-sparse-arrays.js
other_api,node_modules\eslint\lib\rules\no-sync.js
other_api,node_modules\eslint\lib\rules\no-tabs.js
other_api,node_modules\eslint\lib\rules\no-template-curly-in-string.js
other_api,node_modules\eslint\lib\rules\no-ternary.js
other_api,node_modules\eslint\lib\rules\no-this-before-super.js
other_api,node_modules\eslint\lib\rules\no-throw-literal.js
other_api,node_modules\eslint\lib\rules\no-trailing-spaces.js
other_api,node_modules\eslint\lib\rules\no-unassigned-vars.js
other_api,node_modules\eslint\lib\rules\no-undef-init.js
other_api,node_modules\eslint\lib\rules\no-undef.js
other_api,node_modules\eslint\lib\rules\no-undefined.js
other_api,node_modules\eslint\lib\rules\no-underscore-dangle.js
other_api,node_modules\eslint\lib\rules\no-unexpected-multiline.js
other_api,node_modules\eslint\lib\rules\no-unmodified-loop-condition.js
other_api,node_modules\eslint\lib\rules\no-unneeded-ternary.js
other_api,node_modules\eslint\lib\rules\no-unreachable-loop.js
other_api,node_modules\eslint\lib\rules\no-unreachable.js
other_api,node_modules\eslint\lib\rules\no-unsafe-finally.js
other_api,node_modules\eslint\lib\rules\no-unsafe-negation.js
other_api,node_modules\eslint\lib\rules\no-unsafe-optional-chaining.js
other_api,node_modules\eslint\lib\rules\no-unused-expressions.js
other_api,node_modules\eslint\lib\rules\no-unused-labels.js
other_api,node_modules\eslint\lib\rules\no-unused-private-class-members.js
other_api,node_modules\eslint\lib\rules\no-unused-vars.js
other_api,node_modules\eslint\lib\rules\no-use-before-define.js
other_api,node_modules\eslint\lib\rules\no-useless-assignment.js
other_api,node_modules\eslint\lib\rules\no-useless-backreference.js
other_api,node_modules\eslint\lib\rules\no-useless-call.js
other_api,node_modules\eslint\lib\rules\no-useless-catch.js
other_api,node_modules\eslint\lib\rules\no-useless-computed-key.js
other_api,node_modules\eslint\lib\rules\no-useless-concat.js
other_api,node_modules\eslint\lib\rules\no-useless-constructor.js
other_api,node_modules\eslint\lib\rules\no-useless-escape.js
other_api,node_modules\eslint\lib\rules\no-useless-rename.js
other_api,node_modules\eslint\lib\rules\no-useless-return.js
other_api,node_modules\eslint\lib\rules\no-var.js
other_api,node_modules\eslint\lib\rules\no-void.js
other_api,node_modules\eslint\lib\rules\no-warning-comments.js
other_api,node_modules\eslint\lib\rules\no-whitespace-before-property.js
other_api,node_modules\eslint\lib\rules\no-with.js
other_api,node_modules\eslint\lib\rules\nonblock-statement-body-position.js
other_api,node_modules\eslint\lib\rules\object-curly-newline.js
other_api,node_modules\eslint\lib\rules\object-curly-spacing.js
other_api,node_modules\eslint\lib\rules\object-property-newline.js
other_api,node_modules\eslint\lib\rules\object-shorthand.js
other_api,node_modules\eslint\lib\rules\one-var-declaration-per-line.js
other_api,node_modules\eslint\lib\rules\one-var.js
other_api,node_modules\eslint\lib\rules\operator-assignment.js
other_api,node_modules\eslint\lib\rules\operator-linebreak.js
other_api,node_modules\eslint\lib\rules\padded-blocks.js
other_api,node_modules\eslint\lib\rules\padding-line-between-statements.js
other_api,node_modules\eslint\lib\rules\prefer-arrow-callback.js
other_api,node_modules\eslint\lib\rules\prefer-const.js
other_api,node_modules\eslint\lib\rules\prefer-destructuring.js
other_api,node_modules\eslint\lib\rules\prefer-exponentiation-operator.js
other_api,node_modules\eslint\lib\rules\prefer-named-capture-group.js
other_api,node_modules\eslint\lib\rules\prefer-numeric-literals.js
other_api,node_modules\eslint\lib\rules\prefer-object-has-own.js
other_api,node_modules\eslint\lib\rules\prefer-object-spread.js
other_api,node_modules\eslint\lib\rules\prefer-promise-reject-errors.js
other_api,node_modules\eslint\lib\rules\prefer-reflect.js
other_api,node_modules\eslint\lib\rules\prefer-regex-literals.js
other_api,node_modules\eslint\lib\rules\prefer-rest-params.js
other_api,node_modules\eslint\lib\rules\prefer-spread.js
other_api,node_modules\eslint\lib\rules\prefer-template.js
other_api,node_modules\eslint\lib\rules\preserve-caught-error.js
other_api,node_modules\eslint\lib\rules\quote-props.js
other_api,node_modules\eslint\lib\rules\quotes.js
other_api,node_modules\eslint\lib\rules\radix.js
other_api,node_modules\eslint\lib\rules\require-atomic-updates.js
other_api,node_modules\eslint\lib\rules\require-await.js
other_api,node_modules\eslint\lib\rules\require-unicode-regexp.js
other_api,node_modules\eslint\lib\rules\require-yield.js
other_api,node_modules\eslint\lib\rules\rest-spread-spacing.js
other_api,node_modules\eslint\lib\rules\semi-spacing.js
other_api,node_modules\eslint\lib\rules\semi-style.js
other_api,node_modules\eslint\lib\rules\semi.js
other_api,node_modules\eslint\lib\rules\sort-imports.js
other_api,node_modules\eslint\lib\rules\sort-keys.js
other_api,node_modules\eslint\lib\rules\sort-vars.js
other_api,node_modules\eslint\lib\rules\space-before-blocks.js
other_api,node_modules\eslint\lib\rules\space-before-function-paren.js
other_api,node_modules\eslint\lib\rules\space-in-parens.js
other_api,node_modules\eslint\lib\rules\space-infix-ops.js
other_api,node_modules\eslint\lib\rules\space-unary-ops.js
other_api,node_modules\eslint\lib\rules\spaced-comment.js
other_api,node_modules\eslint\lib\rules\strict.js
other_api,node_modules\eslint\lib\rules\switch-colon-spacing.js
other_api,node_modules\eslint\lib\rules\symbol-description.js
other_api,node_modules\eslint\lib\rules\template-curly-spacing.js
other_api,node_modules\eslint\lib\rules\template-tag-spacing.js
other_api,node_modules\eslint\lib\rules\unicode-bom.js
other_api,node_modules\eslint\lib\rules\use-isnan.js
other_api,node_modules\eslint\lib\rules\valid-typeof.js
other_api,node_modules\eslint\lib\rules\vars-on-top.js
other_api,node_modules\eslint\lib\rules\wrap-iife.js
other_api,node_modules\eslint\lib\rules\wrap-regex.js
other_api,node_modules\eslint\lib\rules\yield-star-spacing.js
other_api,node_modules\eslint\lib\rules\yoda.js
other_api,node_modules\eslint\lib\rules\utils\ast-utils.js
other_api,node_modules\eslint\lib\rules\utils\char-source.js
other_api,node_modules\eslint\lib\rules\utils\code-path-utils.js
other_api,node_modules\eslint\lib\rules\utils\fix-tracker.js
other_api,node_modules\eslint\lib\rules\utils\keywords.js
other_api,node_modules\eslint\lib\rules\utils\lazy-loading-rule-map.js
other_api,node_modules\eslint\lib\rules\utils\regular-expressions.js
other_api,node_modules\eslint\lib\rules\utils\unicode\index.js
other_api,node_modules\eslint\lib\rules\utils\unicode\is-combining-character.js
other_api,node_modules\eslint\lib\rules\utils\unicode\is-emoji-modifier.js
other_api,node_modules\eslint\lib\rules\utils\unicode\is-regional-indicator-symbol.js
other_api,node_modules\eslint\lib\rules\utils\unicode\is-surrogate-pair.js
other_api,node_modules\eslint\lib\shared\ajv.js
other_api,node_modules\eslint\lib\shared\assert.js
other_api,node_modules\eslint\lib\shared\ast-utils.js
other_api,node_modules\eslint\lib\shared\deep-merge-arrays.js
other_api,node_modules\eslint\lib\shared\directives.js
other_api,node_modules\eslint\lib\shared\flags.js
other_api,node_modules\eslint\lib\shared\logging.js
other_api,node_modules\eslint\lib\shared\message-counts.js
other_api,node_modules\eslint\lib\shared\naming.js
other_api,node_modules\eslint\lib\shared\option-utils.js
other_api,node_modules\eslint\lib\shared\relative-module-resolver.js
other_api,node_modules\eslint\lib\shared\runtime-info.js
other_api,node_modules\eslint\lib\shared\serialization.js
other_api,node_modules\eslint\lib\shared\severity.js
other_api,node_modules\eslint\lib\shared\stats.js
other_api,node_modules\eslint\lib\shared\string-utils.js
other_api,node_modules\eslint\lib\shared\text-table.js
other_api,node_modules\eslint\lib\shared\translate-cli-options.js
other_api,node_modules\eslint\lib\shared\traverser.js
other_api,node_modules\eslint\lib\types\index.d.ts
other_api,node_modules\eslint\lib\types\rules.d.ts
other_api,node_modules\eslint\lib\types\universal.d.ts
other_api,node_modules\eslint\lib\types\use-at-your-own-risk.d.ts
other_api,node_modules\eslint\messages\all-matched-files-ignored.js
other_api,node_modules\eslint\messages\config-file-missing.js
other_api,node_modules\eslint\messages\config-plugin-missing.js
other_api,node_modules\eslint\messages\config-serialize-function.js
other_api,node_modules\eslint\messages\eslintrc-incompat.js
other_api,node_modules\eslint\messages\eslintrc-plugins.js
other_api,node_modules\eslint\messages\extend-config-missing.js
other_api,node_modules\eslint\messages\failed-to-read-json.js
other_api,node_modules\eslint\messages\file-not-found.js
other_api,node_modules\eslint\messages\invalid-rule-options.js
other_api,node_modules\eslint\messages\invalid-rule-severity.js
other_api,node_modules\eslint\messages\no-config-found.js
other_api,node_modules\eslint\messages\plugin-conflict.js
other_api,node_modules\eslint\messages\plugin-invalid.js
other_api,node_modules\eslint\messages\plugin-missing.js
other_api,node_modules\eslint\messages\rule-unsupported-language.js
other_api,node_modules\eslint\messages\shared.js
other_api,node_modules\eslint\messages\whitespace-found.js
other_api,node_modules\eslint-plugin-react-hooks\index.d.ts
other_api,node_modules\eslint-plugin-react-hooks\index.js
other_api,node_modules\eslint-plugin-react-hooks\cjs\eslint-plugin-react-hooks.d.ts
other_api,node_modules\eslint-plugin-react-hooks\cjs\eslint-plugin-react-hooks.development.js
other_api,node_modules\eslint-plugin-react-hooks\cjs\eslint-plugin-react-hooks.production.js
other_api,node_modules\eslint-plugin-react-refresh\index.d.ts
other_api,node_modules\eslint-plugin-react-refresh\index.js
other_api,node_modules\eslint-scope\lib\assert.js
other_api,node_modules\eslint-scope\lib\definition.js
other_api,node_modules\eslint-scope\lib\index.d.ts
other_api,node_modules\eslint-scope\lib\index.js
other_api,node_modules\eslint-scope\lib\pattern-visitor.js
other_api,node_modules\eslint-scope\lib\reference.js
other_api,node_modules\eslint-scope\lib\referencer.js
other_api,node_modules\eslint-scope\lib\scope-manager.js
other_api,node_modules\eslint-scope\lib\scope.js
other_api,node_modules\eslint-scope\lib\variable.js
other_api,node_modules\eslint-visitor-keys\dist\index.d.ts
other_api,node_modules\eslint-visitor-keys\dist\visitor-keys.d.ts
other_api,node_modules\eslint-visitor-keys\lib\index.js
other_api,node_modules\eslint-visitor-keys\lib\visitor-keys.js
other_api,node_modules\espree\espree.js
other_api,node_modules\espree\dist\espree.d.ts
other_api,node_modules\espree\lib\espree.js
other_api,node_modules\espree\lib\options.js
other_api,node_modules\espree\lib\token-translator.js
other_api,node_modules\espree\lib\types.js
other_api,node_modules\esquery\parser.js
other_api,node_modules\esquery\dist\esquery.esm.js
other_api,node_modules\esquery\dist\esquery.esm.min.js
other_api,node_modules\esquery\dist\esquery.js
other_api,node_modules\esquery\dist\esquery.lite.js
other_api,node_modules\esquery\dist\esquery.lite.min.js
other_api,node_modules\esquery\dist\esquery.min.js
other_api,node_modules\esrecurse\esrecurse.js
other_api,node_modules\esrecurse\gulpfile.babel.js
other_api,node_modules\estraverse\estraverse.js
other_api,node_modules\estraverse\gulpfile.js
other_api,node_modules\estree-walker\src\async.js
other_api,node_modules\estree-walker\src\index.js
other_api,node_modules\estree-walker\src\sync.js
other_api,node_modules\estree-walker\src\walker.js
other_api,node_modules\estree-walker\types\async.d.ts
other_api,node_modules\estree-walker\types\index.d.ts
other_api,node_modules\estree-walker\types\sync.d.ts
other_api,node_modules\estree-walker\types\walker.d.ts
other_api,node_modules\esutils\lib\ast.js
other_api,node_modules\esutils\lib\code.js
other_api,node_modules\esutils\lib\keyword.js
other_api,node_modules\esutils\lib\utils.js
other_api,node_modules\expect-type\dist\branding.d.ts
other_api,node_modules\expect-type\dist\branding.js
other_api,node_modules\expect-type\dist\index.d.ts
other_api,node_modules\expect-type\dist\index.js
other_api,node_modules\expect-type\dist\messages.d.ts
other_api,node_modules\expect-type\dist\messages.js
other_api,node_modules\expect-type\dist\overloads.d.ts
other_api,node_modules\expect-type\dist\overloads.js
other_api,node_modules\expect-type\dist\utils.d.ts
other_api,node_modules\expect-type\dist\utils.js
other_api,node_modules\fast-deep-equal\index.d.ts
other_api,node_modules\fast-deep-equal\index.js
other_api,node_modules\fast-deep-equal\react.d.ts
other_api,node_modules\fast-deep-equal\react.js
other_api,node_modules\fast-deep-equal\es6\index.d.ts
other_api,node_modules\fast-deep-equal\es6\index.js
other_api,node_modules\fast-deep-equal\es6\react.d.ts
other_api,node_modules\fast-deep-equal\es6\react.js
other_api,node_modules\fast-json-stable-stringify\index.d.ts
other_api,node_modules\fast-json-stable-stringify\index.js
other_api,node_modules\fast-json-stable-stringify\benchmark\index.js
other_api,node_modules\fast-json-stable-stringify\example\key_cmp.js
other_api,node_modules\fast-json-stable-stringify\example\nested.js
other_api,node_modules\fast-json-stable-stringify\example\str.js
other_api,node_modules\fast-json-stable-stringify\example\value_cmp.js
other_api,node_modules\fast-json-stable-stringify\test\cmp.js
other_api,node_modules\fast-json-stable-stringify\test\nested.js
other_api,node_modules\fast-json-stable-stringify\test\str.js
other_api,node_modules\fast-json-stable-stringify\test\to-json.js
other_api,node_modules\fast-levenshtein\levenshtein.js
other_api,node_modules\fast-string-truncated-width\dist\index.d.ts
other_api,node_modules\fast-string-truncated-width\dist\index.js
other_api,node_modules\fast-string-truncated-width\dist\types.d.ts
other_api,node_modules\fast-string-truncated-width\dist\types.js
other_api,node_modules\fast-string-truncated-width\dist\utils.d.ts
other_api,node_modules\fast-string-truncated-width\dist\utils.js
other_api,node_modules\fast-string-width\dist\index.d.ts
other_api,node_modules\fast-string-width\dist\index.js
other_api,node_modules\fast-wrap-ansi\lib\main.d.ts
other_api,node_modules\fast-wrap-ansi\lib\main.js
other_api,node_modules\file-entry-cache\cache.js
other_api,node_modules\find-up\index.d.ts
other_api,node_modules\find-up\index.js
other_api,node_modules\flat-cache\src\cache.js
other_api,node_modules\flat-cache\src\del.js
other_api,node_modules\flat-cache\src\utils.js
other_api,node_modules\flatted\es.js
other_api,node_modules\flatted\esm.js
other_api,node_modules\flatted\index.js
other_api,node_modules\flatted\min.js
other_api,node_modules\flatted\cjs\index.js
other_api,node_modules\flatted\esm\index.js
other_api,node_modules\flatted\types\index.d.ts
other_api,node_modules\gensync\index.js
other_api,node_modules\gensync\test\index.test.js
other_api,node_modules\get-caller-file\index.d.ts
other_api,node_modules\get-caller-file\index.js
other_api,node_modules\glob-parent\index.js
other_api,node_modules\globals\index.d.ts
other_api,node_modules\globals\index.js
other_api,node_modules\graphql\graphql.d.ts
other_api,node_modules\graphql\graphql.js
other_api,node_modules\graphql\index.d.ts
other_api,node_modules\graphql\index.js
other_api,node_modules\graphql\NotSupportedTSVersion.d.ts
other_api,node_modules\graphql\version.d.ts
other_api,node_modules\graphql\version.js
other_api,node_modules\graphql\error\GraphQLError.d.ts
other_api,node_modules\graphql\error\GraphQLError.js
other_api,node_modules\graphql\error\index.d.ts
other_api,node_modules\graphql\error\index.js
other_api,node_modules\graphql\error\locatedError.d.ts
other_api,node_modules\graphql\error\locatedError.js
other_api,node_modules\graphql\error\syntaxError.d.ts
other_api,node_modules\graphql\error\syntaxError.js
other_api,node_modules\graphql\execution\collectFields.d.ts
other_api,node_modules\graphql\execution\collectFields.js
other_api,node_modules\graphql\execution\execute.d.ts
other_api,node_modules\graphql\execution\execute.js
other_api,node_modules\graphql\execution\index.d.ts
other_api,node_modules\graphql\execution\index.js
other_api,node_modules\graphql\execution\mapAsyncIterator.d.ts
other_api,node_modules\graphql\execution\mapAsyncIterator.js
other_api,node_modules\graphql\execution\subscribe.d.ts
other_api,node_modules\graphql\execution\subscribe.js
other_api,node_modules\graphql\execution\values.d.ts
other_api,node_modules\graphql\execution\values.js
other_api,node_modules\graphql\jsutils\devAssert.d.ts
other_api,node_modules\graphql\jsutils\devAssert.js
other_api,node_modules\graphql\jsutils\didYouMean.d.ts
other_api,node_modules\graphql\jsutils\didYouMean.js
other_api,node_modules\graphql\jsutils\groupBy.d.ts
other_api,node_modules\graphql\jsutils\groupBy.js
other_api,node_modules\graphql\jsutils\identityFunc.d.ts
other_api,node_modules\graphql\jsutils\identityFunc.js
other_api,node_modules\graphql\jsutils\inspect.d.ts
other_api,node_modules\graphql\jsutils\inspect.js
other_api,node_modules\graphql\jsutils\instanceOf.d.ts
other_api,node_modules\graphql\jsutils\instanceOf.js
other_api,node_modules\graphql\jsutils\invariant.d.ts
other_api,node_modules\graphql\jsutils\invariant.js
other_api,node_modules\graphql\jsutils\isAsyncIterable.d.ts
other_api,node_modules\graphql\jsutils\isAsyncIterable.js
other_api,node_modules\graphql\jsutils\isIterableObject.d.ts
other_api,node_modules\graphql\jsutils\isIterableObject.js
other_api,node_modules\graphql\jsutils\isObjectLike.d.ts
other_api,node_modules\graphql\jsutils\isObjectLike.js
other_api,node_modules\graphql\jsutils\isPromise.d.ts
other_api,node_modules\graphql\jsutils\isPromise.js
other_api,node_modules\graphql\jsutils\keyMap.d.ts
other_api,node_modules\graphql\jsutils\keyMap.js
other_api,node_modules\graphql\jsutils\keyValMap.d.ts
other_api,node_modules\graphql\jsutils\keyValMap.js
other_api,node_modules\graphql\jsutils\mapValue.d.ts
other_api,node_modules\graphql\jsutils\mapValue.js
other_api,node_modules\graphql\jsutils\Maybe.d.ts
other_api,node_modules\graphql\jsutils\Maybe.js
other_api,node_modules\graphql\jsutils\memoize3.d.ts
other_api,node_modules\graphql\jsutils\memoize3.js
other_api,node_modules\graphql\jsutils\naturalCompare.d.ts
other_api,node_modules\graphql\jsutils\naturalCompare.js
other_api,node_modules\graphql\jsutils\ObjMap.d.ts
other_api,node_modules\graphql\jsutils\ObjMap.js
other_api,node_modules\graphql\jsutils\Path.d.ts
other_api,node_modules\graphql\jsutils\Path.js
other_api,node_modules\graphql\jsutils\printPathArray.d.ts
other_api,node_modules\graphql\jsutils\printPathArray.js
other_api,node_modules\graphql\jsutils\promiseForObject.d.ts
other_api,node_modules\graphql\jsutils\promiseForObject.js
other_api,node_modules\graphql\jsutils\PromiseOrValue.d.ts
other_api,node_modules\graphql\jsutils\PromiseOrValue.js
other_api,node_modules\graphql\jsutils\promiseReduce.d.ts
other_api,node_modules\graphql\jsutils\promiseReduce.js
other_api,node_modules\graphql\jsutils\suggestionList.d.ts
other_api,node_modules\graphql\jsutils\suggestionList.js
other_api,node_modules\graphql\jsutils\toError.d.ts
other_api,node_modules\graphql\jsutils\toError.js
other_api,node_modules\graphql\jsutils\toObjMap.d.ts
other_api,node_modules\graphql\jsutils\toObjMap.js
other_api,node_modules\graphql\language\ast.d.ts
other_api,node_modules\graphql\language\ast.js
other_api,node_modules\graphql\language\blockString.d.ts
other_api,node_modules\graphql\language\blockString.js
other_api,node_modules\graphql\language\characterClasses.d.ts
other_api,node_modules\graphql\language\characterClasses.js
other_api,node_modules\graphql\language\directiveLocation.d.ts
other_api,node_modules\graphql\language\directiveLocation.js
other_api,node_modules\graphql\language\index.d.ts
other_api,node_modules\graphql\language\index.js
other_api,node_modules\graphql\language\kinds.d.ts
other_api,node_modules\graphql\language\kinds.js
other_api,node_modules\graphql\language\lexer.d.ts
other_api,node_modules\graphql\language\lexer.js
other_api,node_modules\graphql\language\location.d.ts
other_api,node_modules\graphql\language\location.js
other_api,node_modules\graphql\language\parser.d.ts
other_api,node_modules\graphql\language\parser.js
other_api,node_modules\graphql\language\predicates.d.ts
other_api,node_modules\graphql\language\predicates.js
other_api,node_modules\graphql\language\printer.d.ts
other_api,node_modules\graphql\language\printer.js
other_api,node_modules\graphql\language\printLocation.d.ts
other_api,node_modules\graphql\language\printLocation.js
other_api,node_modules\graphql\language\printString.d.ts
other_api,node_modules\graphql\language\printString.js
other_api,node_modules\graphql\language\schemaCoordinateLexer.d.ts
other_api,node_modules\graphql\language\schemaCoordinateLexer.js
other_api,node_modules\graphql\language\source.d.ts
other_api,node_modules\graphql\language\source.js
other_api,node_modules\graphql\language\tokenKind.d.ts
other_api,node_modules\graphql\language\tokenKind.js
other_api,node_modules\graphql\language\visitor.d.ts
other_api,node_modules\graphql\language\visitor.js
other_api,node_modules\graphql\subscription\index.d.ts
other_api,node_modules\graphql\subscription\index.js
other_api,node_modules\graphql\type\assertName.d.ts
other_api,node_modules\graphql\type\assertName.js
other_api,node_modules\graphql\type\definition.d.ts
other_api,node_modules\graphql\type\definition.js
other_api,node_modules\graphql\type\directives.d.ts
other_api,node_modules\graphql\type\directives.js
other_api,node_modules\graphql\type\index.d.ts
other_api,node_modules\graphql\type\index.js
other_api,node_modules\graphql\type\introspection.d.ts
other_api,node_modules\graphql\type\introspection.js
other_api,node_modules\graphql\type\scalars.d.ts
other_api,node_modules\graphql\type\scalars.js
other_api,node_modules\graphql\type\schema.d.ts
other_api,node_modules\graphql\type\schema.js
other_api,node_modules\graphql\type\validate.d.ts
other_api,node_modules\graphql\type\validate.js
other_api,node_modules\graphql\utilities\assertValidName.d.ts
other_api,node_modules\graphql\utilities\assertValidName.js
other_api,node_modules\graphql\utilities\astFromValue.d.ts
other_api,node_modules\graphql\utilities\astFromValue.js
other_api,node_modules\graphql\utilities\buildASTSchema.d.ts
other_api,node_modules\graphql\utilities\buildASTSchema.js
other_api,node_modules\graphql\utilities\buildClientSchema.d.ts
other_api,node_modules\graphql\utilities\buildClientSchema.js
other_api,node_modules\graphql\utilities\coerceInputValue.d.ts
other_api,node_modules\graphql\utilities\coerceInputValue.js
other_api,node_modules\graphql\utilities\concatAST.d.ts
other_api,node_modules\graphql\utilities\concatAST.js
other_api,node_modules\graphql\utilities\extendSchema.d.ts
other_api,node_modules\graphql\utilities\extendSchema.js
other_api,node_modules\graphql\utilities\findBreakingChanges.d.ts
other_api,node_modules\graphql\utilities\findBreakingChanges.js
other_api,node_modules\graphql\utilities\getIntrospectionQuery.d.ts
other_api,node_modules\graphql\utilities\getIntrospectionQuery.js
other_api,node_modules\graphql\utilities\getOperationAST.d.ts
other_api,node_modules\graphql\utilities\getOperationAST.js
other_api,node_modules\graphql\utilities\getOperationRootType.d.ts
other_api,node_modules\graphql\utilities\getOperationRootType.js
other_api,node_modules\graphql\utilities\index.d.ts
other_api,node_modules\graphql\utilities\index.js
other_api,node_modules\graphql\utilities\introspectionFromSchema.d.ts
other_api,node_modules\graphql\utilities\introspectionFromSchema.js
other_api,node_modules\graphql\utilities\lexicographicSortSchema.d.ts
other_api,node_modules\graphql\utilities\lexicographicSortSchema.js
other_api,node_modules\graphql\utilities\printSchema.d.ts
other_api,node_modules\graphql\utilities\printSchema.js
other_api,node_modules\graphql\utilities\resolveSchemaCoordinate.d.ts
other_api,node_modules\graphql\utilities\resolveSchemaCoordinate.js
other_api,node_modules\graphql\utilities\separateOperations.d.ts
other_api,node_modules\graphql\utilities\separateOperations.js
other_api,node_modules\graphql\utilities\sortValueNode.d.ts
other_api,node_modules\graphql\utilities\sortValueNode.js
other_api,node_modules\graphql\utilities\stripIgnoredCharacters.d.ts
other_api,node_modules\graphql\utilities\stripIgnoredCharacters.js
other_api,node_modules\graphql\utilities\typeComparators.d.ts
other_api,node_modules\graphql\utilities\typeComparators.js
other_api,node_modules\graphql\utilities\typedQueryDocumentNode.d.ts
other_api,node_modules\graphql\utilities\typedQueryDocumentNode.js
other_api,node_modules\graphql\utilities\typeFromAST.d.ts
other_api,node_modules\graphql\utilities\typeFromAST.js
other_api,node_modules\graphql\utilities\TypeInfo.d.ts
other_api,node_modules\graphql\utilities\TypeInfo.js
other_api,node_modules\graphql\utilities\valueFromAST.d.ts
other_api,node_modules\graphql\utilities\valueFromAST.js
other_api,node_modules\graphql\utilities\valueFromASTUntyped.d.ts
other_api,node_modules\graphql\utilities\valueFromASTUntyped.js
other_api,node_modules\graphql\validation\index.d.ts
other_api,node_modules\graphql\validation\index.js
other_api,node_modules\graphql\validation\specifiedRules.d.ts
other_api,node_modules\graphql\validation\specifiedRules.js
other_api,node_modules\graphql\validation\validate.d.ts
other_api,node_modules\graphql\validation\validate.js
other_api,node_modules\graphql\validation\ValidationContext.d.ts
other_api,node_modules\graphql\validation\ValidationContext.js
other_api,node_modules\graphql\validation\rules\ExecutableDefinitionsRule.d.ts
other_api,node_modules\graphql\validation\rules\ExecutableDefinitionsRule.js
other_api,node_modules\graphql\validation\rules\FieldsOnCorrectTypeRule.d.ts
other_api,node_modules\graphql\validation\rules\FieldsOnCorrectTypeRule.js
other_api,node_modules\graphql\validation\rules\FragmentsOnCompositeTypesRule.d.ts
other_api,node_modules\graphql\validation\rules\FragmentsOnCompositeTypesRule.js
other_api,node_modules\graphql\validation\rules\KnownArgumentNamesRule.d.ts
other_api,node_modules\graphql\validation\rules\KnownArgumentNamesRule.js
other_api,node_modules\graphql\validation\rules\KnownDirectivesRule.d.ts
other_api,node_modules\graphql\validation\rules\KnownDirectivesRule.js
other_api,node_modules\graphql\validation\rules\KnownFragmentNamesRule.d.ts
other_api,node_modules\graphql\validation\rules\KnownFragmentNamesRule.js
other_api,node_modules\graphql\validation\rules\KnownTypeNamesRule.d.ts
other_api,node_modules\graphql\validation\rules\KnownTypeNamesRule.js
other_api,node_modules\graphql\validation\rules\LoneAnonymousOperationRule.d.ts
other_api,node_modules\graphql\validation\rules\LoneAnonymousOperationRule.js
other_api,node_modules\graphql\validation\rules\LoneSchemaDefinitionRule.d.ts
other_api,node_modules\graphql\validation\rules\LoneSchemaDefinitionRule.js
other_api,node_modules\graphql\validation\rules\MaxIntrospectionDepthRule.d.ts
other_api,node_modules\graphql\validation\rules\MaxIntrospectionDepthRule.js
other_api,node_modules\graphql\validation\rules\NoFragmentCyclesRule.d.ts
other_api,node_modules\graphql\validation\rules\NoFragmentCyclesRule.js
other_api,node_modules\graphql\validation\rules\NoUndefinedVariablesRule.d.ts
other_api,node_modules\graphql\validation\rules\NoUndefinedVariablesRule.js
other_api,node_modules\graphql\validation\rules\NoUnusedFragmentsRule.d.ts
other_api,node_modules\graphql\validation\rules\NoUnusedFragmentsRule.js
other_api,node_modules\graphql\validation\rules\NoUnusedVariablesRule.d.ts
other_api,node_modules\graphql\validation\rules\NoUnusedVariablesRule.js
other_api,node_modules\graphql\validation\rules\OverlappingFieldsCanBeMergedRule.d.ts
other_api,node_modules\graphql\validation\rules\OverlappingFieldsCanBeMergedRule.js
other_api,node_modules\graphql\validation\rules\PossibleFragmentSpreadsRule.d.ts
other_api,node_modules\graphql\validation\rules\PossibleFragmentSpreadsRule.js
other_api,node_modules\graphql\validation\rules\PossibleTypeExtensionsRule.d.ts
other_api,node_modules\graphql\validation\rules\PossibleTypeExtensionsRule.js
other_api,node_modules\graphql\validation\rules\ProvidedRequiredArgumentsRule.d.ts
other_api,node_modules\graphql\validation\rules\ProvidedRequiredArgumentsRule.js
other_api,node_modules\graphql\validation\rules\ScalarLeafsRule.d.ts
other_api,node_modules\graphql\validation\rules\ScalarLeafsRule.js
other_api,node_modules\graphql\validation\rules\SingleFieldSubscriptionsRule.d.ts
other_api,node_modules\graphql\validation\rules\SingleFieldSubscriptionsRule.js
other_api,node_modules\graphql\validation\rules\UniqueArgumentDefinitionNamesRule.d.ts
other_api,node_modules\graphql\validation\rules\UniqueArgumentDefinitionNamesRule.js
other_api,node_modules\graphql\validation\rules\UniqueArgumentNamesRule.d.ts
other_api,node_modules\graphql\validation\rules\UniqueArgumentNamesRule.js
other_api,node_modules\graphql\validation\rules\UniqueDirectiveNamesRule.d.ts
other_api,node_modules\graphql\validation\rules\UniqueDirectiveNamesRule.js
other_api,node_modules\graphql\validation\rules\UniqueDirectivesPerLocationRule.d.ts
other_api,node_modules\graphql\validation\rules\UniqueDirectivesPerLocationRule.js
other_api,node_modules\graphql\validation\rules\UniqueEnumValueNamesRule.d.ts
other_api,node_modules\graphql\validation\rules\UniqueEnumValueNamesRule.js
other_api,node_modules\graphql\validation\rules\UniqueFieldDefinitionNamesRule.d.ts
other_api,node_modules\graphql\validation\rules\UniqueFieldDefinitionNamesRule.js
other_api,node_modules\graphql\validation\rules\UniqueFragmentNamesRule.d.ts
other_api,node_modules\graphql\validation\rules\UniqueFragmentNamesRule.js
other_api,node_modules\graphql\validation\rules\UniqueInputFieldNamesRule.d.ts
other_api,node_modules\graphql\validation\rules\UniqueInputFieldNamesRule.js
other_api,node_modules\graphql\validation\rules\UniqueOperationNamesRule.d.ts
other_api,node_modules\graphql\validation\rules\UniqueOperationNamesRule.js
other_api,node_modules\graphql\validation\rules\UniqueOperationTypesRule.d.ts
other_api,node_modules\graphql\validation\rules\UniqueOperationTypesRule.js
other_api,node_modules\graphql\validation\rules\UniqueTypeNamesRule.d.ts
other_api,node_modules\graphql\validation\rules\UniqueTypeNamesRule.js
other_api,node_modules\graphql\validation\rules\UniqueVariableNamesRule.d.ts
other_api,node_modules\graphql\validation\rules\UniqueVariableNamesRule.js
other_api,node_modules\graphql\validation\rules\ValuesOfCorrectTypeRule.d.ts
other_api,node_modules\graphql\validation\rules\ValuesOfCorrectTypeRule.js
other_api,node_modules\graphql\validation\rules\VariablesAreInputTypesRule.d.ts
other_api,node_modules\graphql\validation\rules\VariablesAreInputTypesRule.js
other_api,node_modules\graphql\validation\rules\VariablesInAllowedPositionRule.d.ts
other_api,node_modules\graphql\validation\rules\VariablesInAllowedPositionRule.js
other_api,node_modules\graphql\validation\rules\custom\NoDeprecatedCustomRule.d.ts
other_api,node_modules\graphql\validation\rules\custom\NoDeprecatedCustomRule.js
other_api,node_modules\graphql\validation\rules\custom\NoSchemaIntrospectionCustomRule.d.ts
other_api,node_modules\graphql\validation\rules\custom\NoSchemaIntrospectionCustomRule.js
other_api,node_modules\headers-polyfill\node_modules\set-cookie-parser\lib\set-cookie.d.ts
other_api,node_modules\headers-polyfill\node_modules\set-cookie-parser\lib\set-cookie.js
other_api,node_modules\headers-polyfill\src\getRawHeaders.test.ts
other_api,node_modules\headers-polyfill\src\getRawHeaders.ts
other_api,node_modules\headers-polyfill\src\glossary.ts
other_api,node_modules\headers-polyfill\src\Headers.test.ts
other_api,node_modules\headers-polyfill\src\Headers.ts
other_api,node_modules\headers-polyfill\src\index.ts
other_api,node_modules\headers-polyfill\src\transformers\appendHeader.test.ts
other_api,node_modules\headers-polyfill\src\transformers\appendHeader.ts
other_api,node_modules\headers-polyfill\src\transformers\flattenHeadersList.test.ts
other_api,node_modules\headers-polyfill\src\transformers\flattenHeadersList.ts
other_api,node_modules\headers-polyfill\src\transformers\flattenHeadersObject.test.ts
other_api,node_modules\headers-polyfill\src\transformers\flattenHeadersObject.ts
other_api,node_modules\headers-polyfill\src\transformers\headersToList.node.test.ts
other_api,node_modules\headers-polyfill\src\transformers\headersToList.test.ts
other_api,node_modules\headers-polyfill\src\transformers\headersToList.ts
other_api,node_modules\headers-polyfill\src\transformers\headersToObject.node.test.ts
other_api,node_modules\headers-polyfill\src\transformers\headersToObject.test.ts
other_api,node_modules\headers-polyfill\src\transformers\headersToObject.ts
other_api,node_modules\headers-polyfill\src\transformers\headersToString.test.ts
other_api,node_modules\headers-polyfill\src\transformers\headersToString.ts
other_api,node_modules\headers-polyfill\src\transformers\listToHeaders.test.ts
other_api,node_modules\headers-polyfill\src\transformers\listToHeaders.ts
other_api,node_modules\headers-polyfill\src\transformers\objectToHeaders.test.ts
other_api,node_modules\headers-polyfill\src\transformers\objectToHeaders.ts
other_api,node_modules\headers-polyfill\src\transformers\reduceHeadersObject.test.ts
other_api,node_modules\headers-polyfill\src\transformers\reduceHeadersObject.ts
other_api,node_modules\headers-polyfill\src\transformers\stringToHeaders.test.ts
other_api,node_modules\headers-polyfill\src\transformers\stringToHeaders.ts
other_api,node_modules\headers-polyfill\src\utils\isValidHeaderName.ts
other_api,node_modules\headers-polyfill\src\utils\isValidHeaderValue.ts
other_api,node_modules\headers-polyfill\src\utils\normalizeHeaderName.ts
other_api,node_modules\headers-polyfill\src\utils\normalizeHeaderValue.ts
other_api,node_modules\hermes-estree\dist\index.js
other_api,node_modules\hermes-estree\dist\predicates.js
other_api,node_modules\hermes-estree\dist\selectors.js
other_api,node_modules\hermes-estree\dist\types.js
other_api,node_modules\hermes-estree\dist\generated\predicates.js
other_api,node_modules\hermes-parser\dist\getModuleDocblock.js
other_api,node_modules\hermes-parser\dist\HermesASTAdapter.js
other_api,node_modules\hermes-parser\dist\HermesParser.js
other_api,node_modules\hermes-parser\dist\HermesParserDecodeUTF8String.js
other_api,node_modules\hermes-parser\dist\HermesParserDeserializer.js
other_api,node_modules\hermes-parser\dist\HermesParserNodeDeserializers.js
other_api,node_modules\hermes-parser\dist\HermesParserWASM.js
other_api,node_modules\hermes-parser\dist\HermesToESTreeAdapter.js
other_api,node_modules\hermes-parser\dist\index.js
other_api,node_modules\hermes-parser\dist\ParserOptions.js
other_api,node_modules\hermes-parser\dist\babel\TransformESTreeToBabel.js
other_api,node_modules\hermes-parser\dist\estree\StripFlowTypes.js
other_api,node_modules\hermes-parser\dist\estree\StripFlowTypesForBabel.js
other_api,node_modules\hermes-parser\dist\generated\ESTreeVisitorKeys.js
other_api,node_modules\hermes-parser\dist\generated\ParserVisitorKeys.js
other_api,node_modules\hermes-parser\dist\transform\astArrayMutationHelpers.js
other_api,node_modules\hermes-parser\dist\transform\astNodeMutationHelpers.js
other_api,node_modules\hermes-parser\dist\transform\SimpleTransform.js
other_api,node_modules\hermes-parser\dist\traverse\getVisitorKeys.js
other_api,node_modules\hermes-parser\dist\traverse\SimpleTraverser.js
other_api,node_modules\hermes-parser\dist\utils\createSyntaxError.js
other_api,node_modules\hermes-parser\dist\utils\mutateESTreeASTForPrettier.js
other_api,node_modules\html-encoding-sniffer\lib\html-encoding-sniffer.js
other_api,node_modules\http-proxy-agent\dist\index.d.ts
other_api,node_modules\http-proxy-agent\dist\index.js
other_api,node_modules\https-proxy-agent\dist\index.d.ts
other_api,node_modules\https-proxy-agent\dist\index.js
other_api,node_modules\https-proxy-agent\dist\parse-proxy-response.d.ts
other_api,node_modules\https-proxy-agent\dist\parse-proxy-response.js
other_api,node_modules\iconv-lite\encodings\dbcs-codec.js
other_api,node_modules\iconv-lite\encodings\dbcs-data.js
other_api,node_modules\iconv-lite\encodings\index.js
other_api,node_modules\iconv-lite\encodings\internal.js
other_api,node_modules\iconv-lite\encodings\sbcs-codec.js
other_api,node_modules\iconv-lite\encodings\sbcs-data-generated.js
other_api,node_modules\iconv-lite\encodings\sbcs-data.js
other_api,node_modules\iconv-lite\encodings\utf16.js
other_api,node_modules\iconv-lite\encodings\utf32.js
other_api,node_modules\iconv-lite\encodings\utf7.js
other_api,node_modules\iconv-lite\lib\bom-handling.js
other_api,node_modules\iconv-lite\lib\index.d.ts
other_api,node_modules\iconv-lite\lib\index.js
other_api,node_modules\iconv-lite\lib\streams.js
other_api,node_modules\ignore\index.d.ts
other_api,node_modules\ignore\index.js
other_api,node_modules\ignore\legacy.js
other_api,node_modules\imurmurhash\imurmurhash.js
other_api,node_modules\imurmurhash\imurmurhash.min.js
other_api,node_modules\indent-string\index.d.ts
other_api,node_modules\indent-string\index.js
other_api,node_modules\is-extglob\index.js
other_api,node_modules\is-fullwidth-code-point\index.d.ts
other_api,node_modules\is-fullwidth-code-point\index.js
other_api,node_modules\is-glob\index.js
other_api,node_modules\is-node-process\lib\index.d.ts
other_api,node_modules\is-node-process\lib\index.js
other_api,node_modules\is-potential-custom-element-name\index.js
other_api,node_modules\isexe\index.js
other_api,node_modules\isexe\mode.js
other_api,node_modules\isexe\windows.js
other_api,node_modules\isexe\test\basic.js
other_api,node_modules\js-tokens\index.js
other_api,node_modules\jsdom\lib\jsdom\named-properties-tracker.js
other_api,node_modules\jsdom\lib\jsdom\utils.js
other_api,node_modules\jsdom\lib\jsdom\virtual-console.js
other_api,node_modules\jsdom\lib\jsdom\browser\default-stylesheet.js
other_api,node_modules\jsdom\lib\jsdom\browser\not-implemented.js
other_api,node_modules\jsdom\lib\jsdom\browser\Window.js
other_api,node_modules\jsdom\lib\jsdom\browser\parser\html.js
other_api,node_modules\jsdom\lib\jsdom\browser\parser\index.js
other_api,node_modules\jsdom\lib\jsdom\browser\parser\xml.js
other_api,node_modules\jsdom\lib\jsdom\browser\resources\async-resource-queue.js
other_api,node_modules\jsdom\lib\jsdom\browser\resources\no-op-resource-loader.js
other_api,node_modules\jsdom\lib\jsdom\browser\resources\per-document-resource-loader.js
other_api,node_modules\jsdom\lib\jsdom\browser\resources\request-manager.js
other_api,node_modules\jsdom\lib\jsdom\browser\resources\resource-loader.js
other_api,node_modules\jsdom\lib\jsdom\browser\resources\resource-queue.js
other_api,node_modules\jsdom\lib\jsdom\level2\style.js
other_api,node_modules\jsdom\lib\jsdom\level3\xpath.js
other_api,node_modules\jsdom\lib\jsdom\living\attributes.js
other_api,node_modules\jsdom\lib\jsdom\living\documents.js
other_api,node_modules\jsdom\lib\jsdom\living\interfaces.js
other_api,node_modules\jsdom\lib\jsdom\living\named-properties-window.js
other_api,node_modules\jsdom\lib\jsdom\living\node-document-position.js
other_api,node_modules\jsdom\lib\jsdom\living\node-type.js
other_api,node_modules\jsdom\lib\jsdom\living\node.js
other_api,node_modules\jsdom\lib\jsdom\living\aborting\AbortController-impl.js
other_api,node_modules\jsdom\lib\jsdom\living\aborting\AbortSignal-impl.js
other_api,node_modules\jsdom\lib\jsdom\living\attributes\Attr-impl.js
other_api,node_modules\jsdom\lib\jsdom\living\attributes\NamedNodeMap-impl.js
other_api,node_modules\jsdom\lib\jsdom\living\constraint-validation\DefaultConstraintValidation-impl.js
other_api,node_modules\jsdom\lib\jsdom\living\constraint-validation\ValidityState-impl.js
other_api,node_modules\jsdom\lib\jsdom\living\crypto\Crypto-impl.js
other_api,node_modules\jsdom\lib\jsdom\living\cssom\StyleSheetList-impl.js
other_api,node_modules\jsdom\lib\jsdom\living\custom-elements\CustomElementRegistry-impl.js
other_api,node_modules\jsdom\lib\jsdom\living\custom-elements\ElementInternals-impl.js
other_api,node_modules\jsdom\lib\jsdom\living\domparsing\DOMParser-impl.js
other_api,node_modules\jsdom\lib\jsdom\living\domparsing\InnerHTML-impl.js
other_api,node_modules\jsdom\lib\jsdom\living\domparsing\parse5-adapter-serialization.js
other_api,node_modules\jsdom\lib\jsdom\living\domparsing\serialization.js
other_api,node_modules\jsdom\lib\jsdom\living\domparsing\XMLSerializer-impl.js
other_api,node_modules\jsdom\lib\jsdom\living\events\CloseEvent-impl.js
other_api,node_modules\jsdom\lib\jsdom\living\events\CompositionEvent-impl.js
other_api,node_modules\jsdom\lib\jsdom\living\events\CustomEvent-impl.js
other_api,node_modules\jsdom\lib\jsdom\living\events\ErrorEvent-impl.js
other_api,node_modules\jsdom\lib\jsdom\living\events\Event-impl.js
other_api,node_modules\jsdom\lib\jsdom\living\events\EventModifierMixin-impl.js
other_api,node_modules\jsdom\lib\jsdom\living\events\EventTarget-impl.js
other_api,node_modules\jsdom\lib\jsdom\living\events\FocusEvent-impl.js
other_api,node_modules\jsdom\lib\jsdom\living\events\HashChangeEvent-impl.js
other_api,node_modules\jsdom\lib\jsdom\living\events\InputEvent-impl.js
other_api,node_modules\jsdom\lib\jsdom\living\events\KeyboardEvent-impl.js
other_api,node_modules\jsdom\lib\jsdom\living\events\MessageEvent-impl.js
other_api,node_modules\jsdom\lib\jsdom\living\events\MouseEvent-impl.js
other_api,node_modules\jsdom\lib\jsdom\living\events\PopStateEvent-impl.js
other_api,node_modules\jsdom\lib\jsdom\living\events\ProgressEvent-impl.js
other_api,node_modules\jsdom\lib\jsdom\living\events\StorageEvent-impl.js
other_api,node_modules\jsdom\lib\jsdom\living\events\SubmitEvent-impl.js
other_api,node_modules\jsdom\lib\jsdom\living\events\TouchEvent-impl.js
other_api,node_modules\jsdom\lib\jsdom\living\events\UIEvent-impl.js
other_api,node_modules\jsdom\lib\jsdom\living\events\WheelEvent-impl.js
other_api,node_modules\jsdom\lib\jsdom\living\fetch\header-list.js
other_api,node_modules\jsdom\lib\jsdom\living\fetch\header-types.js
other_api,node_modules\jsdom\lib\jsdom\living\fetch\Headers-impl.js
other_api,node_modules\jsdom\lib\jsdom\living\file-api\Blob-impl.js
other_api,node_modules\jsdom\lib\jsdom\living\file-api\File-impl.js
other_api,node_modules\jsdom\lib\jsdom\living\file-api\FileList-impl.js
other_api,node_modules\jsdom\lib\jsdom\living\file-api\FileReader-impl.js
other_api,node_modules\jsdom\lib\jsdom\living\generated\AbortController.js
other_api,node_modules\jsdom\lib\jsdom\living\generated\AbortSignal.js
other_api,node_modules\jsdom\lib\jsdom\living\generated\AbstractRange.js
other_api,node_modules\jsdom\lib\jsdom\living\generated\AddEventListenerOptions.js
other_api,node_modules\jsdom\lib\jsdom\living\generated\AssignedNodesOptions.js
other_api,node_modules\jsdom\lib\jsdom\living\generated\Attr.js
other_api,node_modules\jsdom\lib\jsdom\living\generated\BarProp.js
other_api,node_modules\jsdom\lib\jsdom\living\generated\BinaryType.js
other_api,node_modules\jsdom\lib\jsdom\living\generated\Blob.js
other_api,node_modules\jsdom\lib\jsdom\living\generated\BlobCallback.js
other_api,node_modules\jsdom\lib\jsdom\living\generated\BlobPropertyBag.js
other_api,node_modules\jsdom\lib\jsdom\living\generated\CanPlayTypeResult.js
other_api,node_modules\jsdom\lib\jsdom\living\generated\CDATASection.js
other_api,node_modules\jsdom\lib\jsdom\living\generated\CharacterData.js
other_api,node_modules\jsdom\lib\jsdom\living\generated\CloseEvent.js
other_api,node_modules\jsdom\lib\jsdom\living\generated\CloseEventInit.js
other_api,node_modules\jsdom\lib\jsdom\living\generated\Comment.js
other_api,node_modules\jsdom\lib\jsdom\living\generated\CompositionEvent.js
other_api,node_modules\jsdom\lib\jsdom\living\generated\CompositionEventInit.js
other_api,node_modules\jsdom\lib\jsdom\living\generated\Crypto.js
other_api,node_modules\jsdom\lib\jsdom\living\generated\CustomElementConstructor.js
other_api,node_modules\jsdom\lib\jsdom\living\generated\CustomElementRegistry.js
other_api,node_modules\jsdom\lib\jsdom\living\generated\CustomEvent.js
other_api,node_modules\jsdom\lib\jsdom\living\generated\CustomEventInit.js
other_api,node_modules\jsdom\lib\jsdom\living\generated\Document.js
other_api,node_modules\jsdom\lib\jsdom\living\generated\DocumentFragment.js
other_api,node_modules\jsdom\lib\jsdom\living\generated\DocumentReadyState.js
other_api,node_modules\jsdom\lib\jsdom\living\generated\DocumentType.js
other_api,node_modules\jsdom\lib\jsdom\living\generated\DOMException.js
other_api,node_modules\jsdom\lib\jsdom\living\generated\DOMImplementation.js
other_api,node_modules\jsdom\lib\jsdom\living\generated\DOMParser.js
other_api,node_modules\jsdom\lib\jsdom\living\generated\DOMRect.js
other_api,node_modules\jsdom\lib\jsdom\living\generated\DOMRectInit.js
other_api,node_modules\jsdom\lib\jsdom\living\generated\DOMRectReadOnly.js
other_api,node_modules\jsdom\lib\jsdom\living\generated\DOMStringMap.js
other_api,node_modules\jsdom\lib\jsdom\living\generated\DOMTokenList.js
other_api,node_modules\jsdom\lib\jsdom\living\generated\Element.js
other_api,node_modules\jsdom\lib\jsdom\living\generated\ElementCreationOptions.js
other_api,node_modules\jsdom\lib\jsdom\living\generated\ElementDefinitionOptions.js
other_api,node_modules\jsdom\lib\jsdom\living\generated\ElementInternals.js
other_api,node_modules\jsdom\lib\jsdom\living\generated\EndingType.js
other_api,node_modules\jsdom\lib\jsdom\living\generated\ErrorEvent.js
other_api,node_modules\jsdom\lib\jsdom\living\generated\ErrorEventInit.js
other_api,node_modules\jsdom\lib\jsdom\living\generated\Event.js
other_api,node_modules\jsdom\lib\jsdom\living\generated\EventHandlerNonNull.js
other_api,node_modules\jsdom\lib\jsdom\living\generated\EventInit.js
other_api,node_modules\jsdom\lib\jsdom\living\generated\EventListener.js
other_api,node_modules\jsdom\lib\jsdom\living\generated\EventListenerOptions.js
other_api,node_modules\jsdom\lib\jsdom\living\generated\EventModifierInit.js
other_api,node_modules\jsdom\lib\jsdom\living\generated\EventTarget.js
other_api,node_modules\jsdom\lib\jsdom\living\generated\External.js
other_api,node_modules\jsdom\lib\jsdom\living\generated\File.js
other_api,node_modules\jsdom\lib\jsdom\living\generated\FileList.js
other_api,node_modules\jsdom\lib\jsdom\living\generated\FilePropertyBag.js
other_api,node_modules\jsdom\lib\jsdom\living\generated\FileReader.js
other_api,node_modules\jsdom\lib\jsdom\living\generated\FocusEvent.js
other_api,node_modules\jsdom\lib\jsdom\living\generated\FocusEventInit.js
other_api,node_modules\jsdom\lib\jsdom\living\generated\FormData.js
other_api,node_modules\jsdom\lib\jsdom\living\generated\Function.js
other_api,node_modules\jsdom\lib\jsdom\living\generated\GetRootNodeOptions.js
other_api,node_modules\jsdom\lib\jsdom\living\generated\HashChangeEvent.js
other_api,node_modules\jsdom\lib\jsdom\living\generated\HashChangeEventInit.js
other_api,node_modules\jsdom\lib\jsdom\living\generated\Headers.js
other_api,node_modules\jsdom\lib\jsdom\living\generated\History.js
other_api,node_modules\jsdom\lib\jsdom\living\generated\HTMLAnchorElement.js
other_api,node_modules\jsdom\lib\jsdom\living\generated\HTMLAreaElement.js
other_api,node_modules\jsdom\lib\jsdom\living\generated\HTMLAudioElement.js
other_api,node_modules\jsdom\lib\jsdom\living\generated\HTMLBaseElement.js
other_api,node_modules\jsdom\lib\jsdom\living\generated\HTMLBodyElement.js
other_api,node_modules\jsdom\lib\jsdom\living\generated\HTMLBRElement.js
other_api,node_modules\jsdom\lib\jsdom\living\generated\HTMLButtonElement.js
other_api,node_modules\jsdom\lib\jsdom\living\generated\HTMLCanvasElement.js
other_api,node_modules\jsdom\lib\jsdom\living\generated\HTMLCollection.js
other_api,node_modules\jsdom\lib\jsdom\living\generated\HTMLDataElement.js
other_api,node_modules\jsdom\lib\jsdom\living\generated\HTMLDataListElement.js
other_api,node_modules\jsdom\lib\jsdom\living\generated\HTMLDetailsElement.js
other_api,node_modules\jsdom\lib\jsdom\living\generated\HTMLDialogElement.js
other_api,node_modules\jsdom\lib\jsdom\living\generated\HTMLDirectoryElement.js
other_api,node_modules\jsdom\lib\jsdom\living\generated\HTMLDivElement.js
other_api,node_modules\jsdom\lib\jsdom\living\generated\HTMLDListElement.js
other_api,node_modules\jsdom\lib\jsdom\living\generated\HTMLElement.js
other_api,node_modules\jsdom\lib\jsdom\living\generated\HTMLEmbedElement.js
other_api,node_modules\jsdom\lib\jsdom\living\generated\HTMLFieldSetElement.js
other_api,node_modules\jsdom\lib\jsdom\living\generated\HTMLFontElement.js
other_api,node_modules\jsdom\lib\jsdom\living\generated\HTMLFormControlsCollection.js
other_api,node_modules\jsdom\lib\jsdom\living\generated\HTMLFormElement.js
other_api,node_modules\jsdom\lib\jsdom\living\generated\HTMLFrameElement.js
other_api,node_modules\jsdom\lib\jsdom\living\generated\HTMLFrameSetElement.js
other_api,node_modules\jsdom\lib\jsdom\living\generated\HTMLHeadElement.js
other_api,node_modules\jsdom\lib\jsdom\living\generated\HTMLHeadingElement.js
other_api,node_modules\jsdom\lib\jsdom\living\generated\HTMLHRElement.js
other_api,node_modules\jsdom\lib\jsdom\living\generated\HTMLHtmlElement.js
other_api,node_modules\jsdom\lib\jsdom\living\generated\HTMLIFrameElement.js
other_api,node_modules\jsdom\lib\jsdom\living\generated\HTMLImageElement.js
other_api,node_modules\jsdom\lib\jsdom\living\generated\HTMLInputElement.js
other_api,node_modules\jsdom\lib\jsdom\living\generated\HTMLLabelElement.js
other_api,node_modules\jsdom\lib\jsdom\living\generated\HTMLLegendElement.js
other_api,node_modules\jsdom\lib\jsdom\living\generated\HTMLLIElement.js
other_api,node_modules\jsdom\lib\jsdom\living\generated\HTMLLinkElement.js
other_api,node_modules\jsdom\lib\jsdom\living\generated\HTMLMapElement.js
other_api,node_modules\jsdom\lib\jsdom\living\generated\HTMLMarqueeElement.js
other_api,node_modules\jsdom\lib\jsdom\living\generated\HTMLMediaElement.js
other_api,node_modules\jsdom\lib\jsdom\living\generated\HTMLMenuElement.js
other_api,node_modules\jsdom\lib\jsdom\living\generated\HTMLMetaElement.js
other_api,node_modules\jsdom\lib\jsdom\living\generated\HTMLMeterElement.js
other_api,node_modules\jsdom\lib\jsdom\living\generated\HTMLModElement.js
other_api,node_modules\jsdom\lib\jsdom\living\generated\HTMLObjectElement.js
other_api,node_modules\jsdom\lib\jsdom\living\generated\HTMLOListElement.js
other_api,node_modules\jsdom\lib\jsdom\living\generated\HTMLOptGroupElement.js
other_api,node_modules\jsdom\lib\jsdom\living\generated\HTMLOptionElement.js
other_api,node_modules\jsdom\lib\jsdom\living\generated\HTMLOptionsCollection.js
other_api,node_modules\jsdom\lib\jsdom\living\generated\HTMLOutputElement.js
other_api,node_modules\jsdom\lib\jsdom\living\generated\HTMLParagraphElement.js
other_api,node_modules\jsdom\lib\jsdom\living\generated\HTMLParamElement.js
other_api,node_modules\jsdom\lib\jsdom\living\generated\HTMLPictureElement.js
other_api,node_modules\jsdom\lib\jsdom\living\generated\HTMLPreElement.js
other_api,node_modules\jsdom\lib\jsdom\living\generated\HTMLProgressElement.js
other_api,node_modules\jsdom\lib\jsdom\living\generated\HTMLQuoteElement.js
other_api,node_modules\jsdom\lib\jsdom\living\generated\HTMLScriptElement.js
other_api,node_modules\jsdom\lib\jsdom\living\generated\HTMLSelectElement.js
other_api,node_modules\jsdom\lib\jsdom\living\generated\HTMLSlotElement.js
other_api,node_modules\jsdom\lib\jsdom\living\generated\HTMLSourceElement.js
other_api,node_modules\jsdom\lib\jsdom\living\generated\HTMLSpanElement.js
other_api,node_modules\jsdom\lib\jsdom\living\generated\HTMLStyleElement.js
other_api,node_modules\jsdom\lib\jsdom\living\generated\HTMLTableCaptionElement.js
other_api,node_modules\jsdom\lib\jsdom\living\generated\HTMLTableCellElement.js
other_api,node_modules\jsdom\lib\jsdom\living\generated\HTMLTableColElement.js
other_api,node_modules\jsdom\lib\jsdom\living\generated\HTMLTableElement.js
other_api,node_modules\jsdom\lib\jsdom\living\generated\HTMLTableRowElement.js
other_api,node_modules\jsdom\lib\jsdom\living\generated\HTMLTableSectionElement.js
other_api,node_modules\jsdom\lib\jsdom\living\generated\HTMLTemplateElement.js
other_api,node_modules\jsdom\lib\jsdom\living\generated\HTMLTextAreaElement.js
other_api,node_modules\jsdom\lib\jsdom\living\generated\HTMLTimeElement.js
other_api,node_modules\jsdom\lib\jsdom\living\generated\HTMLTitleElement.js
other_api,node_modules\jsdom\lib\jsdom\living\generated\HTMLTrackElement.js
other_api,node_modules\jsdom\lib\jsdom\living\generated\HTMLUListElement.js
other_api,node_modules\jsdom\lib\jsdom\living\generated\HTMLUnknownElement.js
other_api,node_modules\jsdom\lib\jsdom\living\generated\HTMLVideoElement.js
other_api,node_modules\jsdom\lib\jsdom\living\generated\InputEvent.js
other_api,node_modules\jsdom\lib\jsdom\living\generated\InputEventInit.js
other_api,node_modules\jsdom\lib\jsdom\living\generated\KeyboardEvent.js
other_api,node_modules\jsdom\lib\jsdom\living\generated\KeyboardEventInit.js
other_api,node_modules\jsdom\lib\jsdom\living\generated\Location.js
other_api,node_modules\jsdom\lib\jsdom\living\generated\MessageEvent.js
other_api,node_modules\jsdom\lib\jsdom\living\generated\MessageEventInit.js
other_api,node_modules\jsdom\lib\jsdom\living\generated\MimeType.js
other_api,node_modules\jsdom\lib\jsdom\living\generated\MimeTypeArray.js
other_api,node_modules\jsdom\lib\jsdom\living\generated\MouseEvent.js
other_api,node_modules\jsdom\lib\jsdom\living\generated\MouseEventInit.js
other_api,node_modules\jsdom\lib\jsdom\living\generated\MutationCallback.js
other_api,node_modules\jsdom\lib\jsdom\living\generated\MutationObserver.js
other_api,node_modules\jsdom\lib\jsdom\living\generated\MutationObserverInit.js
other_api,node_modules\jsdom\lib\jsdom\living\generated\MutationRecord.js
other_api,node_modules\jsdom\lib\jsdom\living\generated\NamedNodeMap.js
other_api,node_modules\jsdom\lib\jsdom\living\generated\Navigator.js
other_api,node_modules\jsdom\lib\jsdom\living\generated\Node.js
other_api,node_modules\jsdom\lib\jsdom\living\generated\NodeFilter.js
other_api,node_modules\jsdom\lib\jsdom\living\generated\NodeIterator.js
other_api,node_modules\jsdom\lib\jsdom\living\generated\NodeList.js
other_api,node_modules\jsdom\lib\jsdom\living\generated\OnBeforeUnloadEventHandlerNonNull.js
other_api,node_modules\jsdom\lib\jsdom\living\generated\OnErrorEventHandlerNonNull.js
other_api,node_modules\jsdom\lib\jsdom\living\generated\Performance.js
other_api,node_modules\jsdom\lib\jsdom\living\generated\Plugin.js
other_api,node_modules\jsdom\lib\jsdom\living\generated\PluginArray.js
other_api,node_modules\jsdom\lib\jsdom\living\generated\PopStateEvent.js
other_api,node_modules\jsdom\lib\jsdom\living\generated\PopStateEventInit.js
other_api,node_modules\jsdom\lib\jsdom\living\generated\ProcessingInstruction.js
other_api,node_modules\jsdom\lib\jsdom\living\generated\ProgressEvent.js
other_api,node_modules\jsdom\lib\jsdom\living\generated\ProgressEventInit.js
other_api,node_modules\jsdom\lib\jsdom\living\generated\RadioNodeList.js
other_api,node_modules\jsdom\lib\jsdom\living\generated\Range.js
other_api,node_modules\jsdom\lib\jsdom\living\generated\Screen.js
other_api,node_modules\jsdom\lib\jsdom\living\generated\ScrollBehavior.js
other_api,node_modules\jsdom\lib\jsdom\living\generated\ScrollIntoViewOptions.js
other_api,node_modules\jsdom\lib\jsdom\living\generated\ScrollLogicalPosition.js
other_api,node_modules\jsdom\lib\jsdom\living\generated\ScrollOptions.js
other_api,node_modules\jsdom\lib\jsdom\living\generated\ScrollRestoration.js
other_api,node_modules\jsdom\lib\jsdom\living\generated\Selection.js
other_api,node_modules\jsdom\lib\jsdom\living\generated\SelectionMode.js
other_api,node_modules\jsdom\lib\jsdom\living\generated\ShadowRoot.js
other_api,node_modules\jsdom\lib\jsdom\living\generated\ShadowRootInit.js
other_api,node_modules\jsdom\lib\jsdom\living\generated\ShadowRootMode.js
other_api,node_modules\jsdom\lib\jsdom\living\generated\StaticRange.js
other_api,node_modules\jsdom\lib\jsdom\living\generated\StaticRangeInit.js
other_api,node_modules\jsdom\lib\jsdom\living\generated\Storage.js
other_api,node_modules\jsdom\lib\jsdom\living\generated\StorageEvent.js
other_api,node_modules\jsdom\lib\jsdom\living\generated\StorageEventInit.js
other_api,node_modules\jsdom\lib\jsdom\living\generated\StyleSheetList.js
other_api,node_modules\jsdom\lib\jsdom\living\generated\SubmitEvent.js
other_api,node_modules\jsdom\lib\jsdom\living\generated\SubmitEventInit.js
other_api,node_modules\jsdom\lib\jsdom\living\generated\SupportedType.js
other_api,node_modules\jsdom\lib\jsdom\living\generated\SVGAnimatedPreserveAspectRatio.js
other_api,node_modules\jsdom\lib\jsdom\living\generated\SVGAnimatedRect.js
other_api,node_modules\jsdom\lib\jsdom\living\generated\SVGAnimatedString.js
other_api,node_modules\jsdom\lib\jsdom\living\generated\SVGBoundingBoxOptions.js
other_api,node_modules\jsdom\lib\jsdom\living\generated\SVGDefsElement.js
other_api,node_modules\jsdom\lib\jsdom\living\generated\SVGDescElement.js
other_api,node_modules\jsdom\lib\jsdom\living\generated\SVGElement.js
other_api,node_modules\jsdom\lib\jsdom\living\generated\SVGGElement.js
other_api,node_modules\jsdom\lib\jsdom\living\generated\SVGGraphicsElement.js
other_api,node_modules\jsdom\lib\jsdom\living\generated\SVGMetadataElement.js
other_api,node_modules\jsdom\lib\jsdom\living\generated\SVGNumber.js
other_api,node_modules\jsdom\lib\jsdom\living\generated\SVGPreserveAspectRatio.js
other_api,node_modules\jsdom\lib\jsdom\living\generated\SVGRect.js
other_api,node_modules\jsdom\lib\jsdom\living\generated\SVGStringList.js
other_api,node_modules\jsdom\lib\jsdom\living\generated\SVGSVGElement.js
other_api,node_modules\jsdom\lib\jsdom\living\generated\SVGSwitchElement.js
other_api,node_modules\jsdom\lib\jsdom\living\generated\SVGSymbolElement.js
other_api,node_modules\jsdom\lib\jsdom\living\generated\SVGTitleElement.js
other_api,node_modules\jsdom\lib\jsdom\living\generated\Text.js
other_api,node_modules\jsdom\lib\jsdom\living\generated\TextTrackKind.js
other_api,node_modules\jsdom\lib\jsdom\living\generated\TouchEvent.js
other_api,node_modules\jsdom\lib\jsdom\living\generated\TouchEventInit.js
other_api,node_modules\jsdom\lib\jsdom\living\generated\TreeWalker.js
other_api,node_modules\jsdom\lib\jsdom\living\generated\UIEvent.js
other_api,node_modules\jsdom\lib\jsdom\living\generated\UIEventInit.js
other_api,node_modules\jsdom\lib\jsdom\living\generated\utils.js
other_api,node_modules\jsdom\lib\jsdom\living\generated\ValidityState.js
other_api,node_modules\jsdom\lib\jsdom\living\generated\VisibilityState.js
other_api,node_modules\jsdom\lib\jsdom\living\generated\VoidFunction.js
other_api,node_modules\jsdom\lib\jsdom\living\generated\WebSocket.js
other_api,node_modules\jsdom\lib\jsdom\living\generated\WheelEvent.js
other_api,node_modules\jsdom\lib\jsdom\living\generated\WheelEventInit.js
other_api,node_modules\jsdom\lib\jsdom\living\generated\XMLDocument.js
other_api,node_modules\jsdom\lib\jsdom\living\generated\XMLHttpRequest.js
other_api,node_modules\jsdom\lib\jsdom\living\generated\XMLHttpRequestEventTarget.js
other_api,node_modules\jsdom\lib\jsdom\living\generated\XMLHttpRequestResponseType.js
other_api,node_modules\jsdom\lib\jsdom\living\generated\XMLHttpRequestUpload.js
other_api,node_modules\jsdom\lib\jsdom\living\generated\XMLSerializer.js
other_api,node_modules\jsdom\lib\jsdom\living\geometry\DOMRect-impl.js
other_api,node_modules\jsdom\lib\jsdom\living\geometry\DOMRectReadOnly-impl.js
other_api,node_modules\jsdom\lib\jsdom\living\helpers\agent-factory.js
other_api,node_modules\jsdom\lib\jsdom\living\helpers\binary-data.js
other_api,node_modules\jsdom\lib\jsdom\living\helpers\colors.js
other_api,node_modules\jsdom\lib\jsdom\living\helpers\create-element.js
other_api,node_modules\jsdom\lib\jsdom\living\helpers\create-event-accessor.js
other_api,node_modules\jsdom\lib\jsdom\living\helpers\custom-elements.js
other_api,node_modules\jsdom\lib\jsdom\living\helpers\dates-and-times.js
other_api,node_modules\jsdom\lib\jsdom\living\helpers\details.js
other_api,node_modules\jsdom\lib\jsdom\living\helpers\events.js
other_api,node_modules\jsdom\lib\jsdom\living\helpers\focusing.js
other_api,node_modules\jsdom\lib\jsdom\living\helpers\form-controls.js
other_api,node_modules\jsdom\lib\jsdom\living\helpers\html-constructor.js
other_api,node_modules\jsdom\lib\jsdom\living\helpers\http-request.js
other_api,node_modules\jsdom\lib\jsdom\living\helpers\internal-constants.js
other_api,node_modules\jsdom\lib\jsdom\living\helpers\iterable-weak-set.js
other_api,node_modules\jsdom\lib\jsdom\living\helpers\json.js
other_api,node_modules\jsdom\lib\jsdom\living\helpers\mutation-observers.js
other_api,node_modules\jsdom\lib\jsdom\living\helpers\namespaces.js
other_api,node_modules\jsdom\lib\jsdom\living\helpers\node.js
other_api,node_modules\jsdom\lib\jsdom\living\helpers\number-and-date-inputs.js
other_api,node_modules\jsdom\lib\jsdom\living\helpers\ordered-set.js
other_api,node_modules\jsdom\lib\jsdom\living\helpers\runtime-script-errors.js
other_api,node_modules\jsdom\lib\jsdom\living\helpers\selectors.js
other_api,node_modules\jsdom\lib\jsdom\living\helpers\shadow-dom.js
other_api,node_modules\jsdom\lib\jsdom\living\helpers\strings.js
other_api,node_modules\jsdom\lib\jsdom\living\helpers\style-rules.js
other_api,node_modules\jsdom\lib\jsdom\living\helpers\stylesheets.js
other_api,node_modules\jsdom\lib\jsdom\living\helpers\text.js
other_api,node_modules\jsdom\lib\jsdom\living\helpers\traversal.js
other_api,node_modules\jsdom\lib\jsdom\living\helpers\validate-names.js
other_api,node_modules\jsdom\lib\jsdom\living\helpers\svg\basic-types.js
other_api,node_modules\jsdom\lib\jsdom\living\helpers\svg\render.js
other_api,node_modules\jsdom\lib\jsdom\living\hr-time\Performance-impl.js
other_api,node_modules\jsdom\lib\jsdom\living\mutation-observer\MutationObserver-impl.js
other_api,node_modules\jsdom\lib\jsdom\living\mutation-observer\MutationRecord-impl.js
other_api,node_modules\jsdom\lib\jsdom\living\navigator\MimeType-impl.js
other_api,node_modules\jsdom\lib\jsdom\living\navigator\MimeTypeArray-impl.js
other_api,node_modules\jsdom\lib\jsdom\living\navigator\Navigator-impl.js
other_api,node_modules\jsdom\lib\jsdom\living\navigator\NavigatorConcurrentHardware-impl.js
other_api,node_modules\jsdom\lib\jsdom\living\navigator\NavigatorCookies-impl.js
other_api,node_modules\jsdom\lib\jsdom\living\navigator\NavigatorID-impl.js
other_api,node_modules\jsdom\lib\jsdom\living\navigator\NavigatorLanguage-impl.js
other_api,node_modules\jsdom\lib\jsdom\living\navigator\NavigatorOnLine-impl.js
other_api,node_modules\jsdom\lib\jsdom\living\navigator\NavigatorPlugins-impl.js
other_api,node_modules\jsdom\lib\jsdom\living\navigator\Plugin-impl.js
other_api,node_modules\jsdom\lib\jsdom\living\navigator\PluginArray-impl.js
other_api,node_modules\jsdom\lib\jsdom\living\nodes\CDATASection-impl.js
other_api,node_modules\jsdom\lib\jsdom\living\nodes\CharacterData-impl.js
other_api,node_modules\jsdom\lib\jsdom\living\nodes\ChildNode-impl.js
other_api,node_modules\jsdom\lib\jsdom\living\nodes\Comment-impl.js
other_api,node_modules\jsdom\lib\jsdom\living\nodes\Document-impl.js
other_api,node_modules\jsdom\lib\jsdom\living\nodes\DocumentFragment-impl.js
other_api,node_modules\jsdom\lib\jsdom\living\nodes\DocumentOrShadowRoot-impl.js
other_api,node_modules\jsdom\lib\jsdom\living\nodes\DocumentType-impl.js
other_api,node_modules\jsdom\lib\jsdom\living\nodes\DOMImplementation-impl.js
other_api,node_modules\jsdom\lib\jsdom\living\nodes\DOMStringMap-impl.js
other_api,node_modules\jsdom\lib\jsdom\living\nodes\DOMTokenList-impl.js
other_api,node_modules\jsdom\lib\jsdom\living\nodes\Element-impl.js
other_api,node_modules\jsdom\lib\jsdom\living\nodes\ElementContentEditable-impl.js
other_api,node_modules\jsdom\lib\jsdom\living\nodes\ElementCSSInlineStyle-impl.js
other_api,node_modules\jsdom\lib\jsdom\living\nodes\GlobalEventHandlers-impl.js
other_api,node_modules\jsdom\lib\jsdom\living\nodes\HTMLAnchorElement-impl.js
other_api,node_modules\jsdom\lib\jsdom\living\nodes\HTMLAreaElement-impl.js
other_api,node_modules\jsdom\lib\jsdom\living\nodes\HTMLAudioElement-impl.js
other_api,node_modules\jsdom\lib\jsdom\living\nodes\HTMLBaseElement-impl.js
other_api,node_modules\jsdom\lib\jsdom\living\nodes\HTMLBodyElement-impl.js
other_api,node_modules\jsdom\lib\jsdom\living\nodes\HTMLBRElement-impl.js
other_api,node_modules\jsdom\lib\jsdom\living\nodes\HTMLButtonElement-impl.js
other_api,node_modules\jsdom\lib\jsdom\living\nodes\HTMLCanvasElement-impl.js
other_api,node_modules\jsdom\lib\jsdom\living\nodes\HTMLCollection-impl.js
other_api,node_modules\jsdom\lib\jsdom\living\nodes\HTMLDataElement-impl.js
other_api,node_modules\jsdom\lib\jsdom\living\nodes\HTMLDataListElement-impl.js
other_api,node_modules\jsdom\lib\jsdom\living\nodes\HTMLDetailsElement-impl.js
other_api,node_modules\jsdom\lib\jsdom\living\nodes\HTMLDialogElement-impl.js
other_api,node_modules\jsdom\lib\jsdom\living\nodes\HTMLDirectoryElement-impl.js
other_api,node_modules\jsdom\lib\jsdom\living\nodes\HTMLDivElement-impl.js
other_api,node_modules\jsdom\lib\jsdom\living\nodes\HTMLDListElement-impl.js
other_api,node_modules\jsdom\lib\jsdom\living\nodes\HTMLElement-impl.js
other_api,node_modules\jsdom\lib\jsdom\living\nodes\HTMLEmbedElement-impl.js
other_api,node_modules\jsdom\lib\jsdom\living\nodes\HTMLFieldSetElement-impl.js
other_api,node_modules\jsdom\lib\jsdom\living\nodes\HTMLFontElement-impl.js
other_api,node_modules\jsdom\lib\jsdom\living\nodes\HTMLFormControlsCollection-impl.js
other_api,node_modules\jsdom\lib\jsdom\living\nodes\HTMLFormElement-impl.js
other_api,node_modules\jsdom\lib\jsdom\living\nodes\HTMLFrameElement-impl.js
other_api,node_modules\jsdom\lib\jsdom\living\nodes\HTMLFrameSetElement-impl.js
other_api,node_modules\jsdom\lib\jsdom\living\nodes\HTMLHeadElement-impl.js
other_api,node_modules\jsdom\lib\jsdom\living\nodes\HTMLHeadingElement-impl.js
other_api,node_modules\jsdom\lib\jsdom\living\nodes\HTMLHRElement-impl.js
other_api,node_modules\jsdom\lib\jsdom\living\nodes\HTMLHtmlElement-impl.js
other_api,node_modules\jsdom\lib\jsdom\living\nodes\HTMLHyperlinkElementUtils-impl.js
other_api,node_modules\jsdom\lib\jsdom\living\nodes\HTMLIFrameElement-impl.js
other_api,node_modules\jsdom\lib\jsdom\living\nodes\HTMLImageElement-impl.js
other_api,node_modules\jsdom\lib\jsdom\living\nodes\HTMLInputElement-impl.js
other_api,node_modules\jsdom\lib\jsdom\living\nodes\HTMLLabelElement-impl.js
other_api,node_modules\jsdom\lib\jsdom\living\nodes\HTMLLegendElement-impl.js
other_api,node_modules\jsdom\lib\jsdom\living\nodes\HTMLLIElement-impl.js
other_api,node_modules\jsdom\lib\jsdom\living\nodes\HTMLLinkElement-impl.js
other_api,node_modules\jsdom\lib\jsdom\living\nodes\HTMLMapElement-impl.js
other_api,node_modules\jsdom\lib\jsdom\living\nodes\HTMLMarqueeElement-impl.js
other_api,node_modules\jsdom\lib\jsdom\living\nodes\HTMLMediaElement-impl.js
other_api,node_modules\jsdom\lib\jsdom\living\nodes\HTMLMenuElement-impl.js
other_api,node_modules\jsdom\lib\jsdom\living\nodes\HTMLMetaElement-impl.js
other_api,node_modules\jsdom\lib\jsdom\living\nodes\HTMLMeterElement-impl.js
other_api,node_modules\jsdom\lib\jsdom\living\nodes\HTMLModElement-impl.js
other_api,node_modules\jsdom\lib\jsdom\living\nodes\HTMLObjectElement-impl.js
other_api,node_modules\jsdom\lib\jsdom\living\nodes\HTMLOListElement-impl.js
other_api,node_modules\jsdom\lib\jsdom\living\nodes\HTMLOptGroupElement-impl.js
other_api,node_modules\jsdom\lib\jsdom\living\nodes\HTMLOptionElement-impl.js
other_api,node_modules\jsdom\lib\jsdom\living\nodes\HTMLOptionsCollection-impl.js
other_api,node_modules\jsdom\lib\jsdom\living\nodes\HTMLOrSVGElement-impl.js
other_api,node_modules\jsdom\lib\jsdom\living\nodes\HTMLOutputElement-impl.js
other_api,node_modules\jsdom\lib\jsdom\living\nodes\HTMLParagraphElement-impl.js
other_api,node_modules\jsdom\lib\jsdom\living\nodes\HTMLParamElement-impl.js
other_api,node_modules\jsdom\lib\jsdom\living\nodes\HTMLPictureElement-impl.js
other_api,node_modules\jsdom\lib\jsdom\living\nodes\HTMLPreElement-impl.js
other_api,node_modules\jsdom\lib\jsdom\living\nodes\HTMLProgressElement-impl.js
other_api,node_modules\jsdom\lib\jsdom\living\nodes\HTMLQuoteElement-impl.js
other_api,node_modules\jsdom\lib\jsdom\living\nodes\HTMLScriptElement-impl.js
other_api,node_modules\jsdom\lib\jsdom\living\nodes\HTMLSelectElement-impl.js
other_api,node_modules\jsdom\lib\jsdom\living\nodes\HTMLSlotElement-impl.js
other_api,node_modules\jsdom\lib\jsdom\living\nodes\HTMLSourceElement-impl.js
other_api,node_modules\jsdom\lib\jsdom\living\nodes\HTMLSpanElement-impl.js
other_api,node_modules\jsdom\lib\jsdom\living\nodes\HTMLStyleElement-impl.js
other_api,node_modules\jsdom\lib\jsdom\living\nodes\HTMLTableCaptionElement-impl.js
other_api,node_modules\jsdom\lib\jsdom\living\nodes\HTMLTableCellElement-impl.js
other_api,node_modules\jsdom\lib\jsdom\living\nodes\HTMLTableColElement-impl.js
other_api,node_modules\jsdom\lib\jsdom\living\nodes\HTMLTableElement-impl.js
other_api,node_modules\jsdom\lib\jsdom\living\nodes\HTMLTableRowElement-impl.js
other_api,node_modules\jsdom\lib\jsdom\living\nodes\HTMLTableSectionElement-impl.js
other_api,node_modules\jsdom\lib\jsdom\living\nodes\HTMLTemplateElement-impl.js
other_api,node_modules\jsdom\lib\jsdom\living\nodes\HTMLTextAreaElement-impl.js
other_api,node_modules\jsdom\lib\jsdom\living\nodes\HTMLTimeElement-impl.js
other_api,node_modules\jsdom\lib\jsdom\living\nodes\HTMLTitleElement-impl.js
other_api,node_modules\jsdom\lib\jsdom\living\nodes\HTMLTrackElement-impl.js
other_api,node_modules\jsdom\lib\jsdom\living\nodes\HTMLUListElement-impl.js
other_api,node_modules\jsdom\lib\jsdom\living\nodes\HTMLUnknownElement-impl.js
other_api,node_modules\jsdom\lib\jsdom\living\nodes\HTMLVideoElement-impl.js
other_api,node_modules\jsdom\lib\jsdom\living\nodes\LinkStyle-impl.js
other_api,node_modules\jsdom\lib\jsdom\living\nodes\Node-impl.js
other_api,node_modules\jsdom\lib\jsdom\living\nodes\NodeList-impl.js
other_api,node_modules\jsdom\lib\jsdom\living\nodes\NonDocumentTypeChildNode-impl.js
other_api,node_modules\jsdom\lib\jsdom\living\nodes\NonElementParentNode-impl.js
other_api,node_modules\jsdom\lib\jsdom\living\nodes\ParentNode-impl.js
other_api,node_modules\jsdom\lib\jsdom\living\nodes\ProcessingInstruction-impl.js
other_api,node_modules\jsdom\lib\jsdom\living\nodes\RadioNodeList-impl.js
other_api,node_modules\jsdom\lib\jsdom\living\nodes\ShadowRoot-impl.js
other_api,node_modules\jsdom\lib\jsdom\living\nodes\Slotable-impl.js
other_api,node_modules\jsdom\lib\jsdom\living\nodes\SVGDefsElement-impl.js
other_api,node_modules\jsdom\lib\jsdom\living\nodes\SVGDescElement-impl.js
other_api,node_modules\jsdom\lib\jsdom\living\nodes\SVGElement-impl.js
other_api,node_modules\jsdom\lib\jsdom\living\nodes\SVGGElement-impl.js
other_api,node_modules\jsdom\lib\jsdom\living\nodes\SVGGraphicsElement-impl.js
other_api,node_modules\jsdom\lib\jsdom\living\nodes\SVGMetadataElement-impl.js
other_api,node_modules\jsdom\lib\jsdom\living\nodes\SVGSVGElement-impl.js
other_api,node_modules\jsdom\lib\jsdom\living\nodes\SVGSwitchElement-impl.js
other_api,node_modules\jsdom\lib\jsdom\living\nodes\SVGSymbolElement-impl.js
other_api,node_modules\jsdom\lib\jsdom\living\nodes\SVGTests-impl.js
other_api,node_modules\jsdom\lib\jsdom\living\nodes\SVGTitleElement-impl.js
other_api,node_modules\jsdom\lib\jsdom\living\nodes\Text-impl.js
other_api,node_modules\jsdom\lib\jsdom\living\nodes\WindowEventHandlers-impl.js
other_api,node_modules\jsdom\lib\jsdom\living\nodes\XMLDocument-impl.js
other_api,node_modules\jsdom\lib\jsdom\living\range\AbstractRange-impl.js
other_api,node_modules\jsdom\lib\jsdom\living\range\boundary-point.js
other_api,node_modules\jsdom\lib\jsdom\living\range\Range-impl.js
other_api,node_modules\jsdom\lib\jsdom\living\range\StaticRange-impl.js
other_api,node_modules\jsdom\lib\jsdom\living\selection\Selection-impl.js
other_api,node_modules\jsdom\lib\jsdom\living\svg\SVGAnimatedPreserveAspectRatio-impl.js
other_api,node_modules\jsdom\lib\jsdom\living\svg\SVGAnimatedRect-impl.js
other_api,node_modules\jsdom\lib\jsdom\living\svg\SVGAnimatedString-impl.js
other_api,node_modules\jsdom\lib\jsdom\living\svg\SVGListBase.js
other_api,node_modules\jsdom\lib\jsdom\living\svg\SVGNumber-impl.js
other_api,node_modules\jsdom\lib\jsdom\living\svg\SVGPreserveAspectRatio-impl.js
other_api,node_modules\jsdom\lib\jsdom\living\svg\SVGRect-impl.js
other_api,node_modules\jsdom\lib\jsdom\living\svg\SVGStringList-impl.js
other_api,node_modules\jsdom\lib\jsdom\living\traversal\helpers.js
other_api,node_modules\jsdom\lib\jsdom\living\traversal\NodeIterator-impl.js
other_api,node_modules\jsdom\lib\jsdom\living\traversal\TreeWalker-impl.js
other_api,node_modules\jsdom\lib\jsdom\living\webidl\DOMException-impl.js
other_api,node_modules\jsdom\lib\jsdom\living\websockets\WebSocket-impl.js
other_api,node_modules\jsdom\lib\jsdom\living\webstorage\Storage-impl.js
other_api,node_modules\jsdom\lib\jsdom\living\window\BarProp-impl.js
other_api,node_modules\jsdom\lib\jsdom\living\window\External-impl.js
other_api,node_modules\jsdom\lib\jsdom\living\window\History-impl.js
other_api,node_modules\jsdom\lib\jsdom\living\window\Location-impl.js
other_api,node_modules\jsdom\lib\jsdom\living\window\navigation.js
other_api,node_modules\jsdom\lib\jsdom\living\window\Screen-impl.js
other_api,node_modules\jsdom\lib\jsdom\living\window\SessionHistory.js
other_api,node_modules\jsdom\lib\jsdom\living\xhr\FormData-impl.js
other_api,node_modules\jsdom\lib\jsdom\living\xhr\multipart-form-data.js
other_api,node_modules\jsdom\lib\jsdom\living\xhr\xhr-sync-worker.js
other_api,node_modules\jsdom\lib\jsdom\living\xhr\xhr-utils.js
other_api,node_modules\jsdom\lib\jsdom\living\xhr\XMLHttpRequest-impl.js
other_api,node_modules\jsdom\lib\jsdom\living\xhr\XMLHttpRequestEventTarget-impl.js
other_api,node_modules\jsdom\lib\jsdom\living\xhr\XMLHttpRequestUpload-impl.js
other_api,node_modules\jsesc\jsesc.js
other_api,node_modules\json-buffer\index.js
other_api,node_modules\json-buffer\test\index.js
other_api,node_modules\json-schema-traverse\index.js
other_api,node_modules\json-schema-traverse\spec\index.spec.js
other_api,node_modules\json-schema-traverse\spec\fixtures\schema.js
other_api,node_modules\json-stable-stringify-without-jsonify\index.js
other_api,node_modules\json-stable-stringify-without-jsonify\example\key_cmp.js
other_api,node_modules\json-stable-stringify-without-jsonify\example\nested.js
other_api,node_modules\json-stable-stringify-without-jsonify\example\str.js
other_api,node_modules\json-stable-stringify-without-jsonify\example\value_cmp.js
other_api,node_modules\json-stable-stringify-without-jsonify\test\cmp.js
other_api,node_modules\json-stable-stringify-without-jsonify\test\nested.js
other_api,node_modules\json-stable-stringify-without-jsonify\test\replacer.js
other_api,node_modules\json-stable-stringify-without-jsonify\test\space.js
other_api,node_modules\json-stable-stringify-without-jsonify\test\str.js
other_api,node_modules\json-stable-stringify-without-jsonify\test\to-json.js
other_api,node_modules\json5\dist\index.js
other_api,node_modules\json5\dist\index.min.js
other_api,node_modules\json5\lib\cli.js
other_api,node_modules\json5\lib\index.d.ts
other_api,node_modules\json5\lib\index.js
other_api,node_modules\json5\lib\parse.d.ts
other_api,node_modules\json5\lib\parse.js
other_api,node_modules\json5\lib\register.js
other_api,node_modules\json5\lib\require.js
other_api,node_modules\json5\lib\stringify.d.ts
other_api,node_modules\json5\lib\stringify.js
other_api,node_modules\json5\lib\unicode.d.ts
other_api,node_modules\json5\lib\unicode.js
other_api,node_modules\json5\lib\util.d.ts
other_api,node_modules\json5\lib\util.js
other_api,node_modules\keyv\src\index.d.ts
other_api,node_modules\keyv\src\index.js
other_api,node_modules\levn\lib\cast.js
other_api,node_modules\levn\lib\index.js
other_api,node_modules\levn\lib\parse-string.js
other_api,node_modules\lightningcss\node\ast.d.ts
other_api,node_modules\lightningcss\node\browserslistToTargets.js
other_api,node_modules\lightningcss\node\composeVisitors.js
other_api,node_modules\lightningcss\node\flags.js
other_api,node_modules\lightningcss\node\index.d.ts
other_api,node_modules\lightningcss\node\index.js
other_api,node_modules\lightningcss\node\targets.d.ts
other_api,node_modules\locate-path\index.d.ts
other_api,node_modules\locate-path\index.js
other_api,node_modules\loupe\loupe.js
other_api,node_modules\loupe\lib\arguments.d.ts
other_api,node_modules\loupe\lib\arguments.js
other_api,node_modules\loupe\lib\array.d.ts
other_api,node_modules\loupe\lib\array.js
other_api,node_modules\loupe\lib\bigint.d.ts
other_api,node_modules\loupe\lib\bigint.js
other_api,node_modules\loupe\lib\class.d.ts
other_api,node_modules\loupe\lib\class.js
other_api,node_modules\loupe\lib\date.d.ts
other_api,node_modules\loupe\lib\date.js
other_api,node_modules\loupe\lib\error.d.ts
other_api,node_modules\loupe\lib\error.js
other_api,node_modules\loupe\lib\function.d.ts
other_api,node_modules\loupe\lib\function.js
other_api,node_modules\loupe\lib\helpers.d.ts
other_api,node_modules\loupe\lib\helpers.js
other_api,node_modules\loupe\lib\html.d.ts
other_api,node_modules\loupe\lib\html.js
other_api,node_modules\loupe\lib\index.d.ts
other_api,node_modules\loupe\lib\index.js
other_api,node_modules\loupe\lib\map.d.ts
other_api,node_modules\loupe\lib\map.js
other_api,node_modules\loupe\lib\number.d.ts
other_api,node_modules\loupe\lib\number.js
other_api,node_modules\loupe\lib\object.d.ts
other_api,node_modules\loupe\lib\object.js
other_api,node_modules\loupe\lib\promise.d.ts
other_api,node_modules\loupe\lib\promise.js
other_api,node_modules\loupe\lib\regexp.d.ts
other_api,node_modules\loupe\lib\regexp.js
other_api,node_modules\loupe\lib\set.d.ts
other_api,node_modules\loupe\lib\set.js
other_api,node_modules\loupe\lib\string.d.ts
other_api,node_modules\loupe\lib\string.js
other_api,node_modules\loupe\lib\symbol.d.ts
other_api,node_modules\loupe\lib\symbol.js
other_api,node_modules\loupe\lib\typedarray.d.ts
other_api,node_modules\loupe\lib\typedarray.js
other_api,node_modules\loupe\lib\types.d.ts
other_api,node_modules\loupe\lib\types.js
other_api,node_modules\lru-cache\index.js
other_api,node_modules\lz-string\bin\bin.js
other_api,node_modules\lz-string\libs\base64-string.js
other_api,node_modules\lz-string\libs\lz-string.js
other_api,node_modules\lz-string\libs\lz-string.min.js
other_api,node_modules\lz-string\reference\lz-string-1.0.2.js
other_api,node_modules\lz-string\tests\lz-string-spec.js
other_api,node_modules\lz-string\tests\lib\jasmine-1.3.1\jasmine-html.js
other_api,node_modules\lz-string\tests\lib\jasmine-1.3.1\jasmine.js
other_api,node_modules\lz-string\typings\lz-string.d.ts
other_api,node_modules\magic-string\dist\magic-string.cjs.d.ts
other_api,node_modules\magic-string\dist\magic-string.cjs.js
other_api,node_modules\magic-string\dist\magic-string.umd.js
other_api,node_modules\min-indent\index.js
other_api,node_modules\minimatch\dist\commonjs\assert-valid-pattern.d.ts
other_api,node_modules\minimatch\dist\commonjs\assert-valid-pattern.js
other_api,node_modules\minimatch\dist\commonjs\ast.d.ts
other_api,node_modules\minimatch\dist\commonjs\ast.js
other_api,node_modules\minimatch\dist\commonjs\brace-expressions.d.ts
other_api,node_modules\minimatch\dist\commonjs\brace-expressions.js
other_api,node_modules\minimatch\dist\commonjs\escape.d.ts
other_api,node_modules\minimatch\dist\commonjs\escape.js
other_api,node_modules\minimatch\dist\commonjs\index.d.ts
other_api,node_modules\minimatch\dist\commonjs\index.js
other_api,node_modules\minimatch\dist\commonjs\unescape.d.ts
other_api,node_modules\minimatch\dist\commonjs\unescape.js
other_api,node_modules\minimatch\dist\esm\assert-valid-pattern.d.ts
other_api,node_modules\minimatch\dist\esm\assert-valid-pattern.js
other_api,node_modules\minimatch\dist\esm\ast.d.ts
other_api,node_modules\minimatch\dist\esm\ast.js
other_api,node_modules\minimatch\dist\esm\brace-expressions.d.ts
other_api,node_modules\minimatch\dist\esm\brace-expressions.js
other_api,node_modules\minimatch\dist\esm\escape.d.ts
other_api,node_modules\minimatch\dist\esm\escape.js
other_api,node_modules\minimatch\dist\esm\index.d.ts
other_api,node_modules\minimatch\dist\esm\index.js
other_api,node_modules\minimatch\dist\esm\unescape.d.ts
other_api,node_modules\minimatch\dist\esm\unescape.js
other_api,node_modules\ms\index.js
other_api,node_modules\msw\cli\index.js
other_api,node_modules\msw\cli\init.js
other_api,node_modules\msw\cli\invariant.js
other_api,node_modules\msw\config\constants.js
other_api,node_modules\msw\config\scripts\postinstall.js
other_api,node_modules\msw\lib\browser\index.d.ts
other_api,node_modules\msw\lib\browser\index.js
other_api,node_modules\msw\lib\core\bypass.d.ts
other_api,node_modules\msw\lib\core\bypass.js
other_api,node_modules\msw\lib\core\delay.d.ts
other_api,node_modules\msw\lib\core\delay.js
other_api,node_modules\msw\lib\core\getResponse.d.ts
other_api,node_modules\msw\lib\core\getResponse.js
other_api,node_modules\msw\lib\core\graphql.d.ts
other_api,node_modules\msw\lib\core\graphql.js
other_api,node_modules\msw\lib\core\http.d.ts
other_api,node_modules\msw\lib\core\http.js
other_api,node_modules\msw\lib\core\HttpResponse-DL-P1EeG.d.ts
other_api,node_modules\msw\lib\core\HttpResponse.d.ts
other_api,node_modules\msw\lib\core\HttpResponse.js
other_api,node_modules\msw\lib\core\index.d.ts
other_api,node_modules\msw\lib\core\index.js
other_api,node_modules\msw\lib\core\isCommonAssetRequest.d.ts
other_api,node_modules\msw\lib\core\isCommonAssetRequest.js
other_api,node_modules\msw\lib\core\on-unhandled-frame-0KmwUmeV.d.ts
other_api,node_modules\msw\lib\core\passthrough.d.ts
other_api,node_modules\msw\lib\core\passthrough.js
other_api,node_modules\msw\lib\core\sharedOptions.d.ts
other_api,node_modules\msw\lib\core\sharedOptions.js
other_api,node_modules\msw\lib\core\sse.d.ts
other_api,node_modules\msw\lib\core\sse.js
other_api,node_modules\msw\lib\core\typeUtils.d.ts
other_api,node_modules\msw\lib\core\typeUtils.js
other_api,node_modules\msw\lib\core\ws.d.ts
other_api,node_modules\msw\lib\core\ws.js
other_api,node_modules\msw\lib\core\experimental\compat.d.ts
other_api,node_modules\msw\lib\core\experimental\compat.js
other_api,node_modules\msw\lib\core\experimental\define-network.d.ts
other_api,node_modules\msw\lib\core\experimental\define-network.js
other_api,node_modules\msw\lib\core\experimental\handlers-controller.d.ts
other_api,node_modules\msw\lib\core\experimental\handlers-controller.js
other_api,node_modules\msw\lib\core\experimental\index.d.ts
other_api,node_modules\msw\lib\core\experimental\index.js
other_api,node_modules\msw\lib\core\experimental\on-unhandled-frame.d.ts
other_api,node_modules\msw\lib\core\experimental\on-unhandled-frame.js
other_api,node_modules\msw\lib\core\experimental\request-utils.d.ts
other_api,node_modules\msw\lib\core\experimental\request-utils.js
other_api,node_modules\msw\lib\core\experimental\frames\http-frame.d.ts
other_api,node_modules\msw\lib\core\experimental\frames\http-frame.js
other_api,node_modules\msw\lib\core\experimental\frames\network-frame.d.ts
other_api,node_modules\msw\lib\core\experimental\frames\network-frame.js
other_api,node_modules\msw\lib\core\experimental\frames\websocket-frame.d.ts
other_api,node_modules\msw\lib\core\experimental\frames\websocket-frame.js
other_api,node_modules\msw\lib\core\experimental\sources\interceptor-source.d.ts
other_api,node_modules\msw\lib\core\experimental\sources\interceptor-source.js
other_api,node_modules\msw\lib\core\experimental\sources\network-source.d.ts
other_api,node_modules\msw\lib\core\experimental\sources\network-source.js
other_api,node_modules\msw\lib\core\handlers\GraphQLHandler.d.ts
other_api,node_modules\msw\lib\core\handlers\GraphQLHandler.js
other_api,node_modules\msw\lib\core\handlers\HttpHandler.d.ts
other_api,node_modules\msw\lib\core\handlers\HttpHandler.js
other_api,node_modules\msw\lib\core\handlers\RequestHandler.d.ts
other_api,node_modules\msw\lib\core\handlers\RequestHandler.js
other_api,node_modules\msw\lib\core\handlers\WebSocketHandler.d.ts
other_api,node_modules\msw\lib\core\handlers\WebSocketHandler.js
other_api,node_modules\msw\lib\core\utils\cookieStore.d.ts
other_api,node_modules\msw\lib\core\utils\cookieStore.js
other_api,node_modules\msw\lib\core\utils\executeHandlers.d.ts
other_api,node_modules\msw\lib\core\utils\executeHandlers.js
other_api,node_modules\msw\lib\core\utils\handleRequest.d.ts
other_api,node_modules\msw\lib\core\utils\handleRequest.js
other_api,node_modules\msw\lib\core\utils\toResponseInit.d.ts
other_api,node_modules\msw\lib\core\utils\toResponseInit.js
other_api,node_modules\msw\lib\core\utils\HttpResponse\decorators.d.ts
other_api,node_modules\msw\lib\core\utils\HttpResponse\decorators.js
other_api,node_modules\msw\lib\core\utils\internal\attachSiblingHandlers.d.ts
other_api,node_modules\msw\lib\core\utils\internal\attachSiblingHandlers.js
other_api,node_modules\msw\lib\core\utils\internal\checkGlobals.d.ts
other_api,node_modules\msw\lib\core\utils\internal\checkGlobals.js
other_api,node_modules\msw\lib\core\utils\internal\devUtils.d.ts
other_api,node_modules\msw\lib\core\utils\internal\devUtils.js
other_api,node_modules\msw\lib\core\utils\internal\Disposable.d.ts
other_api,node_modules\msw\lib\core\utils\internal\Disposable.js
other_api,node_modules\msw\lib\core\utils\internal\getCallFrame.d.ts
other_api,node_modules\msw\lib\core\utils\internal\getCallFrame.js
other_api,node_modules\msw\lib\core\utils\internal\hasRefCounted.d.ts
other_api,node_modules\msw\lib\core\utils\internal\hasRefCounted.js
other_api,node_modules\msw\lib\core\utils\internal\isHandlerKind.d.ts
other_api,node_modules\msw\lib\core\utils\internal\isHandlerKind.js
other_api,node_modules\msw\lib\core\utils\internal\isIterable.d.ts
other_api,node_modules\msw\lib\core\utils\internal\isIterable.js
other_api,node_modules\msw\lib\core\utils\internal\isObject.d.ts
other_api,node_modules\msw\lib\core\utils\internal\isObject.js
other_api,node_modules\msw\lib\core\utils\internal\isStringEqual.d.ts
other_api,node_modules\msw\lib\core\utils\internal\isStringEqual.js
other_api,node_modules\msw\lib\core\utils\internal\jsonParse.d.ts
other_api,node_modules\msw\lib\core\utils\internal\jsonParse.js
other_api,node_modules\msw\lib\core\utils\internal\mergeRight.d.ts
other_api,node_modules\msw\lib\core\utils\internal\mergeRight.js
other_api,node_modules\msw\lib\core\utils\internal\observe-response-body-stream.d.ts
other_api,node_modules\msw\lib\core\utils\internal\observe-response-body-stream.js
other_api,node_modules\msw\lib\core\utils\internal\parseGraphQLRequest.d.ts
other_api,node_modules\msw\lib\core\utils\internal\parseGraphQLRequest.js
other_api,node_modules\msw\lib\core\utils\internal\parseMultipartData.d.ts
other_api,node_modules\msw\lib\core\utils\internal\parseMultipartData.js
other_api,node_modules\msw\lib\core\utils\internal\pipeEvents.d.ts
other_api,node_modules\msw\lib\core\utils\internal\pipeEvents.js
other_api,node_modules\msw\lib\core\utils\internal\toReadonlyArray.d.ts
other_api,node_modules\msw\lib\core\utils\internal\toReadonlyArray.js
other_api,node_modules\msw\lib\core\utils\internal\tryCatch.d.ts
other_api,node_modules\msw\lib\core\utils\internal\tryCatch.js
other_api,node_modules\msw\lib\core\utils\logging\getStatusCodeColor.d.ts
other_api,node_modules\msw\lib\core\utils\logging\getStatusCodeColor.js
other_api,node_modules\msw\lib\core\utils\logging\getTimestamp.d.ts
other_api,node_modules\msw\lib\core\utils\logging\getTimestamp.js
other_api,node_modules\msw\lib\core\utils\logging\serializeRequest.d.ts
other_api,node_modules\msw\lib\core\utils\logging\serializeRequest.js
other_api,node_modules\msw\lib\core\utils\logging\serializeResponse.d.ts
other_api,node_modules\msw\lib\core\utils\logging\serializeResponse.js
other_api,node_modules\msw\lib\core\utils\matching\matchRequestUrl.d.ts
other_api,node_modules\msw\lib\core\utils\matching\matchRequestUrl.js
other_api,node_modules\msw\lib\core\utils\matching\normalizePath.d.ts
other_api,node_modules\msw\lib\core\utils\matching\normalizePath.js
other_api,node_modules\msw\lib\core\utils\request\getAllAcceptedMimeTypes.d.ts
other_api,node_modules\msw\lib\core\utils\request\getAllAcceptedMimeTypes.js
other_api,node_modules\msw\lib\core\utils\request\getRequestCookies.d.ts
other_api,node_modules\msw\lib\core\utils\request\getRequestCookies.js
other_api,node_modules\msw\lib\core\utils\request\onUnhandledRequest.d.ts
other_api,node_modules\msw\lib\core\utils\request\onUnhandledRequest.js
other_api,node_modules\msw\lib\core\utils\request\storeResponseCookies.d.ts
other_api,node_modules\msw\lib\core\utils\request\storeResponseCookies.js
other_api,node_modules\msw\lib\core\utils\request\toPublicUrl.d.ts
other_api,node_modules\msw\lib\core\utils\request\toPublicUrl.js
other_api,node_modules\msw\lib\core\utils\url\cleanUrl.d.ts
other_api,node_modules\msw\lib\core\utils\url\cleanUrl.js
other_api,node_modules\msw\lib\core\utils\url\getAbsoluteUrl.d.ts
other_api,node_modules\msw\lib\core\utils\url\getAbsoluteUrl.js
other_api,node_modules\msw\lib\core\utils\url\isAbsoluteUrl.d.ts
other_api,node_modules\msw\lib\core\utils\url\isAbsoluteUrl.js
other_api,node_modules\msw\lib\core\ws\handleWebSocketEvent.d.ts
other_api,node_modules\msw\lib\core\ws\handleWebSocketEvent.js
other_api,node_modules\msw\lib\core\ws\WebSocketClientManager.d.ts
other_api,node_modules\msw\lib\core\ws\WebSocketClientManager.js
other_api,node_modules\msw\lib\core\ws\WebSocketClientStore.d.ts
other_api,node_modules\msw\lib\core\ws\WebSocketClientStore.js
other_api,node_modules\msw\lib\core\ws\WebSocketIndexedDBClientStore.d.ts
other_api,node_modules\msw\lib\core\ws\WebSocketIndexedDBClientStore.js
other_api,node_modules\msw\lib\core\ws\webSocketInterceptor.d.ts
other_api,node_modules\msw\lib\core\ws\webSocketInterceptor.js
other_api,node_modules\msw\lib\core\ws\WebSocketMemoryClientStore.d.ts
other_api,node_modules\msw\lib\core\ws\WebSocketMemoryClientStore.js
other_api,node_modules\msw\lib\core\ws\utils\attachWebSocketLogger.d.ts
other_api,node_modules\msw\lib\core\ws\utils\attachWebSocketLogger.js
other_api,node_modules\msw\lib\core\ws\utils\getMessageLength.d.ts
other_api,node_modules\msw\lib\core\ws\utils\getMessageLength.js
other_api,node_modules\msw\lib\core\ws\utils\getPublicData.d.ts
other_api,node_modules\msw\lib\core\ws\utils\getPublicData.js
other_api,node_modules\msw\lib\core\ws\utils\truncateMessage.d.ts
other_api,node_modules\msw\lib\core\ws\utils\truncateMessage.js
other_api,node_modules\msw\lib\iife\index.js
other_api,node_modules\msw\lib\native\index.d.ts
other_api,node_modules\msw\lib\native\index.js
other_api,node_modules\msw\lib\node\index.d.ts
other_api,node_modules\msw\lib\node\index.js
other_api,node_modules\msw\lib\shims\cookie.d.ts
other_api,node_modules\msw\lib\shims\cookie.js
other_api,node_modules\msw\lib\shims\statuses.d.ts
other_api,node_modules\msw\lib\shims\statuses.js
other_api,node_modules\msw\node_modules\tldts\index.ts
other_api,node_modules\msw\node_modules\tldts\bin\cli.js
other_api,node_modules\msw\node_modules\tldts\dist\index.cjs.min.js
other_api,node_modules\msw\node_modules\tldts\dist\index.esm.min.js
other_api,node_modules\msw\node_modules\tldts\dist\index.umd.min.js
other_api,node_modules\msw\node_modules\tldts\dist\cjs\index.js
other_api,node_modules\msw\node_modules\tldts\dist\cjs\src\suffix-trie.js
other_api,node_modules\msw\node_modules\tldts\dist\cjs\src\data\trie.js
other_api,node_modules\msw\node_modules\tldts\dist\es6\index.js
other_api,node_modules\msw\node_modules\tldts\dist\es6\src\suffix-trie.js
other_api,node_modules\msw\node_modules\tldts\dist\es6\src\data\trie.js
other_api,node_modules\msw\node_modules\tldts\dist\types\index.d.ts
other_api,node_modules\msw\node_modules\tldts\dist\types\src\suffix-trie.d.ts
other_api,node_modules\msw\node_modules\tldts\dist\types\src\data\trie.d.ts
other_api,node_modules\msw\node_modules\tldts\src\suffix-trie.ts
other_api,node_modules\msw\node_modules\tldts\src\data\trie.ts
other_api,node_modules\msw\node_modules\tldts-core\index.ts
other_api,node_modules\msw\node_modules\tldts-core\dist\cjs\index.js
other_api,node_modules\msw\node_modules\tldts-core\dist\cjs\src\domain-without-suffix.js
other_api,node_modules\msw\node_modules\tldts-core\dist\cjs\src\domain.js
other_api,node_modules\msw\node_modules\tldts-core\dist\cjs\src\extract-hostname.js
other_api,node_modules\msw\node_modules\tldts-core\dist\cjs\src\factory.js
other_api,node_modules\msw\node_modules\tldts-core\dist\cjs\src\is-ip.js
other_api,node_modules\msw\node_modules\tldts-core\dist\cjs\src\is-special-use.js
other_api,node_modules\msw\node_modules\tldts-core\dist\cjs\src\is-valid.js
other_api,node_modules\msw\node_modules\tldts-core\dist\cjs\src\options.js
other_api,node_modules\msw\node_modules\tldts-core\dist\cjs\src\subdomain.js
other_api,node_modules\msw\node_modules\tldts-core\dist\cjs\src\lookup\fast-path.js
other_api,node_modules\msw\node_modules\tldts-core\dist\cjs\src\lookup\interface.js
other_api,node_modules\msw\node_modules\tldts-core\dist\es6\index.js
other_api,node_modules\msw\node_modules\tldts-core\dist\es6\src\domain-without-suffix.js
other_api,node_modules\msw\node_modules\tldts-core\dist\es6\src\domain.js
other_api,node_modules\msw\node_modules\tldts-core\dist\es6\src\extract-hostname.js
other_api,node_modules\msw\node_modules\tldts-core\dist\es6\src\factory.js
other_api,node_modules\msw\node_modules\tldts-core\dist\es6\src\is-ip.js
other_api,node_modules\msw\node_modules\tldts-core\dist\es6\src\is-special-use.js
other_api,node_modules\msw\node_modules\tldts-core\dist\es6\src\is-valid.js
other_api,node_modules\msw\node_modules\tldts-core\dist\es6\src\options.js
other_api,node_modules\msw\node_modules\tldts-core\dist\es6\src\subdomain.js
other_api,node_modules\msw\node_modules\tldts-core\dist\es6\src\lookup\fast-path.js
other_api,node_modules\msw\node_modules\tldts-core\dist\es6\src\lookup\interface.js
other_api,node_modules\msw\node_modules\tldts-core\dist\types\index.d.ts
other_api,node_modules\msw\node_modules\tldts-core\dist\types\src\domain-without-suffix.d.ts
other_api,node_modules\msw\node_modules\tldts-core\dist\types\src\domain.d.ts
other_api,node_modules\msw\node_modules\tldts-core\dist\types\src\extract-hostname.d.ts
other_api,node_modules\msw\node_modules\tldts-core\dist\types\src\factory.d.ts
other_api,node_modules\msw\node_modules\tldts-core\dist\types\src\is-ip.d.ts
other_api,node_modules\msw\node_modules\tldts-core\dist\types\src\is-special-use.d.ts
other_api,node_modules\msw\node_modules\tldts-core\dist\types\src\is-valid.d.ts
other_api,node_modules\msw\node_modules\tldts-core\dist\types\src\options.d.ts
other_api,node_modules\msw\node_modules\tldts-core\dist\types\src\subdomain.d.ts
other_api,node_modules\msw\node_modules\tldts-core\dist\types\src\lookup\fast-path.d.ts
other_api,node_modules\msw\node_modules\tldts-core\dist\types\src\lookup\interface.d.ts
other_api,node_modules\msw\node_modules\tldts-core\src\domain-without-suffix.ts
other_api,node_modules\msw\node_modules\tldts-core\src\domain.ts
other_api,node_modules\msw\node_modules\tldts-core\src\extract-hostname.ts
other_api,node_modules\msw\node_modules\tldts-core\src\factory.ts
other_api,node_modules\msw\node_modules\tldts-core\src\is-ip.ts
other_api,node_modules\msw\node_modules\tldts-core\src\is-special-use.ts
other_api,node_modules\msw\node_modules\tldts-core\src\is-valid.ts
other_api,node_modules\msw\node_modules\tldts-core\src\options.ts
other_api,node_modules\msw\node_modules\tldts-core\src\subdomain.ts
other_api,node_modules\msw\node_modules\tldts-core\src\lookup\fast-path.ts
other_api,node_modules\msw\node_modules\tldts-core\src\lookup\interface.ts
other_api,node_modules\msw\node_modules\tough-cookie\dist\index.d.ts
other_api,node_modules\msw\node_modules\tough-cookie\dist\index.js
other_api,node_modules\msw\src\browser\global.browser.d.ts
other_api,node_modules\msw\src\browser\glossary.ts
other_api,node_modules\msw\src\browser\index.ts
other_api,node_modules\msw\src\browser\setup-worker.node.test.ts
other_api,node_modules\msw\src\browser\setup-worker.ts
other_api,node_modules\msw\src\browser\sources\fallback-http-source.ts
other_api,node_modules\msw\src\browser\utils\deserializeRequest.ts
other_api,node_modules\msw\src\browser\utils\get-worker-by-registration.ts
other_api,node_modules\msw\src\browser\utils\get-worker-instance.ts
other_api,node_modules\msw\src\browser\utils\getAbsoluteWorkerUrl.test.ts
other_api,node_modules\msw\src\browser\utils\getAbsoluteWorkerUrl.ts
other_api,node_modules\msw\src\browser\utils\pruneGetRequestBody.test.ts
other_api,node_modules\msw\src\browser\utils\pruneGetRequestBody.ts
other_api,node_modules\msw\src\browser\utils\should-invalidate-worker.test.ts
other_api,node_modules\msw\src\browser\utils\should-invalidate-worker.ts
other_api,node_modules\msw\src\browser\utils\supports.ts
other_api,node_modules\msw\src\browser\utils\validate-worker-scope.ts
other_api,node_modules\msw\src\browser\utils\workerChannel.ts
other_api,node_modules\msw\src\core\bypass.test.ts
other_api,node_modules\msw\src\core\bypass.ts
other_api,node_modules\msw\src\core\delay.ts
other_api,node_modules\msw\src\core\getResponse.test.ts
other_api,node_modules\msw\src\core\getResponse.ts
other_api,node_modules\msw\src\core\graphql.test.ts
other_api,node_modules\msw\src\core\graphql.ts
other_api,node_modules\msw\src\core\http.test.ts
other_api,node_modules\msw\src\core\http.ts
other_api,node_modules\msw\src\core\HttpResponse.test.ts
other_api,node_modules\msw\src\core\HttpResponse.ts
other_api,node_modules\msw\src\core\index.ts
other_api,node_modules\msw\src\core\isCommonAssetRequest.ts
other_api,node_modules\msw\src\core\passthrough.test.ts
other_api,node_modules\msw\src\core\passthrough.ts
other_api,node_modules\msw\src\core\sharedOptions.ts
other_api,node_modules\msw\src\core\sse.ts
other_api,node_modules\msw\src\core\typeUtils.ts
other_api,node_modules\msw\src\core\ws.test.ts
other_api,node_modules\msw\src\core\ws.ts
other_api,node_modules\msw\src\core\experimental\compat.ts
other_api,node_modules\msw\src\core\experimental\define-network.test.ts
other_api,node_modules\msw\src\core\experimental\define-network.ts
other_api,node_modules\msw\src\core\experimental\handlers-controller.test.ts
other_api,node_modules\msw\src\core\experimental\handlers-controller.ts
other_api,node_modules\msw\src\core\experimental\index.ts
other_api,node_modules\msw\src\core\experimental\on-unhandled-frame.test.ts
other_api,node_modules\msw\src\core\experimental\on-unhandled-frame.ts
other_api,node_modules\msw\src\core\experimental\request-utils.test.ts
other_api,node_modules\msw\src\core\experimental\request-utils.ts
other_api,node_modules\msw\src\core\experimental\frames\http-frame.test.ts
other_api,node_modules\msw\src\core\experimental\frames\http-frame.ts
other_api,node_modules\msw\src\core\experimental\frames\network-frame.ts
other_api,node_modules\msw\src\core\experimental\frames\websocket-frame.test.ts
other_api,node_modules\msw\src\core\experimental\frames\websocket-frame.ts
other_api,node_modules\msw\src\core\experimental\sources\interceptor-source.ts
other_api,node_modules\msw\src\core\experimental\sources\network-source.test.ts
other_api,node_modules\msw\src\core\experimental\sources\network-source.ts
other_api,node_modules\msw\src\core\handlers\GraphQLHandler.test.ts
other_api,node_modules\msw\src\core\handlers\GraphQLHandler.ts
other_api,node_modules\msw\src\core\handlers\HttpHandler.test.ts
other_api,node_modules\msw\src\core\handlers\HttpHandler.ts
other_api,node_modules\msw\src\core\handlers\RequestHandler.ts
other_api,node_modules\msw\src\core\handlers\WebSocketHandler.test.ts
other_api,node_modules\msw\src\core\handlers\WebSocketHandler.ts
other_api,node_modules\msw\src\core\utils\cookieStore.ts
other_api,node_modules\msw\src\core\utils\executeHandlers.ts
other_api,node_modules\msw\src\core\utils\handleRequest.test.ts
other_api,node_modules\msw\src\core\utils\handleRequest.ts
other_api,node_modules\msw\src\core\utils\toResponseInit.ts
other_api,node_modules\msw\src\core\utils\HttpResponse\decorators.ts
other_api,node_modules\msw\src\core\utils\internal\attachSiblingHandlers.ts
other_api,node_modules\msw\src\core\utils\internal\checkGlobals.ts
other_api,node_modules\msw\src\core\utils\internal\devUtils.test.ts
other_api,node_modules\msw\src\core\utils\internal\devUtils.ts
other_api,node_modules\msw\src\core\utils\internal\Disposable.ts
other_api,node_modules\msw\src\core\utils\internal\getCallFrame.test.ts
other_api,node_modules\msw\src\core\utils\internal\getCallFrame.ts
other_api,node_modules\msw\src\core\utils\internal\hasRefCounted.test.ts
other_api,node_modules\msw\src\core\utils\internal\hasRefCounted.ts
other_api,node_modules\msw\src\core\utils\internal\isHandlerKind.test.ts
other_api,node_modules\msw\src\core\utils\internal\isHandlerKind.ts
other_api,node_modules\msw\src\core\utils\internal\isIterable.test.ts
other_api,node_modules\msw\src\core\utils\internal\isIterable.ts
other_api,node_modules\msw\src\core\utils\internal\isObject.test.ts
other_api,node_modules\msw\src\core\utils\internal\isObject.ts
other_api,node_modules\msw\src\core\utils\internal\isStringEqual.test.ts
other_api,node_modules\msw\src\core\utils\internal\isStringEqual.ts
other_api,node_modules\msw\src\core\utils\internal\jsonParse.test.ts
other_api,node_modules\msw\src\core\utils\internal\jsonParse.ts
other_api,node_modules\msw\src\core\utils\internal\mergeRight.test.ts
other_api,node_modules\msw\src\core\utils\internal\mergeRight.ts
other_api,node_modules\msw\src\core\utils\internal\observe-response-body-stream.test.ts
other_api,node_modules\msw\src\core\utils\internal\observe-response-body-stream.ts
other_api,node_modules\msw\src\core\utils\internal\parseGraphQLRequest.test.ts
other_api,node_modules\msw\src\core\utils\internal\parseGraphQLRequest.ts
other_api,node_modules\msw\src\core\utils\internal\parseMultipartData.test.ts
other_api,node_modules\msw\src\core\utils\internal\parseMultipartData.ts
other_api,node_modules\msw\src\core\utils\internal\pipeEvents.test.ts
other_api,node_modules\msw\src\core\utils\internal\pipeEvents.ts
other_api,node_modules\msw\src\core\utils\internal\toReadonlyArray.test.ts
other_api,node_modules\msw\src\core\utils\internal\toReadonlyArray.ts
other_api,node_modules\msw\src\core\utils\internal\tryCatch.test.ts
other_api,node_modules\msw\src\core\utils\internal\tryCatch.ts
other_api,node_modules\msw\src\core\utils\logging\getStatusCodeColor.test.ts
other_api,node_modules\msw\src\core\utils\logging\getStatusCodeColor.ts
other_api,node_modules\msw\src\core\utils\logging\getTimestamp.test.ts
other_api,node_modules\msw\src\core\utils\logging\getTimestamp.ts
other_api,node_modules\msw\src\core\utils\logging\serializeRequest.test.ts
other_api,node_modules\msw\src\core\utils\logging\serializeRequest.ts
other_api,node_modules\msw\src\core\utils\logging\serializeResponse.test.ts
other_api,node_modules\msw\src\core\utils\logging\serializeResponse.ts
other_api,node_modules\msw\src\core\utils\matching\matchRequestUrl.test.ts
other_api,node_modules\msw\src\core\utils\matching\matchRequestUrl.ts
other_api,node_modules\msw\src\core\utils\matching\normalizePath.node.test.ts
other_api,node_modules\msw\src\core\utils\matching\normalizePath.test.ts
other_api,node_modules\msw\src\core\utils\matching\normalizePath.ts
other_api,node_modules\msw\src\core\utils\request\getAllAcceptedMimeTypes.test.ts
other_api,node_modules\msw\src\core\utils\request\getAllAcceptedMimeTypes.ts
other_api,node_modules\msw\src\core\utils\request\getRequestCookies.ts
other_api,node_modules\msw\src\core\utils\request\onUnhandledRequest.node.test.ts
other_api,node_modules\msw\src\core\utils\request\onUnhandledRequest.test.ts
other_api,node_modules\msw\src\core\utils\request\onUnhandledRequest.ts
other_api,node_modules\msw\src\core\utils\request\storeResponseCookies.ts
other_api,node_modules\msw\src\core\utils\request\toPublicUrl.node.test.ts
other_api,node_modules\msw\src\core\utils\request\toPublicUrl.test.ts
other_api,node_modules\msw\src\core\utils\request\toPublicUrl.ts
other_api,node_modules\msw\src\core\utils\url\cleanUrl.test.ts
other_api,node_modules\msw\src\core\utils\url\cleanUrl.ts
other_api,node_modules\msw\src\core\utils\url\getAbsoluteUrl.node.test.ts
other_api,node_modules\msw\src\core\utils\url\getAbsoluteUrl.test.ts
other_api,node_modules\msw\src\core\utils\url\getAbsoluteUrl.ts
other_api,node_modules\msw\src\core\utils\url\isAbsoluteUrl.test.ts
other_api,node_modules\msw\src\core\utils\url\isAbsoluteUrl.ts
other_api,node_modules\msw\src\core\ws\handleWebSocketEvent.ts
other_api,node_modules\msw\src\core\ws\WebSocketClientManager.test.ts
other_api,node_modules\msw\src\core\ws\WebSocketClientManager.ts
other_api,node_modules\msw\src\core\ws\WebSocketClientStore.ts
other_api,node_modules\msw\src\core\ws\WebSocketIndexedDBClientStore.ts
other_api,node_modules\msw\src\core\ws\webSocketInterceptor.ts
other_api,node_modules\msw\src\core\ws\WebSocketMemoryClientStore.ts
other_api,node_modules\msw\src\core\ws\utils\attachWebSocketLogger.ts
other_api,node_modules\msw\src\core\ws\utils\getMessageLength.test.ts
other_api,node_modules\msw\src\core\ws\utils\getMessageLength.ts
other_api,node_modules\msw\src\core\ws\utils\getPublicData.test.ts
other_api,node_modules\msw\src\core\ws\utils\getPublicData.ts
other_api,node_modules\msw\src\core\ws\utils\truncateMessage.test.ts
other_api,node_modules\msw\src\core\ws\utils\truncateMessage.ts
other_api,node_modules\msw\src\iife\index.ts
other_api,node_modules\msw\src\native\index.ts
other_api,node_modules\msw\src\node\async-handlers-controller.test.ts
other_api,node_modules\msw\src\node\async-handlers-controller.ts
other_api,node_modules\msw\src\node\glossary.ts
other_api,node_modules\msw\src\node\index.ts
other_api,node_modules\msw\src\node\setup-server-common.ts
other_api,node_modules\msw\src\node\setup-server.ts
other_api,node_modules\msw\src\shims\cookie.ts
other_api,node_modules\msw\src\shims\statuses.ts
other_api,node_modules\mute-stream\lib\index.js
other_api,node_modules\nanoid\index.browser.js
other_api,node_modules\nanoid\index.d.ts
other_api,node_modules\nanoid\index.js
other_api,node_modules\nanoid\nanoid.js
other_api,node_modules\nanoid\async\index.browser.js
other_api,node_modules\nanoid\async\index.d.ts
other_api,node_modules\nanoid\async\index.js
other_api,node_modules\nanoid\async\index.native.js
other_api,node_modules\nanoid\non-secure\index.d.ts
other_api,node_modules\nanoid\non-secure\index.js
other_api,node_modules\nanoid\url-alphabet\index.js
other_api,node_modules\natural-compare\index.js
other_api,node_modules\optionator\lib\help.js
other_api,node_modules\optionator\lib\index.js
other_api,node_modules\optionator\lib\util.js
other_api,node_modules\outvariant\lib\index.d.ts
other_api,node_modules\outvariant\lib\index.js
other_api,node_modules\p-limit\index.d.ts
other_api,node_modules\p-limit\index.js
other_api,node_modules\p-locate\index.d.ts
other_api,node_modules\p-locate\index.js
other_api,node_modules\parse5\dist\index.d.ts
other_api,node_modules\parse5\dist\index.js
other_api,node_modules\parse5\dist\cjs\index.d.ts
other_api,node_modules\parse5\dist\cjs\index.js
other_api,node_modules\parse5\dist\cjs\common\doctype.d.ts
other_api,node_modules\parse5\dist\cjs\common\doctype.js
other_api,node_modules\parse5\dist\cjs\common\error-codes.d.ts
other_api,node_modules\parse5\dist\cjs\common\error-codes.js
other_api,node_modules\parse5\dist\cjs\common\foreign-content.d.ts
other_api,node_modules\parse5\dist\cjs\common\foreign-content.js
other_api,node_modules\parse5\dist\cjs\common\html.d.ts
other_api,node_modules\parse5\dist\cjs\common\html.js
other_api,node_modules\parse5\dist\cjs\common\token.d.ts
other_api,node_modules\parse5\dist\cjs\common\token.js
other_api,node_modules\parse5\dist\cjs\common\unicode.d.ts
other_api,node_modules\parse5\dist\cjs\common\unicode.js
other_api,node_modules\parse5\dist\cjs\parser\formatting-element-list.d.ts
other_api,node_modules\parse5\dist\cjs\parser\formatting-element-list.js
other_api,node_modules\parse5\dist\cjs\parser\index.d.ts
other_api,node_modules\parse5\dist\cjs\parser\index.js
other_api,node_modules\parse5\dist\cjs\parser\open-element-stack.d.ts
other_api,node_modules\parse5\dist\cjs\parser\open-element-stack.js
other_api,node_modules\parse5\dist\cjs\serializer\index.d.ts
other_api,node_modules\parse5\dist\cjs\serializer\index.js
other_api,node_modules\parse5\dist\cjs\tokenizer\index.d.ts
other_api,node_modules\parse5\dist\cjs\tokenizer\index.js
other_api,node_modules\parse5\dist\cjs\tokenizer\preprocessor.d.ts
other_api,node_modules\parse5\dist\cjs\tokenizer\preprocessor.js
other_api,node_modules\parse5\dist\cjs\tree-adapters\default.d.ts
other_api,node_modules\parse5\dist\cjs\tree-adapters\default.js
other_api,node_modules\parse5\dist\cjs\tree-adapters\interface.d.ts
other_api,node_modules\parse5\dist\cjs\tree-adapters\interface.js
other_api,node_modules\parse5\dist\common\doctype.d.ts
other_api,node_modules\parse5\dist\common\doctype.js
other_api,node_modules\parse5\dist\common\error-codes.d.ts
other_api,node_modules\parse5\dist\common\error-codes.js
other_api,node_modules\parse5\dist\common\foreign-content.d.ts
other_api,node_modules\parse5\dist\common\foreign-content.js
other_api,node_modules\parse5\dist\common\html.d.ts
other_api,node_modules\parse5\dist\common\html.js
other_api,node_modules\parse5\dist\common\token.d.ts
other_api,node_modules\parse5\dist\common\token.js
other_api,node_modules\parse5\dist\common\unicode.d.ts
other_api,node_modules\parse5\dist\common\unicode.js
other_api,node_modules\parse5\dist\parser\formatting-element-list.d.ts
other_api,node_modules\parse5\dist\parser\formatting-element-list.js
other_api,node_modules\parse5\dist\parser\index.d.ts
other_api,node_modules\parse5\dist\parser\index.js
other_api,node_modules\parse5\dist\parser\open-element-stack.d.ts
other_api,node_modules\parse5\dist\parser\open-element-stack.js
other_api,node_modules\parse5\dist\serializer\index.d.ts
other_api,node_modules\parse5\dist\serializer\index.js
other_api,node_modules\parse5\dist\tokenizer\index.d.ts
other_api,node_modules\parse5\dist\tokenizer\index.js
other_api,node_modules\parse5\dist\tokenizer\preprocessor.d.ts
other_api,node_modules\parse5\dist\tokenizer\preprocessor.js
other_api,node_modules\parse5\dist\tree-adapters\default.d.ts
other_api,node_modules\parse5\dist\tree-adapters\default.js
other_api,node_modules\parse5\dist\tree-adapters\interface.d.ts
other_api,node_modules\parse5\dist\tree-adapters\interface.js
other_api,node_modules\path-exists\index.d.ts
other_api,node_modules\path-exists\index.js
other_api,node_modules\path-key\index.d.ts
other_api,node_modules\path-key\index.js
other_api,node_modules\path-to-regexp\dist\index.d.ts
other_api,node_modules\path-to-regexp\dist\index.js
other_api,node_modules\path-to-regexp\dist.es2015\index.js
other_api,node_modules\pathe\utils.d.ts
other_api,node_modules\pathe\dist\index.d.ts
other_api,node_modules\pathe\dist\utils.d.ts
other_api,node_modules\pathval\index.js
other_api,node_modules\picocolors\picocolors.browser.js
other_api,node_modules\picocolors\picocolors.d.ts
other_api,node_modules\picocolors\picocolors.js
other_api,node_modules\picocolors\types.d.ts
other_api,node_modules\picomatch\index.js
other_api,node_modules\picomatch\posix.js
other_api,node_modules\picomatch\lib\constants.js
other_api,node_modules\picomatch\lib\parse.js
other_api,node_modules\picomatch\lib\picomatch.js
other_api,node_modules\picomatch\lib\scan.js
other_api,node_modules\picomatch\lib\utils.js
other_api,node_modules\postcss\lib\at-rule.d.ts
other_api,node_modules\postcss\lib\at-rule.js
other_api,node_modules\postcss\lib\comment.d.ts
other_api,node_modules\postcss\lib\comment.js
other_api,node_modules\postcss\lib\container.d.ts
other_api,node_modules\postcss\lib\container.js
other_api,node_modules\postcss\lib\css-syntax-error.d.ts
other_api,node_modules\postcss\lib\css-syntax-error.js
other_api,node_modules\postcss\lib\declaration.d.ts
other_api,node_modules\postcss\lib\declaration.js
other_api,node_modules\postcss\lib\document.d.ts
other_api,node_modules\postcss\lib\document.js
other_api,node_modules\postcss\lib\fromJSON.d.ts
other_api,node_modules\postcss\lib\fromJSON.js
other_api,node_modules\postcss\lib\input.d.ts
other_api,node_modules\postcss\lib\input.js
other_api,node_modules\postcss\lib\lazy-result.d.ts
other_api,node_modules\postcss\lib\lazy-result.js
other_api,node_modules\postcss\lib\list.d.ts
other_api,node_modules\postcss\lib\list.js
other_api,node_modules\postcss\lib\map-generator.js
other_api,node_modules\postcss\lib\no-work-result.d.ts
other_api,node_modules\postcss\lib\no-work-result.js
other_api,node_modules\postcss\lib\node.d.ts
other_api,node_modules\postcss\lib\node.js
other_api,node_modules\postcss\lib\parse.d.ts
other_api,node_modules\postcss\lib\parse.js
other_api,node_modules\postcss\lib\parser.js
other_api,node_modules\postcss\lib\postcss.d.ts
other_api,node_modules\postcss\lib\postcss.js
other_api,node_modules\postcss\lib\previous-map.d.ts
other_api,node_modules\postcss\lib\previous-map.js
other_api,node_modules\postcss\lib\processor.d.ts
other_api,node_modules\postcss\lib\processor.js
other_api,node_modules\postcss\lib\result.d.ts
other_api,node_modules\postcss\lib\result.js
other_api,node_modules\postcss\lib\root.d.ts
other_api,node_modules\postcss\lib\root.js
other_api,node_modules\postcss\lib\rule.d.ts
other_api,node_modules\postcss\lib\rule.js
other_api,node_modules\postcss\lib\stringifier.d.ts
other_api,node_modules\postcss\lib\stringifier.js
other_api,node_modules\postcss\lib\stringify.d.ts
other_api,node_modules\postcss\lib\stringify.js
other_api,node_modules\postcss\lib\symbols.js
other_api,node_modules\postcss\lib\terminal-highlight.js
other_api,node_modules\postcss\lib\tokenize.js
other_api,node_modules\postcss\lib\warn-once.js
other_api,node_modules\postcss\lib\warning.d.ts
other_api,node_modules\postcss\lib\warning.js
other_api,node_modules\prelude-ls\lib\Func.js
other_api,node_modules\prelude-ls\lib\index.js
other_api,node_modules\prelude-ls\lib\List.js
other_api,node_modules\prelude-ls\lib\Num.js
other_api,node_modules\prelude-ls\lib\Obj.js
other_api,node_modules\prelude-ls\lib\Str.js
other_api,node_modules\pretty-format\build\collections.d.ts
other_api,node_modules\pretty-format\build\collections.js
other_api,node_modules\pretty-format\build\index.d.ts
other_api,node_modules\pretty-format\build\index.js
other_api,node_modules\pretty-format\build\types.d.ts
other_api,node_modules\pretty-format\build\types.js
other_api,node_modules\pretty-format\build\plugins\AsymmetricMatcher.d.ts
other_api,node_modules\pretty-format\build\plugins\AsymmetricMatcher.js
other_api,node_modules\pretty-format\build\plugins\ConvertAnsi.d.ts
other_api,node_modules\pretty-format\build\plugins\ConvertAnsi.js
other_api,node_modules\pretty-format\build\plugins\DOMCollection.d.ts
other_api,node_modules\pretty-format\build\plugins\DOMCollection.js
other_api,node_modules\pretty-format\build\plugins\DOMElement.d.ts
other_api,node_modules\pretty-format\build\plugins\DOMElement.js
other_api,node_modules\pretty-format\build\plugins\Immutable.d.ts
other_api,node_modules\pretty-format\build\plugins\Immutable.js
other_api,node_modules\pretty-format\build\plugins\ReactElement.d.ts
other_api,node_modules\pretty-format\build\plugins\ReactElement.js
other_api,node_modules\pretty-format\build\plugins\lib\escapeHTML.d.ts
other_api,node_modules\pretty-format\build\plugins\lib\escapeHTML.js
other_api,node_modules\pretty-format\build\plugins\lib\markup.d.ts
other_api,node_modules\pretty-format\build\plugins\lib\markup.js
other_api,node_modules\punycode\punycode.es6.js
other_api,node_modules\punycode\punycode.js
other_api,node_modules\react\compiler-runtime.js
other_api,node_modules\react\index.js
other_api,node_modules\react\jsx-dev-runtime.js
other_api,node_modules\react\jsx-dev-runtime.react-server.js
other_api,node_modules\react\jsx-runtime.js
other_api,node_modules\react\jsx-runtime.react-server.js
other_api,node_modules\react\react.react-server.js
other_api,node_modules\react\cjs\react-compiler-runtime.development.js
other_api,node_modules\react\cjs\react-compiler-runtime.production.js
other_api,node_modules\react\cjs\react-compiler-runtime.profiling.js
other_api,node_modules\react\cjs\react-jsx-dev-runtime.development.js
other_api,node_modules\react\cjs\react-jsx-dev-runtime.production.js
other_api,node_modules\react\cjs\react-jsx-dev-runtime.profiling.js
other_api,node_modules\react\cjs\react-jsx-dev-runtime.react-server.development.js
other_api,node_modules\react\cjs\react-jsx-dev-runtime.react-server.production.js
other_api,node_modules\react\cjs\react-jsx-runtime.development.js
other_api,node_modules\react\cjs\react-jsx-runtime.production.js
other_api,node_modules\react\cjs\react-jsx-runtime.profiling.js
other_api,node_modules\react\cjs\react-jsx-runtime.react-server.development.js
other_api,node_modules\react\cjs\react-jsx-runtime.react-server.production.js
other_api,node_modules\react\cjs\react.development.js
other_api,node_modules\react\cjs\react.production.js
other_api,node_modules\react\cjs\react.react-server.development.js
other_api,node_modules\react\cjs\react.react-server.production.js
other_api,node_modules\react-dom\client.js
other_api,node_modules\react-dom\client.react-server.js
other_api,node_modules\react-dom\index.js
other_api,node_modules\react-dom\profiling.js
other_api,node_modules\react-dom\profiling.react-server.js
other_api,node_modules\react-dom\react-dom.react-server.js
other_api,node_modules\react-dom\server.browser.js
other_api,node_modules\react-dom\server.bun.js
other_api,node_modules\react-dom\server.edge.js
other_api,node_modules\react-dom\server.js
other_api,node_modules\react-dom\server.node.js
other_api,node_modules\react-dom\server.react-server.js
other_api,node_modules\react-dom\static.browser.js
other_api,node_modules\react-dom\static.edge.js
other_api,node_modules\react-dom\static.js
other_api,node_modules\react-dom\static.node.js
other_api,node_modules\react-dom\static.react-server.js
other_api,node_modules\react-dom\test-utils.js
other_api,node_modules\react-dom\cjs\react-dom-client.development.js
other_api,node_modules\react-dom\cjs\react-dom-client.production.js
other_api,node_modules\react-dom\cjs\react-dom-profiling.development.js
other_api,node_modules\react-dom\cjs\react-dom-profiling.profiling.js
other_api,node_modules\react-dom\cjs\react-dom-server-legacy.browser.development.js
other_api,node_modules\react-dom\cjs\react-dom-server-legacy.browser.production.js
other_api,node_modules\react-dom\cjs\react-dom-server-legacy.node.development.js
other_api,node_modules\react-dom\cjs\react-dom-server-legacy.node.production.js
other_api,node_modules\react-dom\cjs\react-dom-server.browser.development.js
other_api,node_modules\react-dom\cjs\react-dom-server.browser.production.js
other_api,node_modules\react-dom\cjs\react-dom-server.bun.development.js
other_api,node_modules\react-dom\cjs\react-dom-server.bun.production.js
other_api,node_modules\react-dom\cjs\react-dom-server.edge.development.js
other_api,node_modules\react-dom\cjs\react-dom-server.edge.production.js
other_api,node_modules\react-dom\cjs\react-dom-server.node.development.js
other_api,node_modules\react-dom\cjs\react-dom-server.node.production.js
other_api,node_modules\react-dom\cjs\react-dom-test-utils.development.js
other_api,node_modules\react-dom\cjs\react-dom-test-utils.production.js
other_api,node_modules\react-dom\cjs\react-dom.development.js
other_api,node_modules\react-dom\cjs\react-dom.production.js
other_api,node_modules\react-dom\cjs\react-dom.react-server.development.js
other_api,node_modules\react-dom\cjs\react-dom.react-server.production.js
other_api,node_modules\react-is\index.js
other_api,node_modules\react-is\cjs\react-is.development.js
other_api,node_modules\react-is\cjs\react-is.production.min.js
other_api,node_modules\react-is\umd\react-is.development.js
other_api,node_modules\react-is\umd\react-is.production.min.js
other_api,node_modules\react-router\dist\development\browser-B2PdsXXH.d.ts
other_api,node_modules\react-router\dist\development\chunk-EVX4J2F5.js
other_api,node_modules\react-router\dist\development\chunk-G5KIBF6U.js
other_api,node_modules\react-router\dist\development\chunk-SA4DP3SF.js
other_api,node_modules\react-router\dist\development\data-CjO11-hU.d.ts
other_api,node_modules\react-router\dist\development\dom-export.d.ts
other_api,node_modules\react-router\dist\development\dom-export.js
other_api,node_modules\react-router\dist\development\index-react-server-client-3ykjivgQ.d.ts
other_api,node_modules\react-router\dist\development\index-react-server-client.d.ts
other_api,node_modules\react-router\dist\development\index-react-server-client.js
other_api,node_modules\react-router\dist\development\index-react-server.d.ts
other_api,node_modules\react-router\dist\development\index-react-server.js
other_api,node_modules\react-router\dist\development\index.d.ts
other_api,node_modules\react-router\dist\development\index.js
other_api,node_modules\react-router\dist\development\instrumentation-Dkmpzd13.d.ts
other_api,node_modules\react-router\dist\development\register-roq_0qYo.d.ts
other_api,node_modules\react-router\dist\development\lib\types\internal.d.ts
other_api,node_modules\react-router\dist\development\lib\types\internal.js
other_api,node_modules\react-router\dist\production\browser-B2PdsXXH.d.ts
other_api,node_modules\react-router\dist\production\chunk-GOIER6ML.js
other_api,node_modules\react-router\dist\production\chunk-IEF7VMTA.js
other_api,node_modules\react-router\dist\production\chunk-WICLSFKL.js
other_api,node_modules\react-router\dist\production\data-CjO11-hU.d.ts
other_api,node_modules\react-router\dist\production\dom-export.d.ts
other_api,node_modules\react-router\dist\production\dom-export.js
other_api,node_modules\react-router\dist\production\index-react-server-client-3ykjivgQ.d.ts
other_api,node_modules\react-router\dist\production\index-react-server-client.d.ts
other_api,node_modules\react-router\dist\production\index-react-server-client.js
other_api,node_modules\react-router\dist\production\index-react-server.d.ts
other_api,node_modules\react-router\dist\production\index-react-server.js
other_api,node_modules\react-router\dist\production\index.d.ts
other_api,node_modules\react-router\dist\production\index.js
other_api,node_modules\react-router\dist\production\instrumentation-Dkmpzd13.d.ts
other_api,node_modules\react-router\dist\production\register-roq_0qYo.d.ts
other_api,node_modules\react-router\dist\production\lib\types\internal.d.ts
other_api,node_modules\react-router\dist\production\lib\types\internal.js
other_api,node_modules\react-router-dom\dist\index.d.ts
other_api,node_modules\react-router-dom\dist\index.js
other_api,node_modules\redent\index.d.ts
other_api,node_modules\redent\index.js
other_api,node_modules\requestidlecallback\index.js
other_api,node_modules\requestidlecallback\test\test.js
other_api,node_modules\require-directory\index.js
other_api,node_modules\rettime\src\index.ts
other_api,node_modules\rettime\src\lens-list.ts
other_api,node_modules\rolldown\dist\experimental-runtime-types.d.ts
other_api,node_modules\rollup\dist\getLogFilter.d.ts
other_api,node_modules\rollup\dist\getLogFilter.js
other_api,node_modules\rollup\dist\loadConfigFile.d.ts
other_api,node_modules\rollup\dist\loadConfigFile.js
other_api,node_modules\rollup\dist\native.js
other_api,node_modules\rollup\dist\parseAst.d.ts
other_api,node_modules\rollup\dist\parseAst.js
other_api,node_modules\rollup\dist\rollup.d.ts
other_api,node_modules\rollup\dist\rollup.js
other_api,node_modules\rollup\dist\es\getLogFilter.js
other_api,node_modules\rollup\dist\es\parseAst.js
other_api,node_modules\rollup\dist\es\rollup.js
other_api,node_modules\rollup\dist\es\shared\node-entry.js
other_api,node_modules\rollup\dist\es\shared\parseAst.js
other_api,node_modules\rollup\dist\es\shared\watch.js
other_api,node_modules\rollup\dist\shared\fsevents-importer.js
other_api,node_modules\rollup\dist\shared\index.js
other_api,node_modules\rollup\dist\shared\loadConfigFile.js
other_api,node_modules\rollup\dist\shared\parseAst.js
other_api,node_modules\rollup\dist\shared\rollup.js
other_api,node_modules\rollup\dist\shared\watch-cli.js
other_api,node_modules\rollup\dist\shared\watch.js
other_api,node_modules\rrweb-cssom\build\CSSOM.js
other_api,node_modules\rrweb-cssom\lib\clone.js
other_api,node_modules\rrweb-cssom\lib\CSSConditionRule.js
other_api,node_modules\rrweb-cssom\lib\CSSContainerRule.js
other_api,node_modules\rrweb-cssom\lib\CSSDocumentRule.js
other_api,node_modules\rrweb-cssom\lib\CSSFontFaceRule.js
other_api,node_modules\rrweb-cssom\lib\CSSGroupingRule.js
other_api,node_modules\rrweb-cssom\lib\CSSHostRule.js
other_api,node_modules\rrweb-cssom\lib\CSSImportRule.js
other_api,node_modules\rrweb-cssom\lib\CSSKeyframeRule.js
other_api,node_modules\rrweb-cssom\lib\CSSKeyframesRule.js
other_api,node_modules\rrweb-cssom\lib\CSSLayerBlockRule.js
other_api,node_modules\rrweb-cssom\lib\CSSMediaRule.js
other_api,node_modules\rrweb-cssom\lib\CSSOM.js
other_api,node_modules\rrweb-cssom\lib\CSSRule.js
other_api,node_modules\rrweb-cssom\lib\CSSStartingStyleRule.js
other_api,node_modules\rrweb-cssom\lib\CSSStyleDeclaration.js
other_api,node_modules\rrweb-cssom\lib\CSSStyleRule.js
other_api,node_modules\rrweb-cssom\lib\CSSStyleSheet.js
other_api,node_modules\rrweb-cssom\lib\CSSSupportsRule.js
other_api,node_modules\rrweb-cssom\lib\CSSValue.js
other_api,node_modules\rrweb-cssom\lib\CSSValueExpression.js
other_api,node_modules\rrweb-cssom\lib\index.js
other_api,node_modules\rrweb-cssom\lib\MatcherList.js
other_api,node_modules\rrweb-cssom\lib\MediaList.js
other_api,node_modules\rrweb-cssom\lib\parse.js
other_api,node_modules\rrweb-cssom\lib\StyleSheet.js
other_api,node_modules\safer-buffer\dangerous.js
other_api,node_modules\safer-buffer\safer.js
other_api,node_modules\safer-buffer\tests.js
other_api,node_modules\saxes\saxes.d.ts
other_api,node_modules\saxes\saxes.js
other_api,node_modules\scheduler\index.js
other_api,node_modules\scheduler\index.native.js
other_api,node_modules\scheduler\unstable_mock.js
other_api,node_modules\scheduler\unstable_post_task.js
other_api,node_modules\scheduler\cjs\scheduler-unstable_mock.development.js
other_api,node_modules\scheduler\cjs\scheduler-unstable_mock.production.js
other_api,node_modules\scheduler\cjs\scheduler-unstable_post_task.development.js
other_api,node_modules\scheduler\cjs\scheduler-unstable_post_task.production.js
other_api,node_modules\scheduler\cjs\scheduler.development.js
other_api,node_modules\scheduler\cjs\scheduler.native.development.js
other_api,node_modules\scheduler\cjs\scheduler.native.production.js
other_api,node_modules\scheduler\cjs\scheduler.production.js
other_api,node_modules\semver\semver.js
other_api,node_modules\semver\bin\semver.js
other_api,node_modules\set-cookie-parser\lib\set-cookie.js
other_api,node_modules\shebang-command\index.js
other_api,node_modules\shebang-regex\index.d.ts
other_api,node_modules\shebang-regex\index.js
other_api,node_modules\siginfo\index.js
other_api,node_modules\siginfo\test.js
other_api,node_modules\signal-exit\dist\cjs\browser.d.ts
other_api,node_modules\signal-exit\dist\cjs\browser.js
other_api,node_modules\signal-exit\dist\cjs\index.d.ts
other_api,node_modules\signal-exit\dist\cjs\index.js
other_api,node_modules\signal-exit\dist\cjs\signals.d.ts
other_api,node_modules\signal-exit\dist\cjs\signals.js
other_api,node_modules\signal-exit\dist\mjs\browser.d.ts
other_api,node_modules\signal-exit\dist\mjs\browser.js
other_api,node_modules\signal-exit\dist\mjs\index.d.ts
other_api,node_modules\signal-exit\dist\mjs\index.js
other_api,node_modules\signal-exit\dist\mjs\signals.d.ts
other_api,node_modules\signal-exit\dist\mjs\signals.js
other_api,node_modules\source-map-js\source-map.d.ts
other_api,node_modules\source-map-js\source-map.js
other_api,node_modules\source-map-js\lib\array-set.js
other_api,node_modules\source-map-js\lib\base64-vlq.js
other_api,node_modules\source-map-js\lib\base64.js
other_api,node_modules\source-map-js\lib\binary-search.js
other_api,node_modules\source-map-js\lib\mapping-list.js
other_api,node_modules\source-map-js\lib\quick-sort.js
other_api,node_modules\source-map-js\lib\source-map-consumer.d.ts
other_api,node_modules\source-map-js\lib\source-map-consumer.js
other_api,node_modules\source-map-js\lib\source-map-generator.d.ts
other_api,node_modules\source-map-js\lib\source-map-generator.js
other_api,node_modules\source-map-js\lib\source-node.d.ts
other_api,node_modules\source-map-js\lib\source-node.js
other_api,node_modules\source-map-js\lib\util.js
other_api,node_modules\stackback\formatstack.js
other_api,node_modules\stackback\index.js
other_api,node_modules\stackback\test.js
other_api,node_modules\statuses\index.js
other_api,node_modules\std-env\dist\index.d.ts
other_api,node_modules\strict-event-emitter\lib\index.d.ts
other_api,node_modules\strict-event-emitter\lib\index.js
other_api,node_modules\string-width\index.d.ts
other_api,node_modules\string-width\index.js
other_api,node_modules\strip-ansi\index.d.ts
other_api,node_modules\strip-ansi\index.js
other_api,node_modules\strip-indent\index.d.ts
other_api,node_modules\strip-indent\index.js
other_api,node_modules\strip-literal\dist\index.d.ts
other_api,node_modules\strip-literal\node_modules\js-tokens\index.d.ts
other_api,node_modules\strip-literal\node_modules\js-tokens\index.js
other_api,node_modules\symbol-tree\lib\SymbolTree.js
other_api,node_modules\symbol-tree\lib\SymbolTreeNode.js
other_api,node_modules\symbol-tree\lib\TreeIterator.js
other_api,node_modules\symbol-tree\lib\TreePosition.js
other_api,node_modules\tagged-tag\index.d.ts
other_api,node_modules\tinybench\dist\index.d.ts
other_api,node_modules\tinybench\dist\index.js
other_api,node_modules\tinyexec\dist\main.d.ts
other_api,node_modules\tinyexec\dist\main.js
other_api,node_modules\tinypool\dist\common-Qw-RoVFD.js
other_api,node_modules\tinypool\dist\index.d.ts
other_api,node_modules\tinypool\dist\index.js
other_api,node_modules\tinypool\dist\utils-B--2TaWv.js
other_api,node_modules\tinypool\dist\utils-De75vAgL.js
other_api,node_modules\tinypool\dist\entry\process.d.ts
other_api,node_modules\tinypool\dist\entry\process.js
other_api,node_modules\tinypool\dist\entry\utils.d.ts
other_api,node_modules\tinypool\dist\entry\utils.js
other_api,node_modules\tinypool\dist\entry\worker.d.ts
other_api,node_modules\tinypool\dist\entry\worker.js
other_api,node_modules\tinyrainbow\dist\browser.d.ts
other_api,node_modules\tinyrainbow\dist\browser.js
other_api,node_modules\tinyrainbow\dist\chunk-BVHSVHOK.js
other_api,node_modules\tinyrainbow\dist\index-8b61d5bc.d.ts
other_api,node_modules\tinyrainbow\dist\node.d.ts
other_api,node_modules\tinyrainbow\dist\node.js
other_api,node_modules\tinyspy\dist\index.d.ts
other_api,node_modules\tinyspy\dist\index.js
other_api,node_modules\tldts\index.ts
other_api,node_modules\tldts\bin\cli.js
other_api,node_modules\tldts\dist\index.cjs.min.js
other_api,node_modules\tldts\dist\index.esm.min.js
other_api,node_modules\tldts\dist\index.umd.min.js
other_api,node_modules\tldts\dist\cjs\index.js
other_api,node_modules\tldts\dist\cjs\src\suffix-trie.js
other_api,node_modules\tldts\dist\cjs\src\data\trie.js
other_api,node_modules\tldts\dist\es6\index.js
other_api,node_modules\tldts\dist\es6\src\suffix-trie.js
other_api,node_modules\tldts\dist\es6\src\data\trie.js
other_api,node_modules\tldts\dist\types\index.d.ts
other_api,node_modules\tldts\dist\types\src\suffix-trie.d.ts
other_api,node_modules\tldts\dist\types\src\data\trie.d.ts
other_api,node_modules\tldts\src\suffix-trie.ts
other_api,node_modules\tldts\src\data\trie.ts
other_api,node_modules\tldts-core\index.ts
other_api,node_modules\tldts-core\dist\cjs\index.js
other_api,node_modules\tldts-core\dist\cjs\src\domain-without-suffix.js
other_api,node_modules\tldts-core\dist\cjs\src\domain.js
other_api,node_modules\tldts-core\dist\cjs\src\extract-hostname.js
other_api,node_modules\tldts-core\dist\cjs\src\factory.js
other_api,node_modules\tldts-core\dist\cjs\src\is-ip.js
other_api,node_modules\tldts-core\dist\cjs\src\is-valid.js
other_api,node_modules\tldts-core\dist\cjs\src\options.js
other_api,node_modules\tldts-core\dist\cjs\src\subdomain.js
other_api,node_modules\tldts-core\dist\cjs\src\lookup\fast-path.js
other_api,node_modules\tldts-core\dist\cjs\src\lookup\interface.js
other_api,node_modules\tldts-core\dist\es6\index.js
other_api,node_modules\tldts-core\dist\es6\src\domain-without-suffix.js
other_api,node_modules\tldts-core\dist\es6\src\domain.js
other_api,node_modules\tldts-core\dist\es6\src\extract-hostname.js
other_api,node_modules\tldts-core\dist\es6\src\factory.js
other_api,node_modules\tldts-core\dist\es6\src\is-ip.js
other_api,node_modules\tldts-core\dist\es6\src\is-valid.js
other_api,node_modules\tldts-core\dist\es6\src\options.js
other_api,node_modules\tldts-core\dist\es6\src\subdomain.js
other_api,node_modules\tldts-core\dist\es6\src\lookup\fast-path.js
other_api,node_modules\tldts-core\dist\es6\src\lookup\interface.js
other_api,node_modules\tldts-core\dist\types\index.d.ts
other_api,node_modules\tldts-core\dist\types\src\domain-without-suffix.d.ts
other_api,node_modules\tldts-core\dist\types\src\domain.d.ts
other_api,node_modules\tldts-core\dist\types\src\extract-hostname.d.ts
other_api,node_modules\tldts-core\dist\types\src\factory.d.ts
other_api,node_modules\tldts-core\dist\types\src\is-ip.d.ts
other_api,node_modules\tldts-core\dist\types\src\is-valid.d.ts
other_api,node_modules\tldts-core\dist\types\src\options.d.ts
other_api,node_modules\tldts-core\dist\types\src\subdomain.d.ts
other_api,node_modules\tldts-core\dist\types\src\lookup\fast-path.d.ts
other_api,node_modules\tldts-core\dist\types\src\lookup\interface.d.ts
other_api,node_modules\tldts-core\src\domain-without-suffix.ts
other_api,node_modules\tldts-core\src\domain.ts
other_api,node_modules\tldts-core\src\extract-hostname.ts
other_api,node_modules\tldts-core\src\factory.ts
other_api,node_modules\tldts-core\src\is-ip.ts
other_api,node_modules\tldts-core\src\is-valid.ts
other_api,node_modules\tldts-core\src\options.ts
other_api,node_modules\tldts-core\src\subdomain.ts
other_api,node_modules\tldts-core\src\lookup\fast-path.ts
other_api,node_modules\tldts-core\src\lookup\interface.ts
other_api,node_modules\tough-cookie\dist\getPublicSuffix.d.ts
other_api,node_modules\tough-cookie\dist\getPublicSuffix.js
other_api,node_modules\tough-cookie\dist\memstore.d.ts
other_api,node_modules\tough-cookie\dist\memstore.js
other_api,node_modules\tough-cookie\dist\pathMatch.d.ts
other_api,node_modules\tough-cookie\dist\pathMatch.js
other_api,node_modules\tough-cookie\dist\permuteDomain.d.ts
other_api,node_modules\tough-cookie\dist\permuteDomain.js
other_api,node_modules\tough-cookie\dist\store.d.ts
other_api,node_modules\tough-cookie\dist\store.js
other_api,node_modules\tough-cookie\dist\utils.d.ts
other_api,node_modules\tough-cookie\dist\utils.js
other_api,node_modules\tough-cookie\dist\validators.d.ts
other_api,node_modules\tough-cookie\dist\validators.js
other_api,node_modules\tough-cookie\dist\version.d.ts
other_api,node_modules\tough-cookie\dist\version.js
other_api,node_modules\tough-cookie\dist\cookie\canonicalDomain.d.ts
other_api,node_modules\tough-cookie\dist\cookie\canonicalDomain.js
other_api,node_modules\tough-cookie\dist\cookie\constants.d.ts
other_api,node_modules\tough-cookie\dist\cookie\constants.js
other_api,node_modules\tough-cookie\dist\cookie\cookie.d.ts
other_api,node_modules\tough-cookie\dist\cookie\cookie.js
other_api,node_modules\tough-cookie\dist\cookie\cookieCompare.d.ts
other_api,node_modules\tough-cookie\dist\cookie\cookieCompare.js
other_api,node_modules\tough-cookie\dist\cookie\cookieJar.d.ts
other_api,node_modules\tough-cookie\dist\cookie\cookieJar.js
other_api,node_modules\tough-cookie\dist\cookie\defaultPath.d.ts
other_api,node_modules\tough-cookie\dist\cookie\defaultPath.js
other_api,node_modules\tough-cookie\dist\cookie\domainMatch.d.ts
other_api,node_modules\tough-cookie\dist\cookie\domainMatch.js
other_api,node_modules\tough-cookie\dist\cookie\formatDate.d.ts
other_api,node_modules\tough-cookie\dist\cookie\formatDate.js
other_api,node_modules\tough-cookie\dist\cookie\index.d.ts
other_api,node_modules\tough-cookie\dist\cookie\index.js
other_api,node_modules\tough-cookie\dist\cookie\parseDate.d.ts
other_api,node_modules\tough-cookie\dist\cookie\parseDate.js
other_api,node_modules\tough-cookie\dist\cookie\permutePath.d.ts
other_api,node_modules\tough-cookie\dist\cookie\permutePath.js
other_api,node_modules\tr46\index.js
other_api,node_modules\tr46\lib\regexes.js
other_api,node_modules\tr46\lib\statusMapping.js
other_api,node_modules\ts-api-utils\lib\index.d.ts
other_api,node_modules\ts-api-utils\lib\index.js
other_api,node_modules\type-check\lib\check.js
other_api,node_modules\type-check\lib\index.js
other_api,node_modules\type-check\lib\parse-type.js
other_api,node_modules\type-fest\index.d.ts
other_api,node_modules\type-fest\source\absolute.d.ts
other_api,node_modules\type-fest\source\all-extend.d.ts
other_api,node_modules\type-fest\source\all-union-fields.d.ts
other_api,node_modules\type-fest\source\and-all.d.ts
other_api,node_modules\type-fest\source\and.d.ts
other_api,node_modules\type-fest\source\array-element.d.ts
other_api,node_modules\type-fest\source\array-indices.d.ts
other_api,node_modules\type-fest\source\array-length.d.ts
other_api,node_modules\type-fest\source\array-reverse.d.ts
other_api,node_modules\type-fest\source\array-slice.d.ts
other_api,node_modules\type-fest\source\array-splice.d.ts
other_api,node_modules\type-fest\source\array-tail.d.ts
other_api,node_modules\type-fest\source\array-values.d.ts
other_api,node_modules\type-fest\source\arrayable.d.ts
other_api,node_modules\type-fest\source\async-return-type.d.ts
other_api,node_modules\type-fest\source\asyncify.d.ts
other_api,node_modules\type-fest\source\basic.d.ts
other_api,node_modules\type-fest\source\camel-case.d.ts
other_api,node_modules\type-fest\source\camel-cased-properties-deep.d.ts
other_api,node_modules\type-fest\source\camel-cased-properties.d.ts
other_api,node_modules\type-fest\source\characters.d.ts
other_api,node_modules\type-fest\source\conditional-except.d.ts
other_api,node_modules\type-fest\source\conditional-keys.d.ts
other_api,node_modules\type-fest\source\conditional-pick-deep.d.ts
other_api,node_modules\type-fest\source\conditional-pick.d.ts
other_api,node_modules\type-fest\source\conditional-simplify-deep.d.ts
other_api,node_modules\type-fest\source\conditional-simplify.d.ts
other_api,node_modules\type-fest\source\delimiter-case.d.ts
other_api,node_modules\type-fest\source\delimiter-cased-properties-deep.d.ts
other_api,node_modules\type-fest\source\delimiter-cased-properties.d.ts
other_api,node_modules\type-fest\source\distributed-omit.d.ts
other_api,node_modules\type-fest\source\distributed-pick.d.ts
other_api,node_modules\type-fest\source\empty-object.d.ts
other_api,node_modules\type-fest\source\entries.d.ts
other_api,node_modules\type-fest\source\entry.d.ts
other_api,node_modules\type-fest\source\exact.d.ts
other_api,node_modules\type-fest\source\except.d.ts
other_api,node_modules\type-fest\source\exclude-exactly.d.ts
other_api,node_modules\type-fest\source\exclude-rest-element.d.ts
other_api,node_modules\type-fest\source\exclude-strict.d.ts
other_api,node_modules\type-fest\source\exclusify-union.d.ts
other_api,node_modules\type-fest\source\extends-strict.d.ts
other_api,node_modules\type-fest\source\extract-exactly.d.ts
other_api,node_modules\type-fest\source\extract-rest-element.d.ts
other_api,node_modules\type-fest\source\extract-strict.d.ts
other_api,node_modules\type-fest\source\find-global-type.d.ts
other_api,node_modules\type-fest\source\fixed-length-array.d.ts
other_api,node_modules\type-fest\source\get.d.ts
other_api,node_modules\type-fest\source\global-this.d.ts
other_api,node_modules\type-fest\source\greater-than-or-equal.d.ts
other_api,node_modules\type-fest\source\greater-than.d.ts
other_api,node_modules\type-fest\source\has-optional-keys.d.ts
other_api,node_modules\type-fest\source\has-readonly-keys.d.ts
other_api,node_modules\type-fest\source\has-required-keys.d.ts
other_api,node_modules\type-fest\source\has-writable-keys.d.ts
other_api,node_modules\type-fest\source\if-any.d.ts
other_api,node_modules\type-fest\source\if-empty-object.d.ts
other_api,node_modules\type-fest\source\if-never.d.ts
other_api,node_modules\type-fest\source\if-null.d.ts
other_api,node_modules\type-fest\source\if-unknown.d.ts
other_api,node_modules\type-fest\source\if.d.ts
other_api,node_modules\type-fest\source\includes.d.ts
other_api,node_modules\type-fest\source\int-closed-range.d.ts
other_api,node_modules\type-fest\source\int-range.d.ts
other_api,node_modules\type-fest\source\invariant-of.d.ts
other_api,node_modules\type-fest\source\is-any.d.ts
other_api,node_modules\type-fest\source\is-equal.d.ts
other_api,node_modules\type-fest\source\is-float.d.ts
other_api,node_modules\type-fest\source\is-integer.d.ts
other_api,node_modules\type-fest\source\is-literal.d.ts
other_api,node_modules\type-fest\source\is-lowercase.d.ts
other_api,node_modules\type-fest\source\is-never.d.ts
other_api,node_modules\type-fest\source\is-null.d.ts
other_api,node_modules\type-fest\source\is-nullable.d.ts
other_api,node_modules\type-fest\source\is-optional-key-of.d.ts
other_api,node_modules\type-fest\source\is-optional.d.ts
other_api,node_modules\type-fest\source\is-readonly-key-of.d.ts
other_api,node_modules\type-fest\source\is-required-key-of.d.ts
other_api,node_modules\type-fest\source\is-tuple.d.ts
other_api,node_modules\type-fest\source\is-undefined.d.ts
other_api,node_modules\type-fest\source\is-union.d.ts
other_api,node_modules\type-fest\source\is-unknown.d.ts
other_api,node_modules\type-fest\source\is-uppercase.d.ts
other_api,node_modules\type-fest\source\is-writable-key-of.d.ts
other_api,node_modules\type-fest\source\iterable-element.d.ts
other_api,node_modules\type-fest\source\join.d.ts
other_api,node_modules\type-fest\source\json-value.d.ts
other_api,node_modules\type-fest\source\jsonifiable.d.ts
other_api,node_modules\type-fest\source\jsonify.d.ts
other_api,node_modules\type-fest\source\kebab-case.d.ts
other_api,node_modules\type-fest\source\kebab-cased-properties-deep.d.ts
other_api,node_modules\type-fest\source\kebab-cased-properties.d.ts
other_api,node_modules\type-fest\source\key-as-string.d.ts
other_api,node_modules\type-fest\source\keys-of-union.d.ts
other_api,node_modules\type-fest\source\last-array-element.d.ts
other_api,node_modules\type-fest\source\less-than-or-equal.d.ts
other_api,node_modules\type-fest\source\less-than.d.ts
other_api,node_modules\type-fest\source\literal-to-primitive-deep.d.ts
other_api,node_modules\type-fest\source\literal-to-primitive.d.ts
other_api,node_modules\type-fest\source\literal-union.d.ts
other_api,node_modules\type-fest\source\merge-deep.d.ts
other_api,node_modules\type-fest\source\merge-exclusive.d.ts
other_api,node_modules\type-fest\source\merge.d.ts
other_api,node_modules\type-fest\source\multidimensional-array.d.ts
other_api,node_modules\type-fest\source\multidimensional-readonly-array.d.ts
other_api,node_modules\type-fest\source\non-empty-object.d.ts
other_api,node_modules\type-fest\source\non-empty-string.d.ts
other_api,node_modules\type-fest\source\non-empty-tuple.d.ts
other_api,node_modules\type-fest\source\non-nullable-deep.d.ts
other_api,node_modules\type-fest\source\numeric.d.ts
other_api,node_modules\type-fest\source\object-merge.d.ts
other_api,node_modules\type-fest\source\omit-deep.d.ts
other_api,node_modules\type-fest\source\omit-index-signature.d.ts
other_api,node_modules\type-fest\source\opaque.d.ts
other_api,node_modules\type-fest\source\optional-keys-of.d.ts
other_api,node_modules\type-fest\source\optional.d.ts
other_api,node_modules\type-fest\source\or-all.d.ts
other_api,node_modules\type-fest\source\or.d.ts
other_api,node_modules\type-fest\source\override-properties.d.ts
other_api,node_modules\type-fest\source\package-json.d.ts
other_api,node_modules\type-fest\source\partial-deep.d.ts
other_api,node_modules\type-fest\source\partial-on-undefined-deep.d.ts
other_api,node_modules\type-fest\source\pascal-case.d.ts
other_api,node_modules\type-fest\source\pascal-cased-properties-deep.d.ts
other_api,node_modules\type-fest\source\pascal-cased-properties.d.ts
other_api,node_modules\type-fest\source\paths.d.ts
other_api,node_modules\type-fest\source\pick-deep.d.ts
other_api,node_modules\type-fest\source\pick-index-signature.d.ts
other_api,node_modules\type-fest\source\primitive.d.ts
other_api,node_modules\type-fest\source\promisable.d.ts
other_api,node_modules\type-fest\source\readonly-deep.d.ts
other_api,node_modules\type-fest\source\readonly-keys-of.d.ts
other_api,node_modules\type-fest\source\readonly-tuple.d.ts
other_api,node_modules\type-fest\source\remove-prefix.d.ts
other_api,node_modules\type-fest\source\remove-suffix.d.ts
other_api,node_modules\type-fest\source\replace.d.ts
other_api,node_modules\type-fest\source\require-all-or-none.d.ts
other_api,node_modules\type-fest\source\require-at-least-one.d.ts
other_api,node_modules\type-fest\source\require-exactly-one.d.ts
other_api,node_modules\type-fest\source\require-one-or-none.d.ts
other_api,node_modules\type-fest\source\required-deep.d.ts
other_api,node_modules\type-fest\source\required-keys-of.d.ts
other_api,node_modules\type-fest\source\schema.d.ts
other_api,node_modules\type-fest\source\screaming-snake-case.d.ts
other_api,node_modules\type-fest\source\set-field-type.d.ts
other_api,node_modules\type-fest\source\set-non-nullable-deep.d.ts
other_api,node_modules\type-fest\source\set-non-nullable.d.ts
other_api,node_modules\type-fest\source\set-optional.d.ts
other_api,node_modules\type-fest\source\set-parameter-type.d.ts
other_api,node_modules\type-fest\source\set-readonly.d.ts
other_api,node_modules\type-fest\source\set-required-deep.d.ts
other_api,node_modules\type-fest\source\set-required.d.ts
other_api,node_modules\type-fest\source\set-return-type.d.ts
other_api,node_modules\type-fest\source\shared-union-fields-deep.d.ts
other_api,node_modules\type-fest\source\shared-union-fields.d.ts
other_api,node_modules\type-fest\source\simplify-deep.d.ts
other_api,node_modules\type-fest\source\simplify.d.ts
other_api,node_modules\type-fest\source\single-key-object.d.ts
other_api,node_modules\type-fest\source\snake-case.d.ts
other_api,node_modules\type-fest\source\snake-cased-properties-deep.d.ts
other_api,node_modules\type-fest\source\snake-cased-properties.d.ts
other_api,node_modules\type-fest\source\some-extend.d.ts
other_api,node_modules\type-fest\source\split-on-rest-element.d.ts
other_api,node_modules\type-fest\source\split.d.ts
other_api,node_modules\type-fest\source\spread.d.ts
other_api,node_modules\type-fest\source\string-length.d.ts
other_api,node_modules\type-fest\source\string-repeat.d.ts
other_api,node_modules\type-fest\source\string-slice.d.ts
other_api,node_modules\type-fest\source\string-to-array.d.ts
other_api,node_modules\type-fest\source\string-to-number.d.ts
other_api,node_modules\type-fest\source\stringified.d.ts
other_api,node_modules\type-fest\source\structured-cloneable.d.ts
other_api,node_modules\type-fest\source\subtract.d.ts
other_api,node_modules\type-fest\source\sum.d.ts
other_api,node_modules\type-fest\source\tagged-union.d.ts
other_api,node_modules\type-fest\source\tagged.d.ts
other_api,node_modules\type-fest\source\trim.d.ts
other_api,node_modules\type-fest\source\tsconfig-json.d.ts
other_api,node_modules\type-fest\source\tuple-of.d.ts
other_api,node_modules\type-fest\source\tuple-to-object.d.ts
other_api,node_modules\type-fest\source\tuple-to-union.d.ts
other_api,node_modules\type-fest\source\typed-array.d.ts
other_api,node_modules\type-fest\source\undefined-on-partial-deep.d.ts
other_api,node_modules\type-fest\source\union-length.d.ts
other_api,node_modules\type-fest\source\union-member.d.ts
other_api,node_modules\type-fest\source\union-to-intersection.d.ts
other_api,node_modules\type-fest\source\union-to-tuple.d.ts
other_api,node_modules\type-fest\source\unknown-array.d.ts
other_api,node_modules\type-fest\source\unknown-map.d.ts
other_api,node_modules\type-fest\source\unknown-record.d.ts
other_api,node_modules\type-fest\source\unknown-set.d.ts
other_api,node_modules\type-fest\source\unwrap-partial.d.ts
other_api,node_modules\type-fest\source\unwrap-required.d.ts
other_api,node_modules\type-fest\source\value-of.d.ts
other_api,node_modules\type-fest\source\words.d.ts
other_api,node_modules\type-fest\source\writable-deep.d.ts
other_api,node_modules\type-fest\source\writable-keys-of.d.ts
other_api,node_modules\type-fest\source\writable.d.ts
other_api,node_modules\type-fest\source\xor.d.ts
other_api,node_modules\type-fest\source\globals\index.d.ts
other_api,node_modules\type-fest\source\globals\observable-like.d.ts
other_api,node_modules\type-fest\source\internal\array.d.ts
other_api,node_modules\type-fest\source\internal\characters.d.ts
other_api,node_modules\type-fest\source\internal\enforce-optional.d.ts
other_api,node_modules\type-fest\source\internal\index.d.ts
other_api,node_modules\type-fest\source\internal\keys.d.ts
other_api,node_modules\type-fest\source\internal\numeric.d.ts
other_api,node_modules\type-fest\source\internal\object.d.ts
other_api,node_modules\type-fest\source\internal\string.d.ts
other_api,node_modules\type-fest\source\internal\tuple.d.ts
other_api,node_modules\type-fest\source\internal\type.d.ts
other_api,node_modules\typescript\lib\lib.d.ts
other_api,node_modules\typescript\lib\lib.decorators.d.ts
other_api,node_modules\typescript\lib\lib.decorators.legacy.d.ts
other_api,node_modules\typescript\lib\lib.dom.asynciterable.d.ts
other_api,node_modules\typescript\lib\lib.dom.d.ts
other_api,node_modules\typescript\lib\lib.dom.iterable.d.ts
other_api,node_modules\typescript\lib\lib.es2015.collection.d.ts
other_api,node_modules\typescript\lib\lib.es2015.core.d.ts
other_api,node_modules\typescript\lib\lib.es2015.d.ts
other_api,node_modules\typescript\lib\lib.es2015.generator.d.ts
other_api,node_modules\typescript\lib\lib.es2015.iterable.d.ts
other_api,node_modules\typescript\lib\lib.es2015.promise.d.ts
other_api,node_modules\typescript\lib\lib.es2015.proxy.d.ts
other_api,node_modules\typescript\lib\lib.es2015.reflect.d.ts
other_api,node_modules\typescript\lib\lib.es2015.symbol.d.ts
other_api,node_modules\typescript\lib\lib.es2015.symbol.wellknown.d.ts
other_api,node_modules\typescript\lib\lib.es2016.array.include.d.ts
other_api,node_modules\typescript\lib\lib.es2016.d.ts
other_api,node_modules\typescript\lib\lib.es2016.full.d.ts
other_api,node_modules\typescript\lib\lib.es2016.intl.d.ts
other_api,node_modules\typescript\lib\lib.es2017.arraybuffer.d.ts
other_api,node_modules\typescript\lib\lib.es2017.d.ts
other_api,node_modules\typescript\lib\lib.es2017.date.d.ts
other_api,node_modules\typescript\lib\lib.es2017.full.d.ts
other_api,node_modules\typescript\lib\lib.es2017.intl.d.ts
other_api,node_modules\typescript\lib\lib.es2017.object.d.ts
other_api,node_modules\typescript\lib\lib.es2017.sharedmemory.d.ts
other_api,node_modules\typescript\lib\lib.es2017.string.d.ts
other_api,node_modules\typescript\lib\lib.es2017.typedarrays.d.ts
other_api,node_modules\typescript\lib\lib.es2018.asyncgenerator.d.ts
other_api,node_modules\typescript\lib\lib.es2018.asynciterable.d.ts
other_api,node_modules\typescript\lib\lib.es2018.d.ts
other_api,node_modules\typescript\lib\lib.es2018.full.d.ts
other_api,node_modules\typescript\lib\lib.es2018.intl.d.ts
other_api,node_modules\typescript\lib\lib.es2018.promise.d.ts
other_api,node_modules\typescript\lib\lib.es2018.regexp.d.ts
other_api,node_modules\typescript\lib\lib.es2019.array.d.ts
other_api,node_modules\typescript\lib\lib.es2019.d.ts
other_api,node_modules\typescript\lib\lib.es2019.full.d.ts
other_api,node_modules\typescript\lib\lib.es2019.intl.d.ts
other_api,node_modules\typescript\lib\lib.es2019.object.d.ts
other_api,node_modules\typescript\lib\lib.es2019.string.d.ts
other_api,node_modules\typescript\lib\lib.es2019.symbol.d.ts
other_api,node_modules\typescript\lib\lib.es2020.bigint.d.ts
other_api,node_modules\typescript\lib\lib.es2020.d.ts
other_api,node_modules\typescript\lib\lib.es2020.date.d.ts
other_api,node_modules\typescript\lib\lib.es2020.full.d.ts
other_api,node_modules\typescript\lib\lib.es2020.intl.d.ts
other_api,node_modules\typescript\lib\lib.es2020.number.d.ts
other_api,node_modules\typescript\lib\lib.es2020.promise.d.ts
other_api,node_modules\typescript\lib\lib.es2020.sharedmemory.d.ts
other_api,node_modules\typescript\lib\lib.es2020.string.d.ts
other_api,node_modules\typescript\lib\lib.es2020.symbol.wellknown.d.ts
other_api,node_modules\typescript\lib\lib.es2021.d.ts
other_api,node_modules\typescript\lib\lib.es2021.full.d.ts
other_api,node_modules\typescript\lib\lib.es2021.intl.d.ts
other_api,node_modules\typescript\lib\lib.es2021.promise.d.ts
other_api,node_modules\typescript\lib\lib.es2021.string.d.ts
other_api,node_modules\typescript\lib\lib.es2021.weakref.d.ts
other_api,node_modules\typescript\lib\lib.es2022.array.d.ts
other_api,node_modules\typescript\lib\lib.es2022.d.ts
other_api,node_modules\typescript\lib\lib.es2022.error.d.ts
other_api,node_modules\typescript\lib\lib.es2022.full.d.ts
other_api,node_modules\typescript\lib\lib.es2022.intl.d.ts
other_api,node_modules\typescript\lib\lib.es2022.object.d.ts
other_api,node_modules\typescript\lib\lib.es2022.regexp.d.ts
other_api,node_modules\typescript\lib\lib.es2022.string.d.ts
other_api,node_modules\typescript\lib\lib.es2023.array.d.ts
other_api,node_modules\typescript\lib\lib.es2023.collection.d.ts
other_api,node_modules\typescript\lib\lib.es2023.d.ts
other_api,node_modules\typescript\lib\lib.es2023.full.d.ts
other_api,node_modules\typescript\lib\lib.es2023.intl.d.ts
other_api,node_modules\typescript\lib\lib.es2024.arraybuffer.d.ts
other_api,node_modules\typescript\lib\lib.es2024.collection.d.ts
other_api,node_modules\typescript\lib\lib.es2024.d.ts
other_api,node_modules\typescript\lib\lib.es2024.full.d.ts
other_api,node_modules\typescript\lib\lib.es2024.object.d.ts
other_api,node_modules\typescript\lib\lib.es2024.promise.d.ts
other_api,node_modules\typescript\lib\lib.es2024.regexp.d.ts
other_api,node_modules\typescript\lib\lib.es2024.sharedmemory.d.ts
other_api,node_modules\typescript\lib\lib.es2024.string.d.ts
other_api,node_modules\typescript\lib\lib.es2025.collection.d.ts
other_api,node_modules\typescript\lib\lib.es2025.d.ts
other_api,node_modules\typescript\lib\lib.es2025.float16.d.ts
other_api,node_modules\typescript\lib\lib.es2025.full.d.ts
other_api,node_modules\typescript\lib\lib.es2025.intl.d.ts
other_api,node_modules\typescript\lib\lib.es2025.iterator.d.ts
other_api,node_modules\typescript\lib\lib.es2025.promise.d.ts
other_api,node_modules\typescript\lib\lib.es2025.regexp.d.ts
other_api,node_modules\typescript\lib\lib.es5.d.ts
other_api,node_modules\typescript\lib\lib.es6.d.ts
other_api,node_modules\typescript\lib\lib.esnext.array.d.ts
other_api,node_modules\typescript\lib\lib.esnext.collection.d.ts
other_api,node_modules\typescript\lib\lib.esnext.d.ts
other_api,node_modules\typescript\lib\lib.esnext.date.d.ts
other_api,node_modules\typescript\lib\lib.esnext.decorators.d.ts
other_api,node_modules\typescript\lib\lib.esnext.disposable.d.ts
other_api,node_modules\typescript\lib\lib.esnext.error.d.ts
other_api,node_modules\typescript\lib\lib.esnext.full.d.ts
other_api,node_modules\typescript\lib\lib.esnext.intl.d.ts
other_api,node_modules\typescript\lib\lib.esnext.sharedmemory.d.ts
other_api,node_modules\typescript\lib\lib.esnext.temporal.d.ts
other_api,node_modules\typescript\lib\lib.esnext.typedarrays.d.ts
other_api,node_modules\typescript\lib\lib.scripthost.d.ts
other_api,node_modules\typescript\lib\lib.webworker.asynciterable.d.ts
other_api,node_modules\typescript\lib\lib.webworker.d.ts
other_api,node_modules\typescript\lib\lib.webworker.importscripts.d.ts
other_api,node_modules\typescript\lib\lib.webworker.iterable.d.ts
other_api,node_modules\typescript\lib\tsc.js
other_api,node_modules\typescript\lib\tsserver.js
other_api,node_modules\typescript\lib\tsserverlibrary.d.ts
other_api,node_modules\typescript\lib\tsserverlibrary.js
other_api,node_modules\typescript\lib\typescript.d.ts
other_api,node_modules\typescript\lib\typescript.js
other_api,node_modules\typescript\lib\typingsInstaller.js
other_api,node_modules\typescript\lib\watchGuard.js
other_api,node_modules\typescript\lib\_tsc.js
other_api,node_modules\typescript\lib\_tsserver.js
other_api,node_modules\typescript\lib\_typingsInstaller.js
other_api,node_modules\typescript-eslint\dist\compatibility-types.d.ts
other_api,node_modules\typescript-eslint\dist\compatibility-types.js
other_api,node_modules\typescript-eslint\dist\config-helper.d.ts
other_api,node_modules\typescript-eslint\dist\config-helper.js
other_api,node_modules\typescript-eslint\dist\getTSConfigRootDirFromStack.d.ts
other_api,node_modules\typescript-eslint\dist\getTSConfigRootDirFromStack.js
other_api,node_modules\typescript-eslint\dist\index.d.ts
other_api,node_modules\typescript-eslint\dist\index.js
other_api,node_modules\undici-types\agent.d.ts
other_api,node_modules\undici-types\balanced-pool.d.ts
other_api,node_modules\undici-types\cache-interceptor.d.ts
other_api,node_modules\undici-types\cache.d.ts
other_api,node_modules\undici-types\client-stats.d.ts
other_api,node_modules\undici-types\client.d.ts
other_api,node_modules\undici-types\connector.d.ts
other_api,node_modules\undici-types\content-type.d.ts
other_api,node_modules\undici-types\cookies.d.ts
other_api,node_modules\undici-types\diagnostics-channel.d.ts
other_api,node_modules\undici-types\dispatcher.d.ts
other_api,node_modules\undici-types\env-http-proxy-agent.d.ts
other_api,node_modules\undici-types\errors.d.ts
other_api,node_modules\undici-types\eventsource.d.ts
other_api,node_modules\undici-types\fetch.d.ts
other_api,node_modules\undici-types\formdata.d.ts
other_api,node_modules\undici-types\global-dispatcher.d.ts
other_api,node_modules\undici-types\global-origin.d.ts
other_api,node_modules\undici-types\h2c-client.d.ts
other_api,node_modules\undici-types\handlers.d.ts
other_api,node_modules\undici-types\header.d.ts
other_api,node_modules\undici-types\index.d.ts
other_api,node_modules\undici-types\interceptors.d.ts
other_api,node_modules\undici-types\mock-agent.d.ts
other_api,node_modules\undici-types\mock-call-history.d.ts
other_api,node_modules\undici-types\mock-client.d.ts
other_api,node_modules\undici-types\mock-errors.d.ts
other_api,node_modules\undici-types\mock-interceptor.d.ts
other_api,node_modules\undici-types\mock-pool.d.ts
other_api,node_modules\undici-types\patch.d.ts
other_api,node_modules\undici-types\pool-stats.d.ts
other_api,node_modules\undici-types\pool.d.ts
other_api,node_modules\undici-types\proxy-agent.d.ts
other_api,node_modules\undici-types\readable.d.ts
other_api,node_modules\undici-types\retry-agent.d.ts
other_api,node_modules\undici-types\retry-handler.d.ts
other_api,node_modules\undici-types\round-robin-pool.d.ts
other_api,node_modules\undici-types\snapshot-agent.d.ts
other_api,node_modules\undici-types\util.d.ts
other_api,node_modules\undici-types\utility.d.ts
other_api,node_modules\undici-types\webidl.d.ts
other_api,node_modules\undici-types\websocket.d.ts
other_api,node_modules\until-async\lib\index.d.ts
other_api,node_modules\until-async\lib\index.js
other_api,node_modules\until-async\src\index.ts
other_api,node_modules\until-async\src\until.test-d.ts
other_api,node_modules\until-async\src\until.test.ts
other_api,node_modules\update-browserslist-db\check-npm-version.js
other_api,node_modules\update-browserslist-db\cli.js
other_api,node_modules\update-browserslist-db\index.d.ts
other_api,node_modules\update-browserslist-db\index.js
other_api,node_modules\update-browserslist-db\utils.js
other_api,node_modules\uri-js\dist\es5\uri.all.d.ts
other_api,node_modules\uri-js\dist\es5\uri.all.js
other_api,node_modules\uri-js\dist\es5\uri.all.min.d.ts
other_api,node_modules\uri-js\dist\es5\uri.all.min.js
other_api,node_modules\uri-js\dist\esnext\index.d.ts
other_api,node_modules\uri-js\dist\esnext\index.js
other_api,node_modules\uri-js\dist\esnext\regexps-iri.d.ts
other_api,node_modules\uri-js\dist\esnext\regexps-iri.js
other_api,node_modules\uri-js\dist\esnext\regexps-uri.d.ts
other_api,node_modules\uri-js\dist\esnext\regexps-uri.js
other_api,node_modules\uri-js\dist\esnext\uri.d.ts
other_api,node_modules\uri-js\dist\esnext\uri.js
other_api,node_modules\uri-js\dist\esnext\util.d.ts
other_api,node_modules\uri-js\dist\esnext\util.js
other_api,node_modules\uri-js\dist\esnext\schemes\http.d.ts
other_api,node_modules\uri-js\dist\esnext\schemes\http.js
other_api,node_modules\uri-js\dist\esnext\schemes\https.d.ts
other_api,node_modules\uri-js\dist\esnext\schemes\https.js
other_api,node_modules\uri-js\dist\esnext\schemes\mailto.d.ts
other_api,node_modules\uri-js\dist\esnext\schemes\mailto.js
other_api,node_modules\uri-js\dist\esnext\schemes\urn-uuid.d.ts
other_api,node_modules\uri-js\dist\esnext\schemes\urn-uuid.js
other_api,node_modules\uri-js\dist\esnext\schemes\urn.d.ts
other_api,node_modules\uri-js\dist\esnext\schemes\urn.js
other_api,node_modules\uri-js\dist\esnext\schemes\ws.d.ts
other_api,node_modules\uri-js\dist\esnext\schemes\ws.js
other_api,node_modules\uri-js\dist\esnext\schemes\wss.d.ts
other_api,node_modules\uri-js\dist\esnext\schemes\wss.js
other_api,node_modules\vite\client.d.ts
other_api,node_modules\vite\bin\openChrome.js
other_api,node_modules\vite\bin\vite.js
other_api,node_modules\vite\dist\node\cli.js
other_api,node_modules\vite\dist\node\index.d.ts
other_api,node_modules\vite\dist\node\index.js
other_api,node_modules\vite\dist\node\internal.d.ts
other_api,node_modules\vite\dist\node\internal.js
other_api,node_modules\vite\dist\node\module-runner.d.ts
other_api,node_modules\vite\dist\node\module-runner.js
other_api,node_modules\vite\dist\node\chunks\build.js
other_api,node_modules\vite\dist\node\chunks\dist.js
other_api,node_modules\vite\dist\node\chunks\lib.js
other_api,node_modules\vite\dist\node\chunks\moduleRunnerTransport.d.ts
other_api,node_modules\vite\dist\node\chunks\node.js
other_api,node_modules\vite\dist\node\chunks\postcss-import.js
other_api,node_modules\vite\misc\false.js
other_api,node_modules\vite\misc\true.js
other_api,node_modules\vite\types\customEvent.d.ts
other_api,node_modules\vite\types\hmrPayload.d.ts
other_api,node_modules\vite\types\hot.d.ts
other_api,node_modules\vite\types\import-meta.d.ts
other_api,node_modules\vite\types\importGlob.d.ts
other_api,node_modules\vite\types\importMeta.d.ts
other_api,node_modules\vite\types\metadata.d.ts
other_api,node_modules\vite\types\internal\cssPreprocessorOptions.d.ts
other_api,node_modules\vite\types\internal\esbuildOptions.d.ts
other_api,node_modules\vite\types\internal\lightningcssOptions.d.ts
other_api,node_modules\vite\types\internal\rollupTypeCompat.d.ts
other_api,node_modules\vite\types\internal\terserOptions.d.ts
other_api,node_modules\vite-node\dist\cli.d.ts
other_api,node_modules\vite-node\dist\client.d.ts
other_api,node_modules\vite-node\dist\constants.d.ts
other_api,node_modules\vite-node\dist\hmr.d.ts
other_api,node_modules\vite-node\dist\index.d-DGmxD2U7.d.ts
other_api,node_modules\vite-node\dist\index.d.ts
other_api,node_modules\vite-node\dist\server.d.ts
other_api,node_modules\vite-node\dist\source-map.d.ts
other_api,node_modules\vite-node\dist\trace-mapping.d-DLVdEqOp.d.ts
other_api,node_modules\vite-node\dist\types.d.ts
other_api,node_modules\vite-node\dist\utils.d.ts
other_api,node_modules\vite-node\node_modules\vite\client.d.ts
other_api,node_modules\vite-node\node_modules\vite\bin\openChrome.js
other_api,node_modules\vite-node\node_modules\vite\bin\vite.js
other_api,node_modules\vite-node\node_modules\vite\dist\node\cli.js
other_api,node_modules\vite-node\node_modules\vite\dist\node\index.d.ts
other_api,node_modules\vite-node\node_modules\vite\dist\node\index.js
other_api,node_modules\vite-node\node_modules\vite\dist\node\module-runner.d.ts
other_api,node_modules\vite-node\node_modules\vite\dist\node\module-runner.js
other_api,node_modules\vite-node\node_modules\vite\dist\node\chunks\build.js
other_api,node_modules\vite-node\node_modules\vite\dist\node\chunks\build2.js
other_api,node_modules\vite-node\node_modules\vite\dist\node\chunks\chunk.js
other_api,node_modules\vite-node\node_modules\vite\dist\node\chunks\config.js
other_api,node_modules\vite-node\node_modules\vite\dist\node\chunks\config2.js
other_api,node_modules\vite-node\node_modules\vite\dist\node\chunks\dist.js
other_api,node_modules\vite-node\node_modules\vite\dist\node\chunks\lib.js
other_api,node_modules\vite-node\node_modules\vite\dist\node\chunks\logger.js
other_api,node_modules\vite-node\node_modules\vite\dist\node\chunks\moduleRunnerTransport.d.ts
other_api,node_modules\vite-node\node_modules\vite\dist\node\chunks\optimizer.js
other_api,node_modules\vite-node\node_modules\vite\dist\node\chunks\postcss-import.js
other_api,node_modules\vite-node\node_modules\vite\dist\node\chunks\preview.js
other_api,node_modules\vite-node\node_modules\vite\dist\node\chunks\server.js
other_api,node_modules\vite-node\node_modules\vite\misc\false.js
other_api,node_modules\vite-node\node_modules\vite\misc\true.js
other_api,node_modules\vite-node\node_modules\vite\types\customEvent.d.ts
other_api,node_modules\vite-node\node_modules\vite\types\hmrPayload.d.ts
other_api,node_modules\vite-node\node_modules\vite\types\hot.d.ts
other_api,node_modules\vite-node\node_modules\vite\types\import-meta.d.ts
other_api,node_modules\vite-node\node_modules\vite\types\importGlob.d.ts
other_api,node_modules\vite-node\node_modules\vite\types\importMeta.d.ts
other_api,node_modules\vite-node\node_modules\vite\types\metadata.d.ts
other_api,node_modules\vite-node\node_modules\vite\types\internal\cssPreprocessorOptions.d.ts
other_api,node_modules\vite-node\node_modules\vite\types\internal\lightningcssOptions.d.ts
other_api,node_modules\vite-node\node_modules\vite\types\internal\terserOptions.d.ts
other_api,node_modules\vitest\browser.d.ts
other_api,node_modules\vitest\config.d.ts
other_api,node_modules\vitest\coverage.d.ts
other_api,node_modules\vitest\environments.d.ts
other_api,node_modules\vitest\execute.d.ts
other_api,node_modules\vitest\globals.d.ts
other_api,node_modules\vitest\import-meta.d.ts
other_api,node_modules\vitest\importMeta.d.ts
other_api,node_modules\vitest\jsdom.d.ts
other_api,node_modules\vitest\mocker.d.ts
other_api,node_modules\vitest\node.d.ts
other_api,node_modules\vitest\optional-types.d.ts
other_api,node_modules\vitest\reporters.d.ts
other_api,node_modules\vitest\runners.d.ts
other_api,node_modules\vitest\snapshot.d.ts
other_api,node_modules\vitest\suite.d.ts
other_api,node_modules\vitest\utils.d.ts
other_api,node_modules\vitest\workers.d.ts
other_api,node_modules\vitest\dist\browser.d.ts
other_api,node_modules\vitest\dist\browser.js
other_api,node_modules\vitest\dist\cli.js
other_api,node_modules\vitest\dist\config.d.ts
other_api,node_modules\vitest\dist\config.js
other_api,node_modules\vitest\dist\coverage.d.ts
other_api,node_modules\vitest\dist\coverage.js
other_api,node_modules\vitest\dist\environments.d.ts
other_api,node_modules\vitest\dist\environments.js
other_api,node_modules\vitest\dist\execute.d.ts
other_api,node_modules\vitest\dist\execute.js
other_api,node_modules\vitest\dist\index.d.ts
other_api,node_modules\vitest\dist\index.js
other_api,node_modules\vitest\dist\mocker.d.ts
other_api,node_modules\vitest\dist\mocker.js
other_api,node_modules\vitest\dist\node.d.ts
other_api,node_modules\vitest\dist\node.js
other_api,node_modules\vitest\dist\path.js
other_api,node_modules\vitest\dist\reporters.d.ts
other_api,node_modules\vitest\dist\reporters.js
other_api,node_modules\vitest\dist\runners.d.ts
other_api,node_modules\vitest\dist\runners.js
other_api,node_modules\vitest\dist\snapshot.d.ts
other_api,node_modules\vitest\dist\snapshot.js
other_api,node_modules\vitest\dist\spy.js
other_api,node_modules\vitest\dist\suite.d.ts
other_api,node_modules\vitest\dist\suite.js
other_api,node_modules\vitest\dist\worker.js
other_api,node_modules\vitest\dist\workers.d.ts
other_api,node_modules\vitest\dist\workers.js
other_api,node_modules\vitest\dist\chunks\base.DfmxU-tU.js
other_api,node_modules\vitest\dist\chunks\benchmark.CYdenmiT.js
other_api,node_modules\vitest\dist\chunks\benchmark.d.BwvBVTda.d.ts
other_api,node_modules\vitest\dist\chunks\cac.BfaZ95xE.js
other_api,node_modules\vitest\dist\chunks\config.d.BKdhh7Zx.d.ts
other_api,node_modules\vitest\dist\chunks\console.CtFJOzRO.js
other_api,node_modules\vitest\dist\chunks\constants.DnKduX2e.js
other_api,node_modules\vitest\dist\chunks\coverage.d.S9RMNXIe.d.ts
other_api,node_modules\vitest\dist\chunks\coverage.DfSpMS-b.js
other_api,node_modules\vitest\dist\chunks\coverage.DVF1vEu8.js
other_api,node_modules\vitest\dist\chunks\creator.GK6I-cL4.js
other_api,node_modules\vitest\dist\chunks\date.Bq6ZW5rf.js
other_api,node_modules\vitest\dist\chunks\defaults.B7q_naMc.js
other_api,node_modules\vitest\dist\chunks\env.D4Lgay0q.js
other_api,node_modules\vitest\dist\chunks\environment.d.cL3nLXbE.d.ts
other_api,node_modules\vitest\dist\chunks\execute.B7h3T_Hc.js
other_api,node_modules\vitest\dist\chunks\git.BVQ8w_Sw.js
other_api,node_modules\vitest\dist\chunks\global.d.MAmajcmJ.d.ts
other_api,node_modules\vitest\dist\chunks\globals.DEHgCU4V.js
other_api,node_modules\vitest\dist\chunks\index.B521nVV-.js
other_api,node_modules\vitest\dist\chunks\index.BCWujgDG.js
other_api,node_modules\vitest\dist\chunks\index.CdQS2e2Q.js
other_api,node_modules\vitest\dist\chunks\index.CmSc2RE5.js
other_api,node_modules\vitest\dist\chunks\index.CwejwG0H.js
other_api,node_modules\vitest\dist\chunks\index.D3XRDfWc.js
other_api,node_modules\vitest\dist\chunks\index.VByaPkjc.js
other_api,node_modules\vitest\dist\chunks\index.X0nbfr6-.js
other_api,node_modules\vitest\dist\chunks\inspector.C914Efll.js
other_api,node_modules\vitest\dist\chunks\mocker.d.BE_2ls6u.d.ts
other_api,node_modules\vitest\dist\chunks\node.fjCdwEIl.js
other_api,node_modules\vitest\dist\chunks\reporters.d.BuRON0I0.d.ts
other_api,node_modules\vitest\dist\chunks\rpc.-pEldfrD.js
other_api,node_modules\vitest\dist\chunks\runBaseTests.9Ij9_de-.js
other_api,node_modules\vitest\dist\chunks\setup-common.Dd054P77.js
other_api,node_modules\vitest\dist\chunks\suite.d.FvehnV49.d.ts
other_api,node_modules\vitest\dist\chunks\typechecker.DRKU1-1g.js
other_api,node_modules\vitest\dist\chunks\utils.CAioKnHs.js
other_api,node_modules\vitest\dist\chunks\utils.XdZDrNZV.js
other_api,node_modules\vitest\dist\chunks\vi.bdSIJ99Y.js
other_api,node_modules\vitest\dist\chunks\vite.d.BnOPPc46.d.ts
other_api,node_modules\vitest\dist\chunks\vm.BThCzidc.js
other_api,node_modules\vitest\dist\chunks\worker.d.CUgIPz9V.d.ts
other_api,node_modules\vitest\dist\chunks\worker.d.uzWsCv9X.d.ts
other_api,node_modules\vitest\dist\chunks\_commonjsHelpers.BFTU3MAI.js
other_api,node_modules\vitest\dist\workers\forks.js
other_api,node_modules\vitest\dist\workers\runVmTests.js
other_api,node_modules\vitest\dist\workers\threads.js
other_api,node_modules\vitest\dist\workers\vmForks.js
other_api,node_modules\vitest\dist\workers\vmThreads.js
other_api,node_modules\vitest\node_modules\@vitest\mocker\dist\auto-register.d.ts
other_api,node_modules\vitest\node_modules\@vitest\mocker\dist\auto-register.js
other_api,node_modules\vitest\node_modules\@vitest\mocker\dist\browser.d.ts
other_api,node_modules\vitest\node_modules\@vitest\mocker\dist\browser.js
other_api,node_modules\vitest\node_modules\@vitest\mocker\dist\chunk-interceptor-native.js
other_api,node_modules\vitest\node_modules\@vitest\mocker\dist\chunk-mocker.js
other_api,node_modules\vitest\node_modules\@vitest\mocker\dist\chunk-pathe.M-eThtNZ.js
other_api,node_modules\vitest\node_modules\@vitest\mocker\dist\chunk-registry.js
other_api,node_modules\vitest\node_modules\@vitest\mocker\dist\chunk-utils.js
other_api,node_modules\vitest\node_modules\@vitest\mocker\dist\index.d.ts
other_api,node_modules\vitest\node_modules\@vitest\mocker\dist\index.js
other_api,node_modules\vitest\node_modules\@vitest\mocker\dist\mocker.d-Ce9_ySj5.d.ts
other_api,node_modules\vitest\node_modules\@vitest\mocker\dist\node.d.ts
other_api,node_modules\vitest\node_modules\@vitest\mocker\dist\node.js
other_api,node_modules\vitest\node_modules\@vitest\mocker\dist\redirect.d.ts
other_api,node_modules\vitest\node_modules\@vitest\mocker\dist\redirect.js
other_api,node_modules\vitest\node_modules\@vitest\mocker\dist\register.d.ts
other_api,node_modules\vitest\node_modules\@vitest\mocker\dist\register.js
other_api,node_modules\vitest\node_modules\@vitest\mocker\dist\registry.d-D765pazg.d.ts
other_api,node_modules\vitest\node_modules\@vitest\mocker\dist\types.d-D_aRZRdy.d.ts
other_api,node_modules\vitest\node_modules\vite\client.d.ts
other_api,node_modules\vitest\node_modules\vite\bin\openChrome.js
other_api,node_modules\vitest\node_modules\vite\bin\vite.js
other_api,node_modules\vitest\node_modules\vite\dist\node\cli.js
other_api,node_modules\vitest\node_modules\vite\dist\node\index.d.ts
other_api,node_modules\vitest\node_modules\vite\dist\node\index.js
other_api,node_modules\vitest\node_modules\vite\dist\node\module-runner.d.ts
other_api,node_modules\vitest\node_modules\vite\dist\node\module-runner.js
other_api,node_modules\vitest\node_modules\vite\dist\node\chunks\build.js
other_api,node_modules\vitest\node_modules\vite\dist\node\chunks\build2.js
other_api,node_modules\vitest\node_modules\vite\dist\node\chunks\chunk.js
other_api,node_modules\vitest\node_modules\vite\dist\node\chunks\config.js
other_api,node_modules\vitest\node_modules\vite\dist\node\chunks\config2.js
other_api,node_modules\vitest\node_modules\vite\dist\node\chunks\dist.js
other_api,node_modules\vitest\node_modules\vite\dist\node\chunks\lib.js
other_api,node_modules\vitest\node_modules\vite\dist\node\chunks\logger.js
other_api,node_modules\vitest\node_modules\vite\dist\node\chunks\moduleRunnerTransport.d.ts
other_api,node_modules\vitest\node_modules\vite\dist\node\chunks\optimizer.js
other_api,node_modules\vitest\node_modules\vite\dist\node\chunks\postcss-import.js
other_api,node_modules\vitest\node_modules\vite\dist\node\chunks\preview.js
other_api,node_modules\vitest\node_modules\vite\dist\node\chunks\server.js
other_api,node_modules\vitest\node_modules\vite\misc\false.js
other_api,node_modules\vitest\node_modules\vite\misc\true.js
other_api,node_modules\vitest\node_modules\vite\types\customEvent.d.ts
other_api,node_modules\vitest\node_modules\vite\types\hmrPayload.d.ts
other_api,node_modules\vitest\node_modules\vite\types\hot.d.ts
other_api,node_modules\vitest\node_modules\vite\types\import-meta.d.ts
other_api,node_modules\vitest\node_modules\vite\types\importGlob.d.ts
other_api,node_modules\vitest\node_modules\vite\types\importMeta.d.ts
other_api,node_modules\vitest\node_modules\vite\types\metadata.d.ts
other_api,node_modules\vitest\node_modules\vite\types\internal\cssPreprocessorOptions.d.ts
other_api,node_modules\vitest\node_modules\vite\types\internal\lightningcssOptions.d.ts
other_api,node_modules\vitest\node_modules\vite\types\internal\terserOptions.d.ts
other_api,node_modules\w3c-xmlserializer\lib\attributes.js
other_api,node_modules\w3c-xmlserializer\lib\constants.js
other_api,node_modules\w3c-xmlserializer\lib\serialize.js
other_api,node_modules\webidl-conversions\lib\index.js
other_api,node_modules\whatwg-encoding\lib\whatwg-encoding.js
other_api,node_modules\whatwg-mimetype\lib\mime-type-parameters.js
other_api,node_modules\whatwg-mimetype\lib\mime-type.js
other_api,node_modules\whatwg-mimetype\lib\parser.js
other_api,node_modules\whatwg-mimetype\lib\serializer.js
other_api,node_modules\whatwg-mimetype\lib\utils.js
other_api,node_modules\whatwg-url\index.js
other_api,node_modules\whatwg-url\webidl2js-wrapper.js
other_api,node_modules\whatwg-url\lib\encoding.js
other_api,node_modules\whatwg-url\lib\Function.js
other_api,node_modules\whatwg-url\lib\infra.js
other_api,node_modules\whatwg-url\lib\percent-encoding.js
other_api,node_modules\whatwg-url\lib\URL-impl.js
other_api,node_modules\whatwg-url\lib\url-state-machine.js
other_api,node_modules\whatwg-url\lib\URL.js
other_api,node_modules\whatwg-url\lib\urlencoded.js
other_api,node_modules\whatwg-url\lib\URLSearchParams-impl.js
other_api,node_modules\whatwg-url\lib\URLSearchParams.js
other_api,node_modules\whatwg-url\lib\utils.js
other_api,node_modules\whatwg-url\lib\VoidFunction.js
other_api,node_modules\which\which.js
other_api,node_modules\why-is-node-running\cli.js
other_api,node_modules\why-is-node-running\example.js
other_api,node_modules\why-is-node-running\include.js
other_api,node_modules\why-is-node-running\index.js
other_api,node_modules\word-wrap\index.d.ts
other_api,node_modules\word-wrap\index.js
other_api,node_modules\wrap-ansi\index.js
other_api,node_modules\wrap-ansi\node_modules\ansi-styles\index.d.ts
other_api,node_modules\wrap-ansi\node_modules\ansi-styles\index.js
other_api,node_modules\ws\browser.js
other_api,node_modules\ws\index.js
other_api,node_modules\ws\lib\buffer-util.js
other_api,node_modules\ws\lib\constants.js
other_api,node_modules\ws\lib\event-target.js
other_api,node_modules\ws\lib\extension.js
other_api,node_modules\ws\lib\limiter.js
other_api,node_modules\ws\lib\permessage-deflate.js
other_api,node_modules\ws\lib\receiver.js
other_api,node_modules\ws\lib\sender.js
other_api,node_modules\ws\lib\stream.js
other_api,node_modules\ws\lib\subprotocol.js
other_api,node_modules\ws\lib\validation.js
other_api,node_modules\ws\lib\websocket-server.js
other_api,node_modules\ws\lib\websocket.js
other_api,node_modules\xml-name-validator\lib\xml-name-validator.js
other_api,node_modules\xmlchars\xmlchars.d.ts
other_api,node_modules\xmlchars\xmlchars.js
other_api,node_modules\xmlchars\xml\1.0\ed4.d.ts
other_api,node_modules\xmlchars\xml\1.0\ed4.js
other_api,node_modules\xmlchars\xml\1.0\ed5.d.ts
other_api,node_modules\xmlchars\xml\1.0\ed5.js
other_api,node_modules\xmlchars\xml\1.1\ed2.d.ts
other_api,node_modules\xmlchars\xml\1.1\ed2.js
other_api,node_modules\xmlchars\xmlns\1.0\ed3.d.ts
other_api,node_modules\xmlchars\xmlns\1.0\ed3.js
other_api,node_modules\y18n\build\lib\cjs.js
other_api,node_modules\y18n\build\lib\index.js
other_api,node_modules\y18n\build\lib\platform-shims\node.js
other_api,node_modules\yallist\iterator.js
other_api,node_modules\yallist\yallist.js
other_api,node_modules\yargs\build\lib\argsert.js
other_api,node_modules\yargs\build\lib\command.js
other_api,node_modules\yargs\build\lib\completion-templates.js
other_api,node_modules\yargs\build\lib\completion.js
other_api,node_modules\yargs\build\lib\middleware.js
other_api,node_modules\yargs\build\lib\parse-command.js
other_api,node_modules\yargs\build\lib\usage.js
other_api,node_modules\yargs\build\lib\validation.js
other_api,node_modules\yargs\build\lib\yargs-factory.js
other_api,node_modules\yargs\build\lib\yerror.js
other_api,node_modules\yargs\build\lib\typings\common-types.js
other_api,node_modules\yargs\build\lib\typings\yargs-parser-types.js
other_api,node_modules\yargs\build\lib\utils\apply-extends.js
other_api,node_modules\yargs\build\lib\utils\is-promise.js
other_api,node_modules\yargs\build\lib\utils\levenshtein.js
other_api,node_modules\yargs\build\lib\utils\maybe-async-result.js
other_api,node_modules\yargs\build\lib\utils\obj-filter.js
other_api,node_modules\yargs\build\lib\utils\process-argv.js
other_api,node_modules\yargs\build\lib\utils\set-blocking.js
other_api,node_modules\yargs\build\lib\utils\which-module.js
other_api,node_modules\yargs\helpers\index.js
other_api,node_modules\yargs-parser\browser.js
other_api,node_modules\yargs-parser\build\lib\index.js
other_api,node_modules\yargs-parser\build\lib\string-utils.js
other_api,node_modules\yargs-parser\build\lib\tokenize-arg-string.js
other_api,node_modules\yargs-parser\build\lib\yargs-parser-types.js
other_api,node_modules\yargs-parser\build\lib\yargs-parser.js
other_api,node_modules\yocto-queue\index.d.ts
other_api,node_modules\yocto-queue\index.js
other_api,node_modules\zod\index.d.ts
other_api,node_modules\zod\index.js
other_api,node_modules\zod\locales\index.d.ts
other_api,node_modules\zod\locales\index.js
other_api,node_modules\zod\mini\index.d.ts
other_api,node_modules\zod\mini\index.js
other_api,node_modules\zod\src\index.ts
other_api,node_modules\zod\src\locales\index.ts
other_api,node_modules\zod\src\mini\index.ts
other_api,node_modules\zod\src\v3\errors.ts
other_api,node_modules\zod\src\v3\external.ts
other_api,node_modules\zod\src\v3\index.ts
other_api,node_modules\zod\src\v3\standard-schema.ts
other_api,node_modules\zod\src\v3\types.ts
other_api,node_modules\zod\src\v3\ZodError.ts
other_api,node_modules\zod\src\v3\benchmarks\datetime.ts
other_api,node_modules\zod\src\v3\benchmarks\discriminatedUnion.ts
other_api,node_modules\zod\src\v3\benchmarks\index.ts
other_api,node_modules\zod\src\v3\benchmarks\ipv4.ts
other_api,node_modules\zod\src\v3\benchmarks\object.ts
other_api,node_modules\zod\src\v3\benchmarks\primitives.ts
other_api,node_modules\zod\src\v3\benchmarks\realworld.ts
other_api,node_modules\zod\src\v3\benchmarks\string.ts
other_api,node_modules\zod\src\v3\benchmarks\union.ts
other_api,node_modules\zod\src\v3\helpers\enumUtil.ts
other_api,node_modules\zod\src\v3\helpers\errorUtil.ts
other_api,node_modules\zod\src\v3\helpers\parseUtil.ts
other_api,node_modules\zod\src\v3\helpers\partialUtil.ts
other_api,node_modules\zod\src\v3\helpers\typeAliases.ts
other_api,node_modules\zod\src\v3\helpers\util.ts
other_api,node_modules\zod\src\v3\locales\en.ts
other_api,node_modules\zod\src\v3\tests\all-errors.test.ts
other_api,node_modules\zod\src\v3\tests\anyunknown.test.ts
other_api,node_modules\zod\src\v3\tests\array.test.ts
other_api,node_modules\zod\src\v3\tests\async-parsing.test.ts
other_api,node_modules\zod\src\v3\tests\async-refinements.test.ts
other_api,node_modules\zod\src\v3\tests\base.test.ts
other_api,node_modules\zod\src\v3\tests\bigint.test.ts
other_api,node_modules\zod\src\v3\tests\branded.test.ts
other_api,node_modules\zod\src\v3\tests\catch.test.ts
other_api,node_modules\zod\src\v3\tests\coerce.test.ts
other_api,node_modules\zod\src\v3\tests\complex.test.ts
other_api,node_modules\zod\src\v3\tests\custom.test.ts
other_api,node_modules\zod\src\v3\tests\date.test.ts
other_api,node_modules\zod\src\v3\tests\deepmasking.test.ts
other_api,node_modules\zod\src\v3\tests\default.test.ts
other_api,node_modules\zod\src\v3\tests\description.test.ts
other_api,node_modules\zod\src\v3\tests\discriminated-unions.test.ts
other_api,node_modules\zod\src\v3\tests\enum.test.ts
other_api,node_modules\zod\src\v3\tests\error.test.ts
other_api,node_modules\zod\src\v3\tests\firstparty.test.ts
other_api,node_modules\zod\src\v3\tests\firstpartyschematypes.test.ts
other_api,node_modules\zod\src\v3\tests\function.test.ts
other_api,node_modules\zod\src\v3\tests\generics.test.ts
other_api,node_modules\zod\src\v3\tests\instanceof.test.ts
other_api,node_modules\zod\src\v3\tests\intersection.test.ts
other_api,node_modules\zod\src\v3\tests\language-server.source.ts
other_api,node_modules\zod\src\v3\tests\language-server.test.ts
other_api,node_modules\zod\src\v3\tests\literal.test.ts
other_api,node_modules\zod\src\v3\tests\map.test.ts
other_api,node_modules\zod\src\v3\tests\masking.test.ts
other_api,node_modules\zod\src\v3\tests\mocker.test.ts
other_api,node_modules\zod\src\v3\tests\Mocker.ts
other_api,node_modules\zod\src\v3\tests\nan.test.ts
other_api,node_modules\zod\src\v3\tests\nativeEnum.test.ts
other_api,node_modules\zod\src\v3\tests\nullable.test.ts
other_api,node_modules\zod\src\v3\tests\number.test.ts
other_api,node_modules\zod\src\v3\tests\object-augmentation.test.ts
other_api,node_modules\zod\src\v3\tests\object-in-es5-env.test.ts
other_api,node_modules\zod\src\v3\tests\object.test.ts
other_api,node_modules\zod\src\v3\tests\optional.test.ts
other_api,node_modules\zod\src\v3\tests\parser.test.ts
other_api,node_modules\zod\src\v3\tests\parseUtil.test.ts
other_api,node_modules\zod\src\v3\tests\partials.test.ts
other_api,node_modules\zod\src\v3\tests\pickomit.test.ts
other_api,node_modules\zod\src\v3\tests\pipeline.test.ts
other_api,node_modules\zod\src\v3\tests\preprocess.test.ts
other_api,node_modules\zod\src\v3\tests\primitive.test.ts
other_api,node_modules\zod\src\v3\tests\promise.test.ts
other_api,node_modules\zod\src\v3\tests\readonly.test.ts
other_api,node_modules\zod\src\v3\tests\record.test.ts
other_api,node_modules\zod\src\v3\tests\recursive.test.ts
other_api,node_modules\zod\src\v3\tests\refine.test.ts
other_api,node_modules\zod\src\v3\tests\safeparse.test.ts
other_api,node_modules\zod\src\v3\tests\set.test.ts
other_api,node_modules\zod\src\v3\tests\standard-schema.test.ts
other_api,node_modules\zod\src\v3\tests\string.test.ts
other_api,node_modules\zod\src\v3\tests\transformer.test.ts
other_api,node_modules\zod\src\v3\tests\tuple.test.ts
other_api,node_modules\zod\src\v3\tests\unions.test.ts
other_api,node_modules\zod\src\v3\tests\validations.test.ts
other_api,node_modules\zod\src\v3\tests\void.test.ts
other_api,node_modules\zod\src\v4\index.ts
other_api,node_modules\zod\src\v4\classic\checks.ts
other_api,node_modules\zod\src\v4\classic\coerce.ts
other_api,node_modules\zod\src\v4\classic\compat.ts
other_api,node_modules\zod\src\v4\classic\errors.ts
other_api,node_modules\zod\src\v4\classic\external.ts
other_api,node_modules\zod\src\v4\classic\from-json-schema.ts
other_api,node_modules\zod\src\v4\classic\index.ts
other_api,node_modules\zod\src\v4\classic\iso.ts
other_api,node_modules\zod\src\v4\classic\parse.ts
other_api,node_modules\zod\src\v4\classic\schemas.ts
other_api,node_modules\zod\src\v4\classic\tests\anyunknown.test.ts
other_api,node_modules\zod\src\v4\classic\tests\apply.test.ts
other_api,node_modules\zod\src\v4\classic\tests\array.test.ts
other_api,node_modules\zod\src\v4\classic\tests\assignability.test.ts
other_api,node_modules\zod\src\v4\classic\tests\async-parsing.test.ts
other_api,node_modules\zod\src\v4\classic\tests\async-refinements.test.ts
other_api,node_modules\zod\src\v4\classic\tests\base.test.ts
other_api,node_modules\zod\src\v4\classic\tests\bigint.test.ts
other_api,node_modules\zod\src\v4\classic\tests\brand.test.ts
other_api,node_modules\zod\src\v4\classic\tests\catch.test.ts
other_api,node_modules\zod\src\v4\classic\tests\coalesce.test.ts
other_api,node_modules\zod\src\v4\classic\tests\codec-examples.test.ts
other_api,node_modules\zod\src\v4\classic\tests\codec.test.ts
other_api,node_modules\zod\src\v4\classic\tests\coerce.test.ts
other_api,node_modules\zod\src\v4\classic\tests\continuability.test.ts
other_api,node_modules\zod\src\v4\classic\tests\custom.test.ts
other_api,node_modules\zod\src\v4\classic\tests\date.test.ts
other_api,node_modules\zod\src\v4\classic\tests\datetime.test.ts
other_api,node_modules\zod\src\v4\classic\tests\default.test.ts
other_api,node_modules\zod\src\v4\classic\tests\describe-meta-checks.test.ts
other_api,node_modules\zod\src\v4\classic\tests\description.test.ts
other_api,node_modules\zod\src\v4\classic\tests\detached-methods.test.ts
other_api,node_modules\zod\src\v4\classic\tests\discriminated-unions.test.ts
other_api,node_modules\zod\src\v4\classic\tests\enum.test.ts
other_api,node_modules\zod\src\v4\classic\tests\error-utils.test.ts
other_api,node_modules\zod\src\v4\classic\tests\error.test.ts
other_api,node_modules\zod\src\v4\classic\tests\file.test.ts
other_api,node_modules\zod\src\v4\classic\tests\firstparty.test.ts
other_api,node_modules\zod\src\v4\classic\tests\fix-json-issue.test.ts
other_api,node_modules\zod\src\v4\classic\tests\from-json-schema.test.ts
other_api,node_modules\zod\src\v4\classic\tests\function.test.ts
other_api,node_modules\zod\src\v4\classic\tests\generics.test.ts
other_api,node_modules\zod\src\v4\classic\tests\global-config.test.ts
other_api,node_modules\zod\src\v4\classic\tests\hash.test.ts
other_api,node_modules\zod\src\v4\classic\tests\index.test.ts
other_api,node_modules\zod\src\v4\classic\tests\instanceof.test.ts
other_api,node_modules\zod\src\v4\classic\tests\intersection.test.ts
other_api,node_modules\zod\src\v4\classic\tests\jitless-allows-eval.test.ts
other_api,node_modules\zod\src\v4\classic\tests\json.test.ts
other_api,node_modules\zod\src\v4\classic\tests\lazy.test.ts
other_api,node_modules\zod\src\v4\classic\tests\literal.test.ts
other_api,node_modules\zod\src\v4\classic\tests\locales_ka.test.ts
other_api,node_modules\zod\src\v4\classic\tests\locales_ro.test.ts
other_api,node_modules\zod\src\v4\classic\tests\map.test.ts
other_api,node_modules\zod\src\v4\classic\tests\nan.test.ts
other_api,node_modules\zod\src\v4\classic\tests\nested-refine.test.ts
other_api,node_modules\zod\src\v4\classic\tests\nonoptional.test.ts
other_api,node_modules\zod\src\v4\classic\tests\nullable.test.ts
other_api,node_modules\zod\src\v4\classic\tests\number.test.ts
other_api,node_modules\zod\src\v4\classic\tests\object.test.ts
other_api,node_modules\zod\src\v4\classic\tests\optional.test.ts
other_api,node_modules\zod\src\v4\classic\tests\partial.test.ts
other_api,node_modules\zod\src\v4\classic\tests\pickomit.test.ts
other_api,node_modules\zod\src\v4\classic\tests\pipe.test.ts
other_api,node_modules\zod\src\v4\classic\tests\prefault.test.ts
other_api,node_modules\zod\src\v4\classic\tests\preprocess-types.test.ts
other_api,node_modules\zod\src\v4\classic\tests\preprocess.test.ts
other_api,node_modules\zod\src\v4\classic\tests\primitive.test.ts
other_api,node_modules\zod\src\v4\classic\tests\promise.test.ts
other_api,node_modules\zod\src\v4\classic\tests\prototypes.test.ts
other_api,node_modules\zod\src\v4\classic\tests\readonly.test.ts
other_api,node_modules\zod\src\v4\classic\tests\record.test.ts
other_api,node_modules\zod\src\v4\classic\tests\recursive-types.test.ts
other_api,node_modules\zod\src\v4\classic\tests\refine.test.ts
other_api,node_modules\zod\src\v4\classic\tests\registries.test.ts
other_api,node_modules\zod\src\v4\classic\tests\set.test.ts
other_api,node_modules\zod\src\v4\classic\tests\standard-schema.test.ts
other_api,node_modules\zod\src\v4\classic\tests\string-formats.test.ts
other_api,node_modules\zod\src\v4\classic\tests\string.test.ts
other_api,node_modules\zod\src\v4\classic\tests\stringbool.test.ts
other_api,node_modules\zod\src\v4\classic\tests\template-literal.test.ts
other_api,node_modules\zod\src\v4\classic\tests\to-json-schema-methods.test.ts
other_api,node_modules\zod\src\v4\classic\tests\to-json-schema.test.ts
other_api,node_modules\zod\src\v4\classic\tests\transform.test.ts
other_api,node_modules\zod\src\v4\classic\tests\tuple.test.ts
other_api,node_modules\zod\src\v4\classic\tests\union.test.ts
other_api,node_modules\zod\src\v4\classic\tests\url.test.ts
other_api,node_modules\zod\src\v4\classic\tests\validations.test.ts
other_api,node_modules\zod\src\v4\classic\tests\void.test.ts
other_api,node_modules\zod\src\v4\core\checks.ts
other_api,node_modules\zod\src\v4\core\config.ts
other_api,node_modules\zod\src\v4\core\core.ts
other_api,node_modules\zod\src\v4\core\doc.ts
other_api,node_modules\zod\src\v4\core\errors.ts
other_api,node_modules\zod\src\v4\core\index.ts
other_api,node_modules\zod\src\v4\core\json-schema-generator.ts
other_api,node_modules\zod\src\v4\core\json-schema-processors.ts
other_api,node_modules\zod\src\v4\core\json-schema.ts
other_api,node_modules\zod\src\v4\core\parse.ts
other_api,node_modules\zod\src\v4\core\regexes.ts
other_api,node_modules\zod\src\v4\core\registries.ts
other_api,node_modules\zod\src\v4\core\schemas.ts
other_api,node_modules\zod\src\v4\core\standard-schema.ts
other_api,node_modules\zod\src\v4\core\to-json-schema.ts
other_api,node_modules\zod\src\v4\core\util.ts
other_api,node_modules\zod\src\v4\core\versions.ts
other_api,node_modules\zod\src\v4\core\zsf.ts
other_api,node_modules\zod\src\v4\core\tests\extend.test.ts
other_api,node_modules\zod\src\v4\core\tests\index.test.ts
other_api,node_modules\zod\src\v4\core\tests\record-constructor.test.ts
other_api,node_modules\zod\src\v4\core\tests\recursive-tuples.test.ts
other_api,node_modules\zod\src\v4\core\tests\locales\be.test.ts
other_api,node_modules\zod\src\v4\core\tests\locales\el.test.ts
other_api,node_modules\zod\src\v4\core\tests\locales\en.test.ts
other_api,node_modules\zod\src\v4\core\tests\locales\es.test.ts
other_api,node_modules\zod\src\v4\core\tests\locales\fr.test.ts
other_api,node_modules\zod\src\v4\core\tests\locales\he.test.ts
other_api,node_modules\zod\src\v4\core\tests\locales\hr.test.ts
other_api,node_modules\zod\src\v4\core\tests\locales\nl.test.ts
other_api,node_modules\zod\src\v4\core\tests\locales\ru.test.ts
other_api,node_modules\zod\src\v4\core\tests\locales\tr.test.ts
other_api,node_modules\zod\src\v4\core\tests\locales\uz.test.ts
other_api,node_modules\zod\src\v4\locales\ar.ts
other_api,node_modules\zod\src\v4\locales\az.ts
other_api,node_modules\zod\src\v4\locales\be.ts
other_api,node_modules\zod\src\v4\locales\bg.ts
other_api,node_modules\zod\src\v4\locales\ca.ts
other_api,node_modules\zod\src\v4\locales\cs.ts
other_api,node_modules\zod\src\v4\locales\da.ts
other_api,node_modules\zod\src\v4\locales\de.ts
other_api,node_modules\zod\src\v4\locales\el.ts
other_api,node_modules\zod\src\v4\locales\en.ts
other_api,node_modules\zod\src\v4\locales\eo.ts
other_api,node_modules\zod\src\v4\locales\es.ts
other_api,node_modules\zod\src\v4\locales\fa.ts
other_api,node_modules\zod\src\v4\locales\fi.ts
other_api,node_modules\zod\src\v4\locales\fr-CA.ts
other_api,node_modules\zod\src\v4\locales\fr.ts
other_api,node_modules\zod\src\v4\locales\he.ts
other_api,node_modules\zod\src\v4\locales\hr.ts
other_api,node_modules\zod\src\v4\locales\hu.ts
other_api,node_modules\zod\src\v4\locales\hy.ts
other_api,node_modules\zod\src\v4\locales\id.ts
other_api,node_modules\zod\src\v4\locales\index.ts
other_api,node_modules\zod\src\v4\locales\is.ts
other_api,node_modules\zod\src\v4\locales\it.ts
other_api,node_modules\zod\src\v4\locales\ja.ts
other_api,node_modules\zod\src\v4\locales\ka.ts
other_api,node_modules\zod\src\v4\locales\kh.ts
other_api,node_modules\zod\src\v4\locales\km.ts
other_api,node_modules\zod\src\v4\locales\ko.ts
other_api,node_modules\zod\src\v4\locales\lt.ts
other_api,node_modules\zod\src\v4\locales\mk.ts
other_api,node_modules\zod\src\v4\locales\ms.ts
other_api,node_modules\zod\src\v4\locales\nl.ts
other_api,node_modules\zod\src\v4\locales\no.ts
other_api,node_modules\zod\src\v4\locales\ota.ts
other_api,node_modules\zod\src\v4\locales\pl.ts
other_api,node_modules\zod\src\v4\locales\ps.ts
other_api,node_modules\zod\src\v4\locales\pt.ts
other_api,node_modules\zod\src\v4\locales\ro.ts
other_api,node_modules\zod\src\v4\locales\ru.ts
other_api,node_modules\zod\src\v4\locales\sl.ts
other_api,node_modules\zod\src\v4\locales\sv.ts
other_api,node_modules\zod\src\v4\locales\ta.ts
other_api,node_modules\zod\src\v4\locales\th.ts
other_api,node_modules\zod\src\v4\locales\tr.ts
other_api,node_modules\zod\src\v4\locales\ua.ts
other_api,node_modules\zod\src\v4\locales\uk.ts
other_api,node_modules\zod\src\v4\locales\ur.ts
other_api,node_modules\zod\src\v4\locales\uz.ts
other_api,node_modules\zod\src\v4\locales\vi.ts
other_api,node_modules\zod\src\v4\locales\yo.ts
other_api,node_modules\zod\src\v4\locales\zh-CN.ts
other_api,node_modules\zod\src\v4\locales\zh-TW.ts
other_api,node_modules\zod\src\v4\mini\checks.ts
other_api,node_modules\zod\src\v4\mini\coerce.ts
other_api,node_modules\zod\src\v4\mini\external.ts
other_api,node_modules\zod\src\v4\mini\index.ts
other_api,node_modules\zod\src\v4\mini\iso.ts
other_api,node_modules\zod\src\v4\mini\parse.ts
other_api,node_modules\zod\src\v4\mini\schemas.ts
other_api,node_modules\zod\src\v4\mini\tests\apply.test.ts
other_api,node_modules\zod\src\v4\mini\tests\assignability.test.ts
other_api,node_modules\zod\src\v4\mini\tests\brand.test.ts
other_api,node_modules\zod\src\v4\mini\tests\checks.test.ts
other_api,node_modules\zod\src\v4\mini\tests\codec.test.ts
other_api,node_modules\zod\src\v4\mini\tests\computed.test.ts
other_api,node_modules\zod\src\v4\mini\tests\error.test.ts
other_api,node_modules\zod\src\v4\mini\tests\functions.test.ts
other_api,node_modules\zod\src\v4\mini\tests\index.test.ts
other_api,node_modules\zod\src\v4\mini\tests\number.test.ts
other_api,node_modules\zod\src\v4\mini\tests\object.test.ts
other_api,node_modules\zod\src\v4\mini\tests\prototypes.test.ts
other_api,node_modules\zod\src\v4\mini\tests\recursive-types.test.ts
other_api,node_modules\zod\src\v4\mini\tests\standard-schema.test.ts
other_api,node_modules\zod\src\v4\mini\tests\string.test.ts
other_api,node_modules\zod\src\v4-mini\index.ts
other_api,node_modules\zod\v3\errors.d.ts
other_api,node_modules\zod\v3\errors.js
other_api,node_modules\zod\v3\external.d.ts
other_api,node_modules\zod\v3\external.js
other_api,node_modules\zod\v3\index.d.ts
other_api,node_modules\zod\v3\index.js
other_api,node_modules\zod\v3\standard-schema.d.ts
other_api,node_modules\zod\v3\standard-schema.js
other_api,node_modules\zod\v3\types.d.ts
other_api,node_modules\zod\v3\types.js
other_api,node_modules\zod\v3\ZodError.d.ts
other_api,node_modules\zod\v3\ZodError.js
other_api,node_modules\zod\v3\helpers\enumUtil.d.ts
other_api,node_modules\zod\v3\helpers\enumUtil.js
other_api,node_modules\zod\v3\helpers\errorUtil.d.ts
other_api,node_modules\zod\v3\helpers\errorUtil.js
other_api,node_modules\zod\v3\helpers\parseUtil.d.ts
other_api,node_modules\zod\v3\helpers\parseUtil.js
other_api,node_modules\zod\v3\helpers\partialUtil.d.ts
other_api,node_modules\zod\v3\helpers\partialUtil.js
other_api,node_modules\zod\v3\helpers\typeAliases.d.ts
other_api,node_modules\zod\v3\helpers\typeAliases.js
other_api,node_modules\zod\v3\helpers\util.d.ts
other_api,node_modules\zod\v3\helpers\util.js
other_api,node_modules\zod\v3\locales\en.d.ts
other_api,node_modules\zod\v3\locales\en.js
other_api,node_modules\zod\v4\index.d.ts
other_api,node_modules\zod\v4\index.js
other_api,node_modules\zod\v4\classic\checks.d.ts
other_api,node_modules\zod\v4\classic\checks.js
other_api,node_modules\zod\v4\classic\coerce.d.ts
other_api,node_modules\zod\v4\classic\coerce.js
other_api,node_modules\zod\v4\classic\compat.d.ts
other_api,node_modules\zod\v4\classic\compat.js
other_api,node_modules\zod\v4\classic\errors.d.ts
other_api,node_modules\zod\v4\classic\errors.js
other_api,node_modules\zod\v4\classic\external.d.ts
other_api,node_modules\zod\v4\classic\external.js
other_api,node_modules\zod\v4\classic\from-json-schema.d.ts
other_api,node_modules\zod\v4\classic\from-json-schema.js
other_api,node_modules\zod\v4\classic\index.d.ts
other_api,node_modules\zod\v4\classic\index.js
other_api,node_modules\zod\v4\classic\iso.d.ts
other_api,node_modules\zod\v4\classic\iso.js
other_api,node_modules\zod\v4\classic\parse.d.ts
other_api,node_modules\zod\v4\classic\parse.js
other_api,node_modules\zod\v4\classic\schemas.d.ts
other_api,node_modules\zod\v4\classic\schemas.js
other_api,node_modules\zod\v4\core\checks.d.ts
other_api,node_modules\zod\v4\core\checks.js
other_api,node_modules\zod\v4\core\core.d.ts
other_api,node_modules\zod\v4\core\core.js
other_api,node_modules\zod\v4\core\doc.d.ts
other_api,node_modules\zod\v4\core\doc.js
other_api,node_modules\zod\v4\core\errors.d.ts
other_api,node_modules\zod\v4\core\errors.js
other_api,node_modules\zod\v4\core\index.d.ts
other_api,node_modules\zod\v4\core\index.js
other_api,node_modules\zod\v4\core\json-schema-generator.d.ts
other_api,node_modules\zod\v4\core\json-schema-generator.js
other_api,node_modules\zod\v4\core\json-schema-processors.d.ts
other_api,node_modules\zod\v4\core\json-schema-processors.js
other_api,node_modules\zod\v4\core\json-schema.d.ts
other_api,node_modules\zod\v4\core\json-schema.js
other_api,node_modules\zod\v4\core\parse.d.ts
other_api,node_modules\zod\v4\core\parse.js
other_api,node_modules\zod\v4\core\regexes.d.ts
other_api,node_modules\zod\v4\core\regexes.js
other_api,node_modules\zod\v4\core\registries.d.ts
other_api,node_modules\zod\v4\core\registries.js
other_api,node_modules\zod\v4\core\schemas.d.ts
other_api,node_modules\zod\v4\core\schemas.js
other_api,node_modules\zod\v4\core\standard-schema.d.ts
other_api,node_modules\zod\v4\core\standard-schema.js
other_api,node_modules\zod\v4\core\to-json-schema.d.ts
other_api,node_modules\zod\v4\core\to-json-schema.js
other_api,node_modules\zod\v4\core\util.d.ts
other_api,node_modules\zod\v4\core\util.js
other_api,node_modules\zod\v4\core\versions.d.ts
other_api,node_modules\zod\v4\core\versions.js
other_api,node_modules\zod\v4\locales\ar.d.ts
other_api,node_modules\zod\v4\locales\ar.js
other_api,node_modules\zod\v4\locales\az.d.ts
other_api,node_modules\zod\v4\locales\az.js
other_api,node_modules\zod\v4\locales\be.d.ts
other_api,node_modules\zod\v4\locales\be.js
other_api,node_modules\zod\v4\locales\bg.d.ts
other_api,node_modules\zod\v4\locales\bg.js
other_api,node_modules\zod\v4\locales\ca.d.ts
other_api,node_modules\zod\v4\locales\ca.js
other_api,node_modules\zod\v4\locales\cs.d.ts
other_api,node_modules\zod\v4\locales\cs.js
other_api,node_modules\zod\v4\locales\da.d.ts
other_api,node_modules\zod\v4\locales\da.js
other_api,node_modules\zod\v4\locales\de.d.ts
other_api,node_modules\zod\v4\locales\de.js
other_api,node_modules\zod\v4\locales\el.d.ts
other_api,node_modules\zod\v4\locales\el.js
other_api,node_modules\zod\v4\locales\en.d.ts
other_api,node_modules\zod\v4\locales\en.js
other_api,node_modules\zod\v4\locales\eo.d.ts
other_api,node_modules\zod\v4\locales\eo.js
other_api,node_modules\zod\v4\locales\es.d.ts
other_api,node_modules\zod\v4\locales\es.js
other_api,node_modules\zod\v4\locales\fa.d.ts
other_api,node_modules\zod\v4\locales\fa.js
other_api,node_modules\zod\v4\locales\fi.d.ts
other_api,node_modules\zod\v4\locales\fi.js
other_api,node_modules\zod\v4\locales\fr-CA.d.ts
other_api,node_modules\zod\v4\locales\fr-CA.js
other_api,node_modules\zod\v4\locales\fr.d.ts
other_api,node_modules\zod\v4\locales\fr.js
other_api,node_modules\zod\v4\locales\he.d.ts
other_api,node_modules\zod\v4\locales\he.js
other_api,node_modules\zod\v4\locales\hr.d.ts
other_api,node_modules\zod\v4\locales\hr.js
other_api,node_modules\zod\v4\locales\hu.d.ts
other_api,node_modules\zod\v4\locales\hu.js
other_api,node_modules\zod\v4\locales\hy.d.ts
other_api,node_modules\zod\v4\locales\hy.js
other_api,node_modules\zod\v4\locales\id.d.ts
other_api,node_modules\zod\v4\locales\id.js
other_api,node_modules\zod\v4\locales\index.d.ts
other_api,node_modules\zod\v4\locales\index.js
other_api,node_modules\zod\v4\locales\is.d.ts
other_api,node_modules\zod\v4\locales\is.js
other_api,node_modules\zod\v4\locales\it.d.ts
other_api,node_modules\zod\v4\locales\it.js
other_api,node_modules\zod\v4\locales\ja.d.ts
other_api,node_modules\zod\v4\locales\ja.js
other_api,node_modules\zod\v4\locales\ka.d.ts
other_api,node_modules\zod\v4\locales\ka.js
other_api,node_modules\zod\v4\locales\kh.d.ts
other_api,node_modules\zod\v4\locales\kh.js
other_api,node_modules\zod\v4\locales\km.d.ts
other_api,node_modules\zod\v4\locales\km.js
other_api,node_modules\zod\v4\locales\ko.d.ts
other_api,node_modules\zod\v4\locales\ko.js
other_api,node_modules\zod\v4\locales\lt.d.ts
other_api,node_modules\zod\v4\locales\lt.js
other_api,node_modules\zod\v4\locales\mk.d.ts
other_api,node_modules\zod\v4\locales\mk.js
other_api,node_modules\zod\v4\locales\ms.d.ts
other_api,node_modules\zod\v4\locales\ms.js
other_api,node_modules\zod\v4\locales\nl.d.ts
other_api,node_modules\zod\v4\locales\nl.js
other_api,node_modules\zod\v4\locales\no.d.ts
other_api,node_modules\zod\v4\locales\no.js
other_api,node_modules\zod\v4\locales\ota.d.ts
other_api,node_modules\zod\v4\locales\ota.js
other_api,node_modules\zod\v4\locales\pl.d.ts
other_api,node_modules\zod\v4\locales\pl.js
other_api,node_modules\zod\v4\locales\ps.d.ts
other_api,node_modules\zod\v4\locales\ps.js
other_api,node_modules\zod\v4\locales\pt.d.ts
other_api,node_modules\zod\v4\locales\pt.js
other_api,node_modules\zod\v4\locales\ro.d.ts
other_api,node_modules\zod\v4\locales\ro.js
other_api,node_modules\zod\v4\locales\ru.d.ts
other_api,node_modules\zod\v4\locales\ru.js
other_api,node_modules\zod\v4\locales\sl.d.ts
other_api,node_modules\zod\v4\locales\sl.js
other_api,node_modules\zod\v4\locales\sv.d.ts
other_api,node_modules\zod\v4\locales\sv.js
other_api,node_modules\zod\v4\locales\ta.d.ts
other_api,node_modules\zod\v4\locales\ta.js
other_api,node_modules\zod\v4\locales\th.d.ts
other_api,node_modules\zod\v4\locales\th.js
other_api,node_modules\zod\v4\locales\tr.d.ts
other_api,node_modules\zod\v4\locales\tr.js
other_api,node_modules\zod\v4\locales\ua.d.ts
other_api,node_modules\zod\v4\locales\ua.js
other_api,node_modules\zod\v4\locales\uk.d.ts
other_api,node_modules\zod\v4\locales\uk.js
other_api,node_modules\zod\v4\locales\ur.d.ts
other_api,node_modules\zod\v4\locales\ur.js
other_api,node_modules\zod\v4\locales\uz.d.ts
other_api,node_modules\zod\v4\locales\uz.js
other_api,node_modules\zod\v4\locales\vi.d.ts
other_api,node_modules\zod\v4\locales\vi.js
other_api,node_modules\zod\v4\locales\yo.d.ts
other_api,node_modules\zod\v4\locales\yo.js
other_api,node_modules\zod\v4\locales\zh-CN.d.ts
other_api,node_modules\zod\v4\locales\zh-CN.js
other_api,node_modules\zod\v4\locales\zh-TW.d.ts
other_api,node_modules\zod\v4\locales\zh-TW.js
other_api,node_modules\zod\v4\mini\checks.d.ts
other_api,node_modules\zod\v4\mini\checks.js
other_api,node_modules\zod\v4\mini\coerce.d.ts
other_api,node_modules\zod\v4\mini\coerce.js
other_api,node_modules\zod\v4\mini\external.d.ts
other_api,node_modules\zod\v4\mini\external.js
other_api,node_modules\zod\v4\mini\index.d.ts
other_api,node_modules\zod\v4\mini\index.js
other_api,node_modules\zod\v4\mini\iso.d.ts
other_api,node_modules\zod\v4\mini\iso.js
other_api,node_modules\zod\v4\mini\parse.d.ts
other_api,node_modules\zod\v4\mini\parse.js
other_api,node_modules\zod\v4\mini\schemas.d.ts
other_api,node_modules\zod\v4\mini\schemas.js
other_api,node_modules\zod\v4-mini\index.d.ts
other_api,node_modules\zod\v4-mini\index.js
other_api,node_modules\zod-validation-error\v3\index.d.ts
other_api,node_modules\zod-validation-error\v3\index.js
other_api,node_modules\zod-validation-error\v4\index.d.ts
other_api,node_modules\zod-validation-error\v4\index.js
other_api,src\App.test.tsx
other_api,src\App.tsx
other_api,src\main.tsx
other_api,src\test-setup.ts
other_api,src\test-utils.tsx
other_api,src\vite-env.d.ts
other_api,src\components\ErrorBoundary.tsx
other_api,src\components\ThemeToggle.tsx
other_api,src\components\Breadcrumb\Breadcrumb.tsx
other_api,src\components\Layout\Layout.test.tsx
other_api,src\components\Layout\Layout.tsx
other_api,src\components\LoadingSpinner\LoadingSpinner.tsx
other_api,src\components\MetadataRenderer\MetadataRenderer.test.tsx
other_api,src\components\MetadataRenderer\MetadataRenderer.tsx
other_api,src\components\Navigation\DynamicNavigation.test.tsx
other_api,src\components\Navigation\DynamicNavigation.tsx
other_api,src\components\RoleSwitcher\RoleSwitcher.tsx
other_api,src\components\shared\Accessibility.test.tsx
other_api,src\components\shared\ConfirmDialog.tsx
other_api,src\components\shared\DataTable.tsx
other_api,src\components\shared\EmptyState.tsx
other_api,src\components\shared\ErrorState.tsx
other_api,src\components\shared\index.ts
other_api,src\components\shared\LoadingSkeleton.tsx
other_api,src\components\shared\MetricCard.tsx
other_api,src\components\shared\Modal.tsx
other_api,src\components\shared\Pagination.tsx
other_api,src\components\shared\ProgressBar.tsx
other_api,src\components\shared\SearchBar.tsx
other_api,src\components\shared\StatusBadge.tsx
other_api,src\components\shared\TabBar.tsx
other_api,src\components\shared\Toast.tsx
other_api,src\components\Shell\Shell.test.tsx
other_api,src\components\Shell\Shell.tsx
other_api,src\context\AuthContext.tsx
other_api,src\hooks\useApprovals.ts
other_api,src\hooks\useCalendar.ts
other_api,src\hooks\useDebounce.ts
other_api,src\hooks\useExecution.ts
other_api,src\hooks\useExecutionHistory.ts
other_api,src\hooks\useFeatureFlags.ts
other_api,src\hooks\useHealth.ts
other_api,src\hooks\useMonitoring.ts
other_api,src\hooks\useNotifications.ts
other_api,src\hooks\usePermissions.ts
other_api,src\hooks\useRoles.ts
other_api,src\hooks\useSettings.ts
other_api,src\hooks\useStateMachine.test.ts
other_api,src\hooks\useStateMachine.ts
other_api,src\hooks\useSystems.ts
other_api,src\hooks\useTasks.ts
other_api,src\hooks\useUsers.ts
other_api,src\hooks\useWorkflows.ts
other_api,src\mocks\handlers.ts
other_api,src\mocks\index.ts
other_api,src\routes\PermissionGuard.test.tsx
other_api,src\services\errorHandler.test.ts
other_api,src\services\errorHandler.ts
other_api,src\services\permissionGuard.test.ts
other_api,src\services\permissionGuard.ts
other_api,src\theme\tokens.ts
other_api,src\types\approvals.ts
other_api,src\types\auth.ts
other_api,src\types\calendar.ts
other_api,src\types\execution.ts
other_api,src\types\metadata.ts
other_api,src\types\notifications.ts
other_api,src\types\role.ts
other_api,src\types\settings.ts
other_api,src\types\systems.ts
other_api,src\types\tasks.ts
other_api,src\types\user.ts
other_api,src\types\workflows.ts
other_api,src\utils\filterByPermissions.ts
